Date,Bagasse_Generation,Bagasse_and_Diesel_Generation,Black_Coal_Generation,Coal_Seam_Methane_Generation,Grid_Generation,Kerosene_Generation,Natural_Gas_Generation,Solar_Generation,Solar__Generation,Waste_Coal_Mine_Gas_Generation,Water_Generation,Wind_Generation,RRP,RESDEMAND,weekday,month,year
2019-01-01,0.0,0.0,1671687.73489,9777.427239999999,0.0,0.0,106910.81036,58429.873176,9128.30772,20623.012628,43968.985,32223.88735,72.2859570770202,115674373.0,1,1,2019
2019-01-02,0.0,0.0,1732890.23703,16616.72722,0.0,0.0,164253.57687,60563.927264,8681.22181,21994.243772,44116.0925,23157.9801,82.59995861111112,123473992.0,2,1,2019
2019-01-03,0.0,0.0,1759565.36521,20776.63876,0.0,0.0,140623.19509,60621.53298,8791.61303,22191.593898,44146.07,9750.36004,89.22316253472222,122851746.0,3,1,2019
2019-01-04,0.0,0.0,1761437.80057,76513.61449,0.0,0.0,160314.01217,53621.279434,6751.24068,22490.500135000002,42617.6625,9406.85359,86.21522486111111,122740848.0,4,1,2019
2019-01-05,0.0,0.0,1733227.09721,64082.86128,0.0,0.0,115391.63126,55288.063115,7240.16585,22888.562831,41272.1925,8315.69346,79.56470145833333,118949941.0,5,1,2019
2019-01-06,0.0,0.0,1619712.61274,59983.17893,0.0,0.0,110342.05001,59662.959172,8699.66064,23686.0808,35149.3625,4002.77203,64.94516576388888,118035745.0,6,1,2019
2019-01-07,0.0,0.0,1704310.40422,51515.58227,0.0,0.0,147268.04565000001,57209.017393,5827.36037,23739.394084,35795.065,1214.23597,69.86220760416667,128110015.0,0,1,2019
2019-01-08,0.0,0.0,1743053.93461,11038.07798,0.0,0.0,153091.314,54312.890959000004,4390.03625,24313.819185,32633.4625,1751.67208,78.33226722222223,125989523.0,1,1,2019
2019-01-09,0.0,0.0,1755675.51104,14741.24915,0.0,0.0,157707.27234,45136.387139,3719.39522,25049.537536,35961.345,3693.91768,87.96649718750001,127459182.0,2,1,2019
2019-01-10,0.0,0.0,1737065.56176,8272.44025,0.0,0.0,150447.70814,23735.515341,7505.73524,25077.15006,37926.6075,4992.72801,83.48634809027779,128445442.0,3,1,2019
2019-01-11,0.0,0.0,1734929.27026,9683.075209999999,0.0,0.0,166638.39293,39830.25702,8918.92801,25012.306092,44090.3275,10078.22829,77.9148965625,125588050.0,4,1,2019
2019-01-12,0.0,0.0,1637683.74568,28430.51246,0.0,0.0,116500.86761,58457.640782,9297.25666,26549.924622000002,65276.15201,15345.24418,81.14626434027778,117347131.0,5,1,2019
2019-01-13,0.0,0.0,1687584.80204,5943.17918,0.0,0.0,104271.72258,56520.509097,9320.8869,26160.988144,43209.13,12895.704020000001,65.88305986111111,116969729.0,6,1,2019
2019-01-14,21.8,0.0,1818970.07074,69844.48223,0.0,0.0,204302.40315,45593.267735,9112.68926,25748.431211,38697.48,20026.14487,97.93107722222221,127666090.0,0,1,2019
2019-01-15,3464.200005,0.0,1839455.93065,92825.61782,0.0,0.0,196435.32811,53473.903039,8784.88027,25410.549829,37369.2425,17825.94877,112.34315902777779,128897671.0,1,1,2019
2019-01-16,3654.700006,0.0,1838337.12909,102354.61163,0.0,0.0,222471.88672,63473.157993,9128.4271,26002.605991,41860.424979999996,25367.66687,124.83732666666667,132112249.0,2,1,2019
2019-01-17,2217.600004,0.0,1837425.44445,96075.50319,0.0,0.0,232288.13117,62341.60593,8783.07137,25248.368179999998,43455.37239,24600.728900000002,121.87538777777779,132802622.0,3,1,2019
2019-01-18,0.0,0.0,1800126.45928,71332.80236,0.0,0.0,246630.63233,49200.596479,9209.52888,24754.05616,38283.7075,18041.57951,105.3235053125,132118576.0,4,1,2019
2019-01-19,0.0,0.0,1694040.89002,46525.96597,0.0,0.0,163541.81912,59072.354159,9208.78312,24981.831263,49781.04485,18437.66481,78.28922913194445,125391456.0,5,1,2019
2019-01-20,0.0,0.0,1684750.34256,6841.73392,0.0,0.0,160628.35651,62495.908746,9137.095730000001,25172.193636,43701.2775,24372.57108,70.73380878472223,123760183.0,6,1,2019
2019-01-21,38.1,0.0,1791664.6308,64157.71788,0.0,0.0,236649.15198,59177.873115,9062.15066,25587.337496,44833.60249,22300.34641,100.1108723263889,133688709.0,0,1,2019
2019-01-22,4575.099975,0.0,1821675.31544,80491.47089,0.0,0.0,252218.02829,58438.615942000004,9068.54244,25566.306207999998,48111.63237,20449.07429,123.2199573611111,134553469.0,1,1,2019
2019-01-23,5580.099987,0.0,1818309.07783,72335.83402,0.0,0.0,240168.99166,49543.757508,8620.15545,26329.831237000002,53866.94225,17276.0327,114.95521461805555,137787655.0,2,1,2019
2019-01-24,4969.1999909999995,0.0,1832179.5407,61034.73087,0.0,0.0,251385.86692,54954.01808,8068.45103,23856.906195,43259.975,17843.59523,100.28004971725623,139023745.0,3,1,2019
2019-01-25,5092.199963,0.0,1851444.16156,96122.14112,0.0,0.0,306946.85662,45573.217467,7233.76128,24116.768526,50976.5574,21699.69309,123.89343662396995,137639901.0,4,1,2019
2019-01-26,4791.3000059999995,0.0,1761400.81745,69639.27959,0.0,0.0,220996.14453,36949.360434,9095.86943,24284.42392,41331.67,38873.342,81.07936097222222,127247773.0,5,1,2019
2019-01-27,4015.300017,0.0,1752409.81016,35741.51549,0.0,0.0,246800.43383,30910.373244,9114.10278,23872.737177,40799.3775,28523.74236,78.3366621875,124849512.0,6,1,2019
2019-01-28,4717.699994,0.0,1802851.53649,38273.50127,0.0,0.0,247879.64599000002,17605.894975,8836.59902,24903.318454,51329.27987,2639.41659,108.30551930555555,125120962.0,0,1,2019
2019-01-29,2110.700004,0.0,1873389.84006,103779.34537,0.0,0.0,263083.49702,17694.088871,7049.43929,24987.755401000002,56107.204770000004,6523.93137,123.61329368055556,133296427.0,1,1,2019
2019-01-30,0.0,0.0,1882154.57014,107207.94837,0.0,0.0,253560.65171,12857.526626,8609.21372,24676.230456,46151.43743,4615.51637,118.41862565972222,132969925.0,2,1,2019
2019-01-31,0.0,0.0,1846385.4127500001,76926.62185,0.0,0.0,233119.70855,13282.241693,7004.60555,22710.656324,51589.63232,3150.06877,109.1446195486111,134251855.0,3,1,2019
2019-02-01,61.400000000000006,0.0,1794395.67365,11470.45623,0.0,0.0,187465.16281,20656.423443,8681.4565,24099.498963,44054.4375,3043.07792,82.11290447916666,133980747.0,4,2,2019
2019-02-02,4843.899995,0.0,1730109.58651,0.0,0.0,0.0,159124.71683,18546.997933,6117.81906,25271.169033,44078.3,5134.82888,71.50068666666667,123463474.0,5,2,2019
2019-02-03,5136.299996,0.0,1752209.42476,20711.97952,0.0,0.0,179715.84869,21451.564015,6997.84418,22578.356502000002,43943.24,1830.8173199999999,85.24876996527779,120178179.0,6,2,2019
2019-02-04,4207.799988,0.0,1818162.89877,42803.77211,0.0,0.0,283101.12419,18183.016814,8644.60436,25734.125244,47004.15995,4384.97065,94.11175156249999,130731887.0,0,2,2019
2019-02-05,3880.800015,0.0,1793570.13347,16251.99573,0.0,0.0,258134.41243,24611.8864,8147.98052,25749.669893,44102.915,5587.62553,81.27666635416666,130683747.0,1,2,2019
2019-02-06,2740.4,0.0,1811942.05,31408.57957,0.0,0.0,234234.37021,22666.367604,6110.40812,25225.544006,44132.195,6666.2907,92.10191274305555,130485782.0,2,2,2019
2019-02-07,0.0,0.0,1817835.57058,38026.01332,0.0,0.0,243739.07381,20773.020896,4406.33201,25925.356432,58749.79712,2538.66411,91.31935378472222,130120377.0,3,2,2019
2019-02-08,0.0,0.0,1804297.25994,18157.35743,0.0,456.74735999999996,229502.22599,32449.038565,7088.82932,26128.43142,49575.55238,3024.73114,93.22812107638889,130677159.0,4,2,2019
2019-02-09,3302.500005,0.0,1656120.98061,25097.73415,0.0,0.0,149015.62876,50198.873729,9883.25054,25651.0436,55241.43467,1971.99193,85.52325585322068,125778257.0,5,2,2019
2019-02-10,3552.100043,0.0,1650680.10576,11359.58759,0.0,0.0,168982.84511,54587.555255,9023.40224,25154.537662000002,44796.0975,6838.36311,87.04836243055554,126113034.0,6,2,2019
2019-02-11,0.0,0.0,1690394.26973,45937.47142,0.0,0.0,258855.50127,60309.518488,8320.01368,20085.974524,42744.37248,9559.66808,93.89051479166666,135631731.0,0,2,2019
2019-02-12,0.0,0.0,1724271.30274,71831.61252,0.0,0.0,261411.28691,63403.703467,8599.6317,17372.168743000002,47333.557310000004,7474.06186,88.5553969858877,140911195.0,1,2,2019
2019-02-13,4050.100008,0.0,1730517.3636,72969.02095,0.0,18272.71186,301574.73563999997,64825.997886,8653.34875,17590.09976,54546.774769999996,2608.55135,101.99452724589646,146399352.0,2,2,2019
2019-02-14,5120.200003,0.0,1692495.37195,40158.42205,0.0,0.0,258756.97337999998,57154.852448,9392.21514,16513.143886,44122.7125,2004.19868,93.0695309375,139897665.0,3,2,2019
2019-02-15,4521.100001,0.0,1683581.59156,21726.98273,0.0,0.0,209690.00714,54905.022866,9436.64686,17097.881361,44144.28,6402.6957,87.44904222222222,131592445.0,4,2,2019
2019-02-16,3731.799982,0.0,1630745.2645400001,15937.98209,0.0,0.0,151322.61332,60484.689942,10268.0282,20888.412756,44147.155,9821.85476,75.64689711805555,118929288.0,5,2,2019
2019-02-17,2672.0,0.0,1676080.5052,26578.94307,0.0,0.0,138660.5605,54156.661597,10056.07082,24636.224937,44149.74,1423.48325,79.61522267361111,117336382.0,6,2,2019
2019-02-18,3948.300001,0.0,1717973.77466,44306.93542,0.0,0.0,202018.18961,61263.598921,9881.190980000001,25233.206339,44138.4175,46.71468,90.56221590277778,129317749.0,0,2,2019
2019-02-19,0.0,0.0,1743111.0383900001,63609.02149,0.0,0.0,224316.13145,60906.881819,7149.67378,24646.619284,51288.40489,5535.87852,97.68756659722222,133883347.0,1,2,2019
2019-02-20,3.3,0.0,1724524.23449,58195.60905,0.0,0.0,259615.81693,65579.194944,8682.37025,23433.344111,51293.24242,9151.72819,99.93660392361112,138149620.0,2,2,2019
2019-02-21,4944.800012,0.0,1708583.66435,49100.724239999996,0.0,0.0,287167.72054999997,64648.7924,8584.38888,23137.449795,51795.80485,9892.97199,93.21265475694445,141068356.0,3,2,2019
2019-02-22,3325.100014,0.0,1626298.30323,11518.77679,0.0,0.0,259295.87675,60879.306877,9076.2031,23357.787087,44167.635,3856.60957,79.1123196875,132790254.0,4,2,2019
2019-02-23,4260.599988,0.0,1666207.9734,6213.37399,0.0,0.0,109693.58229,50936.883249,9915.58808,24565.175315,44127.965,10806.48128,65.27762107638888,118319269.0,5,2,2019
2019-02-24,718.4,0.0,1668399.31112,5169.87738,0.0,0.0,113700.26722000001,48636.674819,9565.69355,24359.099972,48696.40489,22559.50951,49.050069725927756,114881807.0,6,2,2019
2019-02-25,0.0,0.0,1743023.4896799999,8060.54644,0.0,0.0,143934.10079,62190.774363,7589.38202,24427.625043,44156.9275,29579.75652,67.26595208333333,123530218.0,0,2,2019
2019-02-26,0.0,0.0,1702810.74064,6680.195110000001,0.0,0.0,143970.16639,63288.663237,9376.77441,24546.225113,50855.86485,33879.08513,78.64732190972222,123276603.0,1,2,2019
2019-02-27,0.0,0.0,1718529.59999,0.0,0.0,0.0,144682.45894,55834.903195,8466.99696,25069.424837,44137.4325,23398.0171,73.204023125,123476925.0,2,2,2019
2019-02-28,3966.700009,0.0,1721627.97997,8022.93124,0.0,0.0,200652.11965,60053.266833,7211.87121,25941.018582,45082.99249,24180.33862,75.73286722222223,122856476.0,3,2,2019
2019-03-01,5416.599981,0.0,1746142.48833,7463.92027,0.0,0.0,260920.41133,50609.213171999996,6367.47368,25336.693084,46166.12247,20865.90111,73.6901001388889,121721698.0,4,3,2019
2019-03-02,4897.199985,0.0,1686861.42629,0.0,0.0,0.0,160358.99011,58105.795638999996,5178.36553,24739.980687,44180.485,22290.7003,58.41091336805555,114072861.0,5,3,2019
2019-03-03,3785.300026,0.0,1699182.57222,29610.68763,0.0,0.0,126776.96378,55753.956138,7876.81195,25809.863089,44163.085,23942.35801,64.40368309027778,113509612.0,6,3,2019
2019-03-04,454.40000000000003,0.0,1767707.94375,60699.50746,0.0,0.0,215516.73202,47623.045234,9307.939690000001,25151.655657,48011.98491,23616.9248,80.11157899305556,124272696.0,0,3,2019
2019-03-05,1708.2,0.0,1746256.11239,61966.65994,0.0,0.0,281071.33672,55425.655997,7456.63546,25622.618422,45495.41743,13511.21334,75.73323753472222,126152582.0,1,3,2019
2019-03-06,1033.2,0.0,1767361.81714,46281.71509,0.0,0.0,306420.47142,32501.920024,9143.30785,24633.381518,47814.68734,2749.3676,84.02977656999025,129483569.0,2,3,2019
2019-03-07,38.3,0.0,1782605.31959,13901.848100000001,0.0,0.0,251920.65131000002,51367.540235,8556.40628,24134.818875,45592.81992,15196.62409,81.57459614583333,129986863.0,3,3,2019
2019-03-08,3612.100002,0.0,1797978.43573,28900.7185,0.0,0.0,240674.82786,38484.355792,7963.03628,19870.081149999998,46484.03743,14535.65774,82.61833871527777,126302373.0,4,3,2019
2019-03-09,3042.300003,0.0,1729593.3520499999,13073.6789,0.0,0.0,219458.45879,47947.857903,9922.84635,14445.262602,41959.0575,18842.11311,72.87788538194444,118160327.0,5,3,2019
2019-03-10,2578.4,0.0,1648359.82358,17472.43991,0.0,0.0,215336.61367,71223.517857,7315.38268,14353.049987,48583.35739,14379.828730000001,70.37997079044118,119765760.0,6,3,2019
2019-03-11,688.6,0.0,1689674.86488,81472.02682,0.0,0.0,312992.58207,71253.63756,7528.55473,20749.806344,41877.8425,11087.54258,84.27701760416666,137115990.0,0,3,2019
2019-03-12,0.0,0.0,1632408.84253,80525.72059,0.0,0.0,352678.63361,68098.91639,8065.57357,23314.30619,55404.40973,1781.72229,79.9026745486111,139535441.0,1,3,2019
2019-03-13,0.0,0.0,1663920.12935,58640.621250000004,0.0,0.0,337367.42667,72347.935781,9085.26312,20696.850069,39774.56,6170.42545,81.65236381944445,135881657.0,2,3,2019
2019-03-14,0.0,0.0,1723342.90789,63492.05161,0.0,0.0,311091.79903,65866.906363,6656.72143,22006.825413,39785.94992,3685.68196,94.75842236111112,132303568.0,3,3,2019
2019-03-15,0.0,0.0,1704675.4285900001,52929.41255,0.0,0.0,298764.09005,68391.47109,6494.32843,24535.681775,47839.82225,4117.16638,88.75994600694445,130435087.0,4,3,2019
2019-03-16,0.0,0.0,1668776.23869,3950.1986500000003,0.0,0.0,144780.37959,58513.133333,6481.1218,25374.337187,39293.765,3450.34045,72.14597027777778,118538885.0,5,3,2019
2019-03-17,0.0,0.0,1648845.62024,12641.250220000002,0.0,0.0,161156.48481,51152.460988000006,5647.44198,25142.437309,38203.395000000004,8706.31019,77.0016110763889,116242819.0,6,3,2019
2019-03-18,0.0,0.0,1608085.77865,14720.11599,0.0,0.0,186755.49903,60272.970217,6586.6171699999995,25541.581212,49123.56728,22872.07323,76.15244076388889,127063999.0,0,3,2019
2019-03-19,0.0,0.0,1636720.85094,34757.24195,0.0,0.0,196096.89653,41596.35894,9658.94984,25160.28772,65640.46712,27211.25789,94.08839725694445,127533420.0,1,3,2019
2019-03-20,0.0,0.0,1744709.98569,30867.20259,0.0,0.0,211696.55419,56850.985149,6383.10585,24616.625501,51460.97228,26154.27985,89.53084586805556,129260923.0,2,3,2019
2019-03-21,0.0,0.0,1738129.65499,44040.56461,0.0,0.0,221438.85178,38810.578222000004,8472.20811,22697.637512,58520.90715,29345.16936,106.9669917361111,128684079.0,3,3,2019
2019-03-22,0.0,0.0,1776385.73304,36084.97513,0.0,0.0,260603.27391,38293.364549,8869.97958,25346.350359,45648.28744,27434.36695,97.7464065625,127134560.0,4,3,2019
2019-03-23,0.0,0.0,1813243.11875,30665.09554,0.0,0.0,159673.20026,43731.513962000005,9144.56271,26192.299977,44877.694989999996,18926.8414,86.8340003125,121062442.0,5,3,2019
2019-03-24,0.0,0.0,1832073.32761,17165.32468,0.0,0.0,167486.12311000002,47172.330379,8738.59329,24945.78123,49828.45986,12565.52377,93.35829622584542,122968870.0,6,3,2019
2019-03-25,0.0,0.0,1777953.6421100001,25645.49712,0.0,0.0,237162.93620999999,61101.251442,7561.2261499999995,26362.756586,53965.48477,5598.98542,83.46428786725427,134635699.0,0,3,2019
2019-03-26,0.0,0.0,1817238.09888,10962.40049,0.0,0.0,230786.48167,61283.273248,3194.97278,25915.29999,44557.49745,4452.9357199999995,86.00101343749999,132954832.0,1,3,2019
2019-03-27,0.0,0.0,1806802.4964,4379.8002400000005,0.0,0.0,259973.4565,29828.390027,1532.66628,25230.068771,44168.6075,1289.3593799999999,83.3605821875,124916447.0,2,3,2019
2019-03-28,3144.7000040000003,0.0,1777952.11026,1032.00004,0.0,0.0,274388.35359,26229.607403,5617.94219,24189.224969,43706.7575,731.16896,75.13358586805556,123206219.0,3,3,2019
2019-03-29,3803.199999,0.0,1803254.61308,14494.40059,0.0,0.0,225587.81816,29106.408285999998,2713.93861,25324.499909,43802.4825,1103.7636,73.20578989583333,125352831.0,4,3,2019
2019-03-30,4307.100012,0.0,1674327.34353,5711.2239,0.0,0.0,90307.66922,35481.947209,3663.67209,25566.106211000002,40002.092430000004,1109.46733,79.37679354064542,120946910.0,5,3,2019
2019-03-31,4608.400027,0.0,1657556.49784,6925.27163,0.0,0.0,82103.47404,57205.545102,10544.09136,25092.100185,46087.14495,8713.61411,56.86552402377137,110968739.0,6,3,2019
2019-04-01,4458.500014,0.0,1815163.52761,15781.34636,0.0,0.0,82089.98254,53251.409459999995,9219.27515,23752.631286,45555.46746,15061.83235,83.14252565972221,119751749.0,0,4,2019
2019-04-02,3714.9,0.0,1809167.83627,4422.58908,0.0,0.0,81474.32846,53670.828607,8373.90268,24497.825145,47959.55242,24630.97539,78.20596704861111,120474981.0,1,4,2019
2019-04-03,3816.800011,0.0,1771146.49984,0.0,0.0,0.0,111207.19112,63008.127936,9296.208849999999,26279.618699,48023.47742,39798.890550000004,71.15037298611111,121195543.0,2,4,2019
2019-04-04,3242.1,0.0,1818700.00323,6552.53504,0.0,0.0,79031.82911,68217.142888,7309.7742,24792.281107,44060.53493,35761.28712,73.37293572916667,121001310.0,3,4,2019
2019-04-05,2786.5,0.0,1790733.83885,0.0,0.0,0.0,76427.21355,62661.577151,9625.824990000001,24134.412302,44015.21,32364.54808,70.54188701388888,119163854.0,4,4,2019
2019-04-06,0.0,0.0,1615364.48204,15570.97575,0.0,0.0,74576.79072,70953.77897099999,8101.428150000001,25119.425271,52370.19476,34047.4328,72.79041055555555,111100360.0,5,4,2019
2019-04-07,0.0,0.0,1596957.1193,29157.41029,0.0,4289.79516,73100.7095,68145.065118,8845.96207,26959.768777,56178.512180000005,35776.88063,66.64519486111111,109410360.0,6,4,2019
2019-04-08,0.0,0.0,1628787.56726,60248.25496,0.0,10076.800360000001,83811.32224,67473.719787,8732.36454,26651.387387,46803.91743,32549.77115,92.148740625,118663337.0,0,4,2019
2019-04-09,0.0,0.0,1715252.67714,37756.10621,0.0,3536.3401300000005,109199.11299,68518.946052,8638.98065,26657.181685,45330.12496,18288.47204,80.6003936111111,119944073.0,1,4,2019
2019-04-10,3.0,0.0,1721717.71716,27575.49526,0.0,2499.56172,106711.21972000001,76160.024138,9730.75254,25976.037557,43995.69,17934.95356,67.05748704861111,119369208.0,2,4,2019
2019-04-11,4163.7,0.0,1694712.0136,48907.03877,0.0,0.0,77646.04548,67420.687597,8299.81136,24020.95647,45512.09995,40845.93054,67.09782868055555,117255230.0,3,4,2019
2019-04-12,4416.200002,0.0,1760730.44413,33704.52123,0.0,0.0,86434.56906000001,71923.658425,9069.41064,25278.737563,46410.61996,24808.0947,83.24605753472223,115760427.0,4,4,2019
2019-04-13,4637.00002,0.0,1707340.52727,0.0,0.0,0.0,78702.15430000001,75467.14497,8529.79998,23857.968931,44039.8175,28192.54585,64.12068777777777,107992630.0,5,4,2019
2019-04-14,3221.8,0.0,1697852.57675,5376.53431,0.0,0.0,75488.37702,71197.509478,1554.61645,25841.625055,45874.33495,28508.70475,65.26537645833334,106609583.0,6,4,2019
2019-04-15,4391.100009,0.0,1777318.33017,10775.97796,0.0,0.0,88941.8577,74195.442913,8.164,26476.937597,48126.919930000004,21622.63349,82.00158461805556,115378191.0,0,4,2019
2019-04-16,4395.000013,0.0,1751761.09781,11705.39071,0.0,0.0,88606.08,70392.474534,6192.65789,26974.01206,48118.16238,15701.03155,79.02280544730392,115832319.0,1,4,2019
2019-04-17,2607.5,0.0,1750294.43482,10150.05525,0.0,0.0,87689.40897,71224.146589,7364.10624,26179.168615,51225.26733,26018.86378,76.46892624269006,116017528.0,2,4,2019
2019-04-18,3321.5,0.0,1711898.97779,9628.30916,0.0,0.0,102169.94064,67975.570266,8711.905639999999,25875.930444999998,47853.0974,25364.02483,69.39729239583333,115884725.0,3,4,2019
2019-04-19,3103.8,0.0,1650823.03219,0.0,0.0,0.0,69221.85736,68158.772605,7457.9493999999995,25419.936785,47933.04242,21837.268,54.155513217933,105164375.0,4,4,2019
2019-04-20,3414.5,0.0,1624386.76425,0.0,0.0,0.0,57483.77403,76593.600497,7202.45597,25912.774821,46697.71244,23413.66326,53.70362921875,107395848.0,5,4,2019
2019-04-21,2898.5,0.0,1632734.42175,0.0,0.0,0.0,52825.32469,62442.647248,7184.122740000001,26464.899822,47990.57737,33008.27148,51.209392847222226,105880823.0,6,4,2019
2019-04-22,2082.3,0.0,1675266.52586,3595.60012,0.0,0.0,77157.29569,60360.992615,5031.17336,27005.537455,44029.865,19714.83551,56.793043919604706,109764883.0,0,4,2019
2019-04-23,1448.6,0.0,1782856.28879,4473.9511999999995,0.0,0.0,93232.94685000001,38133.521189,4240.45913,26649.768666,44163.7325,16066.46059,68.74735152777778,118881178.0,1,4,2019
2019-04-24,0.0,0.0,1739187.68032,4245.55089,0.0,0.0,96297.53055,35401.568502,3656.85641,26401.593867,45034.13243,6454.74581,61.154186215277775,117841030.0,2,4,2019
2019-04-25,0.0,0.0,1573915.7276,0.0,0.0,0.0,80737.52454000001,49667.807667,7905.57226,27071.331027,44444.28244,3808.84725,52.99961982638889,108403557.0,3,4,2019
2019-04-26,0.0,0.0,1603090.20384,3314.34602,0.0,0.0,96730.01665,54559.436247,6491.7633,27078.4258,41658.215,10632.91702,53.60646534813596,116021513.0,4,4,2019
2019-04-27,3602.000003,0.0,1545104.05292,0.0,0.0,0.0,92994.65385,61534.421196,9319.73909,26485.130892,41576.365,26469.56136,56.98565197916667,108428062.0,5,4,2019
2019-04-28,4131.900011,0.0,1541330.83914,4668.1200499999995,0.0,653.43733,84349.58484,61035.684249,9365.04531,24861.231078,43955.91495,32095.93027,58.18350038194444,106174177.0,6,4,2019
2019-04-29,2200.900006,0.0,1586124.48292,2616.71773,0.0,0.0,112361.49384,69641.544745,9258.86975,26410.493115,42182.4475,31256.12555,66.05680996527778,115754390.0,0,4,2019
2019-04-30,0.0,0.0,1673692.97056,11927.97277,0.0,0.0,70047.09601,37419.561132,5578.83826,26546.68098,41062.6375,23142.05113,74.81904349084024,116197020.0,1,4,2019
2019-05-01,0.0,0.0,1653866.81605,13548.42444,0.0,0.0,103153.00216,60049.850510000004,3833.92456,26345.849863,43451.62242,14696.03415,73.37518849492521,117485269.0,2,5,2019
2019-05-02,0.0,0.0,1654782.81266,11590.0795,0.0,0.0,117332.40644,44764.482049,5742.59394,26231.405899,44951.94241,12994.55604,78.75910617379965,118260266.0,3,5,2019
2019-05-03,230.900001,0.0,1658561.9716699999,6201.601,0.0,0.0,136149.83593,54217.355363,7057.02225,27704.781944000002,39691.6075,21229.39403,76.04779659722222,117716305.0,4,5,2019
2019-05-04,0.0,0.0,1537887.1773,10881.0302,0.0,0.0,94651.76278,42907.899565,1688.39841,26976.493835,42422.39742,17112.87459,74.85108138888889,110497607.0,5,5,2019
2019-05-05,0.0,0.0,1456271.64459,9412.779700000001,0.0,0.0,85714.08327,76261.003916,9718.15376,26877.000171,39752.9425,20833.80836,65.14480725694445,104785929.0,6,5,2019
2019-05-06,0.0,0.0,1515995.35286,9760.517820000001,0.0,0.0,100038.36192,85442.56193,9647.0079,27965.269523,42266.74984,12414.96279,58.58158447916667,104846110.0,0,5,2019
2019-05-07,3218.800002,0.0,1534317.34067,7349.07056,0.0,0.0,163674.21936000002,82814.747928,9465.38026,27172.669467,41437.16746,6867.33177,65.40497402777778,113649307.0,1,5,2019
2019-05-08,0.0,0.0,1500359.56647,14905.44592,0.0,0.0,181194.94795,76393.357255,9497.47582,26841.48157,35870.465,11235.26885,77.4308896875,114172966.0,2,5,2019
2019-05-09,0.0,0.0,1463875.90365,27960.13754,0.0,5745.72964,241061.89405,57929.270536,9460.09318,26589.156054,45840.39744,6752.16071,87.57884746527778,114419794.0,3,5,2019
2019-05-10,0.0,0.0,1581519.44217,13602.1304,0.0,3897.0951800000003,183772.20004,45445.038308999996,7121.41141,26116.724425,44922.24992,10557.20414,80.27499118055555,115659245.0,4,5,2019
2019-05-11,0.0,0.0,1543430.73097,7043.90661,0.0,0.0,79760.21374,81430.414174,9747.13985,26603.980432,42000.2025,24001.42853,60.153676805555556,106150064.0,5,5,2019
2019-05-12,0.0,0.0,1557121.04098,6598.47897,0.0,0.0,75512.16322,82868.54317,7474.27325,27131.768514,41595.5525,19536.58373,65.57702048611111,105321733.0,6,5,2019
2019-05-13,3743.200003,0.0,1606081.98284,21897.5056,0.0,2884.0011799999997,92934.61686000001,57570.020577,4809.4154100000005,27043.63165,42208.50249,31008.19559,73.04768927083333,116392752.0,0,5,2019
2019-05-14,0.0,0.0,1645566.73541,20601.64624,0.0,3301.22201,96369.34159,32517.51472,5217.02005,27964.518859,45579.26487,27566.85424,80.01912131944444,117034105.0,1,5,2019
2019-05-15,101.400001,0.0,1682887.94196,21379.01594,0.0,2041.71675,96814.11061,31282.737648,4444.78217,24861.743825,48345.17733,38164.02541,87.25741090277778,117022159.0,2,5,2019
2019-05-16,1497.200002,0.0,1754470.9184400002,8692.08691,0.0,0.0,91364.76497,36375.877201,6821.60217,27164.812786000002,51964.93483,29713.02811,79.44886159722222,116257416.0,3,5,2019
2019-05-17,0.0,0.0,1761149.48188,13016.17646,0.0,2546.58262,101339.52001000001,45471.36574,7977.49988,26177.193529,43203.17748,28647.6339,77.96465840277777,115380246.0,4,5,2019
2019-05-18,0.0,0.0,1669453.17563,4304.75836,0.0,0.0,80013.32602000001,63312.876673,7427.39182,27303.494456,46596.08242,37014.23518,66.15768659722222,108416772.0,5,5,2019
2019-05-19,0.0,0.0,1642751.80622,2747.38894,0.0,0.0,84753.9836,67116.06298,7719.245800000001,26944.369407,43579.8975,32459.52416,56.64195289404223,107569744.0,6,5,2019
2019-05-20,0.0,0.0,1744235.86903,14874.269409999999,0.0,0.0,129096.75938,60441.322648,6771.77753,27274.649809,44681.98246,26380.41505,69.02455909722222,116917908.0,0,5,2019
2019-05-21,0.0,0.0,1730889.2405700001,18161.348879999998,0.0,0.0,83217.1676,54138.379557,6542.11682,26585.280987000002,45152.15245,17694.38147,66.42186496527778,115496692.0,1,5,2019
2019-05-22,0.0,0.0,1757631.95459,20307.363530000002,0.0,0.0,88681.25832,62281.698715,7629.26555,27317.249243,47328.96241,26563.174489999998,79.8886370138889,115733985.0,2,5,2019
2019-05-23,0.0,0.0,1755314.3453,23424.64932,0.0,0.0,80006.03155,58668.832092,8112.8906799999995,27127.517827,44287.97492,30165.88086,73.0851860763889,116069394.0,3,5,2019
2019-05-24,0.0,0.0,1741920.95955,9931.63764,0.0,0.0,77093.34327,62579.212531,7621.66297,27539.337231999998,44135.7675,40149.606329999995,72.9991540625,114959109.0,4,5,2019
2019-05-25,0.0,0.0,1600642.99695,13066.77886,0.0,0.0,75172.74044000001,38703.747079,5598.4239,27787.031239,43984.1825,17427.78466,65.03128809027778,107875158.0,5,5,2019
2019-05-26,0.0,0.0,1538948.08873,9274.88751,0.0,2937.80084,77032.63815,48989.930566,7155.55406,27711.131642,38090.77747,4662.03699,62.38190577205882,106905688.0,6,5,2019
2019-05-27,0.0,0.0,1608121.92051,26638.183269999998,0.0,5726.28065,141979.41058,40437.421688,8429.89448,27539.631339,42184.4975,9026.35167,72.76614100560897,115068043.0,0,5,2019
2019-05-28,0.0,0.0,1561114.70475,30474.462919999998,0.0,0.0,146093.67536,58902.84848,16.49472,27426.643645,41597.1225,16702.48809,70.40111631944444,114630960.0,1,5,2019
2019-05-29,0.0,0.0,1605866.04906,30097.16989,0.0,0.0,141015.10624,57308.634907,0.0,27201.399835,41985.96245,14089.19197,73.64052697916667,115383004.0,2,5,2019
2019-05-30,0.0,0.0,1649279.47077,20566.42252,0.0,0.0,169521.44014,39547.238564,0.0,27349.893455,43524.74497,12920.51018,79.27063298611111,116999731.0,3,5,2019
2019-05-31,0.0,0.0,1650219.21308,36956.090149999996,0.0,0.0,178302.99685,22394.143994000002,0.0,26300.068783,42391.69249,22710.05392,86.05079965277777,117894656.0,4,5,2019
2019-06-01,0.0,0.0,1625618.90813,32778.58325,0.0,0.0,87968.59139,35397.667614,0.0,27421.756515,49174.05987,17448.12521,100.20025666666668,110611611.0,5,6,2019
2019-06-02,0.0,0.0,1649407.88704,22491.692610000002,0.0,0.0,81580.66864,36258.721445,0.0,27345.049775,43184.71248,18801.21247,95.99226829861111,109486832.0,6,6,2019
2019-06-03,0.0,0.0,1627311.87038,57861.623849999996,0.0,8229.13589,110204.55216,46000.482449,0.0,26970.16813,41572.4175,15965.67953,107.49518753472222,116886581.0,0,6,2019
2019-06-04,0.0,0.0,1616749.48017,72952.24377,0.0,11490.85497,159110.2628,53417.232492,0.0,26930.262093,58660.31725,15090.505369999999,159.36409034722223,120044716.0,1,6,2019
2019-06-05,0.0,0.0,1735570.32776,65387.7071,0.0,1804.08886,150112.77427,43067.532239,0.0,25046.143699,46047.25244,11017.63951,139.39659451388889,119216444.0,2,6,2019
2019-06-06,0.0,0.0,1677581.75301,74610.28386000001,0.0,0.0,207495.95937,35652.028935,0.0,27597.843568,45950.50237,34266.30769,135.45708934027778,118552579.0,3,6,2019
2019-06-07,0.0,0.0,1676802.62699,88167.25036,0.0,2635.70766,199766.32957,19759.194532,0.0,26191.544171,42644.022320000004,33369.64508,123.86181868055554,117624656.0,4,6,2019
2019-06-08,0.0,0.0,1612734.14114,52122.65526,0.0,0.0,214846.67866,29932.443232,0.0,27959.505902,52992.58984,35618.72587,107.45188184027778,112365777.0,5,6,2019
2019-06-09,0.0,0.0,1546979.47283,10555.93893,0.0,0.0,162446.85751,43446.911679000004,5928.811,27777.855628999998,41830.847499999996,32794.691530000004,66.92027423281603,109036411.0,6,6,2019
2019-06-10,0.0,0.0,1553162.0451,13859.96027,0.0,0.0,165259.41113,50074.350772,6478.27052,28013.212078,42474.2175,28262.86689,67.39059602065059,117587609.0,0,6,2019
2019-06-11,0.0,0.0,1587690.42842,17222.55903,0.0,0.0,172592.11934,61103.141221,7952.0687800000005,27925.162664,37597.335,27914.99077,72.49320149305555,116778656.0,1,6,2019
2019-06-12,0.0,0.0,1585907.9013,16433.48366,0.0,0.0,220688.74828,50169.702642,7029.31055,27963.812163000002,37722.685,14148.19496,76.78838809027778,117740718.0,2,6,2019
2019-06-13,0.0,0.0,1588370.5256,15436.12261,0.0,0.0,224612.47591,50074.84424,5101.38007,27358.081044,41266.4225,11115.64671,67.22806493055556,117356245.0,3,6,2019
2019-06-14,0.0,0.0,1621674.61561,26598.52652,0.0,0.0,179726.60694,64121.637006,5699.28676,27780.106156,42163.502440000004,7677.70595,71.78488378472223,115929741.0,4,6,2019
2019-06-15,0.0,0.0,1655310.15478,19283.85785,0.0,0.0,112252.72338,65824.157596,6957.31142,27786.605748,44719.31742,7394.42156,81.15342930555555,109573707.0,5,6,2019
2019-06-16,0.0,0.0,1662321.18548,25779.514020000002,0.0,0.0,113746.28009,54604.033123,4349.7772700000005,27009.262115,46342.36984,7213.89901,87.91924440972222,109205804.0,6,6,2019
2019-06-17,0.0,0.0,1617632.46328,59575.20665,0.0,3415.72253,105657.05404,62422.707224,8574.93217,27494.731223,40886.99998,10347.42631,87.82979048611111,117287919.0,0,6,2019
2019-06-18,0.0,0.0,1598330.3646,31036.03254,0.0,0.0,123482.32995,71391.654068,8465.63047,27158.356329,39990.455,11969.43465,76.29952711805555,116469767.0,1,6,2019
2019-06-19,0.0,0.0,1594995.9345500001,66195.8758,0.0,0.0,144034.65505,77409.528367,8427.42124,25988.187671,42645.04243,9004.5883,74.08418416666666,116782540.0,2,6,2019
2019-06-20,0.0,0.0,1640229.42451,56074.69748,0.0,0.0,145420.39241,61701.226849,5617.3211200000005,26381.881354,42805.53488,8557.99192,85.92491989583334,119097821.0,3,6,2019
2019-06-21,0.0,0.0,1666501.6963,47319.82936,0.0,0.0,100905.23199,76642.41818000001,8760.70033,26450.268676,36721.0525,10967.85789,81.34267482638889,118109225.0,4,6,2019
2019-06-22,0.0,0.0,1608504.42428,29235.95896,0.0,0.0,104438.10196,79413.307603,8298.90803,26346.825228,38179.75,16917.92139,61.67925461805555,111042223.0,5,6,2019
2019-06-23,0.0,0.0,1595314.08106,21695.62741,0.0,0.0,113123.30727,76362.741253,7668.99949,26564.275422,37131.0375,7544.61655,73.19038850694444,111407975.0,6,6,2019
2019-06-24,0.0,0.0,1605435.89718,39915.83868,0.0,0.0,137861.70116,75696.785691,7167.11338,26567.681554,37638.9775,10290.6496,77.72003763888888,120588370.0,0,6,2019
2019-06-25,0.0,0.0,1635912.69085,42982.032869999995,0.0,0.0,142421.07179000002,70511.736689,3500.6820700000003,26444.431386,40242.51493,26071.665979999998,80.19875583333332,119743205.0,1,6,2019
2019-06-26,0.0,0.0,1605865.68864,17544.87398,0.0,8929.15754,156753.41434,57501.96472,5377.24188,26246.318537,36973.89998,19288.95743,70.2169286111111,119931942.0,2,6,2019
2019-06-27,0.0,0.0,1520547.89848,15734.33197,0.0,4551.47373,173947.12662,59209.55497,7654.16669,26155.375337,38195.865,31273.60474,62.1319960768534,118072751.0,3,6,2019
2019-06-28,1573.000003,0.0,1488805.86526,0.0,0.0,6131.01419,169466.75949,44398.485766,6370.06476,26679.863117,35745.729999999996,33131.95785,58.31276732789855,116341106.0,4,6,2019
2019-06-29,4800.399993,0.0,1435408.65614,3264.65563,0.0,0.0,87754.14471000001,72941.838536,5404.72468,27503.899765000002,38839.48,23492.03859,50.40652609092194,109234741.0,5,6,2019
2019-06-30,5462.099998,0.0,1453749.82166,0.0,0.0,0.0,94167.90759,76710.401999,7519.19643,27771.413993,36506.16,15490.60284,47.4422594548929,106269736.0,6,6,2019
2019-07-01,4386.999974,0.0,1528344.29617,26326.92336,0.0,0.0,119849.96246,67017.609398,7114.1138900000005,26612.174475,36503.24,6997.28925,68.1825576736111,115152623.0,0,7,2019
2019-07-02,3154.899993,0.0,1628775.13247,25984.07473,0.0,4152.91758,120036.31856,66351.874108,3818.40956,27018.674804000002,37753.46995,274.96184,71.76372958333333,114441438.0,1,7,2019
2019-07-03,0.0,0.0,1624334.43223,14872.84402,0.0,1052.93419,129414.90057,63544.646669,6713.29908,26750.274569,33783.62,5445.5185,68.38447506944445,114839090.0,2,7,2019
2019-07-04,0.0,0.0,1622692.4963,11942.61734,0.0,8456.72473,129301.30228999999,37864.548164,6704.41669,26825.155766,35404.29999,9303.86233,66.24822850694444,115586889.0,3,7,2019
2019-07-05,136.600001,0.0,1619103.43298,7515.97785,0.0,2450.46819,187717.14661999998,25225.274938,4039.73056,27413.805372000003,33657.325,8889.22226,65.67471455238527,115687994.0,4,7,2019
2019-07-06,5504.199997,0.0,1515947.07287,5641.600179999999,0.0,0.0,165722.48231,40089.643775000004,2001.80984,27342.762372,32674.6475,12667.81402,57.56063862847222,109448981.0,5,7,2019
2019-07-07,4912.099979,0.0,1503151.26364,7838.43474,0.0,0.0,179287.88178,34933.292051000004,7356.375059999999,27522.905367,32383.56,19530.76808,57.7273030884503,107798538.0,6,7,2019
2019-07-08,0.0,0.0,1625678.97648,13184.860490000001,0.0,0.0,199591.65237999998,37894.881588,4463.56567,27962.931466,34328.38,12735.18821,72.83853510416667,115696781.0,0,7,2019
2019-07-09,454.100002,0.0,1629260.24108,32436.413999999997,0.0,0.0,178098.80655,59905.674543,7852.914879999999,27782.937454,35912.46495,15797.70765,78.72723163194443,113685883.0,1,7,2019
2019-07-10,5950.700042,0.0,1669021.20342,33218.029,0.0,0.0,193557.23328000001,36175.704123999996,8577.489590000001,26956.724705,30186.642480000002,7317.36175,74.61588229656795,113978002.0,2,7,2019
2019-07-11,5045.199995,0.0,1641976.93438,14515.74362,0.0,0.0,154162.03756,49188.270873,8774.35338,27987.855834,29299.01,4584.84441,60.97337525373931,114316063.0,3,7,2019
2019-07-12,5547.299942,0.0,1571368.80743,21954.903980000003,0.0,0.0,164811.17065000001,79926.076546,8595.097389999999,27020.075103,34418.285,9679.586940000001,67.33382693602518,113223272.0,4,7,2019
2019-07-13,3293.199968,0.0,1486410.83393,15427.301800000001,0.0,0.0,138293.10315,82841.450822,8468.87961,27767.549659,33520.875,10149.2675,57.30774879414907,107617436.0,5,7,2019
2019-07-14,5616.199989,0.0,1484760.25864,23879.27648,0.0,0.0,132841.39954,88480.357435,9129.36139,27952.937701,32853.22,20797.32952,62.46719497584541,108904667.0,6,7,2019
2019-07-15,4540.199979,0.0,1483220.8508300001,48000.43916,0.0,0.0,163449.04311,86070.235347,8899.02179,27704.918661,44360.509730000005,16621.5707,70.9912181505848,118008533.0,0,7,2019
2019-07-16,4877.699996,0.0,1546549.63981,72463.10987,0.0,0.0,124780.53046,84329.389475,8859.13688,27251.205923999998,50591.27461,15466.88183,89.56997888888888,117452345.0,1,7,2019
2019-07-17,453.40000200000003,0.0,1535447.68307,53590.33697,0.0,0.0,110402.79353000001,80490.967143,7473.64811,27362.005771,41991.28479,8787.6432,74.01336305555556,116437037.0,2,7,2019
2019-07-18,0.0,0.0,1529274.35834,49573.89536,0.0,0.0,103208.37352,86403.005458,8904.28246,26901.918392,50448.28707,7129.136640000001,68.25707822916667,116730848.0,3,7,2019
2019-07-19,0.0,0.0,1535342.33284,56201.609209999995,0.0,0.0,106414.56665,85417.585063,8747.20265,27889.943522,41562.57228,5345.41852,76.67709736111111,115758253.0,4,7,2019
2019-07-20,860.3000010000001,0.0,1525996.31248,12527.094939999999,0.0,0.0,88619.22893,88398.145217,8667.39171,27970.718536,39737.92485,12512.29983,57.53362957653985,108741805.0,5,7,2019
2019-07-21,4904.100025,0.0,1495831.04528,8774.44951,0.0,0.0,76574.96947,76189.500355,8794.69399,27291.031701,39289.53985,8683.80376,53.56949047423245,106609996.0,6,7,2019
2019-07-22,2488.500004,0.0,1605795.42534,28851.414510000002,0.0,0.0,101844.88509,66298.60509,7973.13804,28027.205716,38191.19733,10293.29933,64.15150441237465,114857318.0,0,7,2019
2019-07-23,0.0,0.0,1545557.20275,20736.92655,0.0,0.0,78419.96902,67293.506031,8447.11604,26733.925231,34494.05996,27144.95393,59.10377923885233,113509170.0,1,7,2019
2019-07-24,0.0,0.0,1562947.71303,25038.22198,0.0,0.0,85523.91103,77282.858212,8625.97824,27019.587122,35673.02492,33570.24455,60.28371736111111,112850877.0,2,7,2019
2019-07-25,2224.900005,0.0,1632942.54638,45509.08411,0.0,0.0,89318.5699,80309.749524,7147.81398,27136.056086,32536.72,30016.15855,54.85377329861111,114477087.0,3,7,2019
2019-07-26,5569.899975,0.0,1619871.2352,44829.261640000004,0.0,0.0,90541.85004,73488.787308,6056.16601,27160.762706,41085.40225,21725.87322,56.06914722222223,114109443.0,4,7,2019
2019-07-27,5831.600044,0.0,1578883.45113,4558.48716,0.0,0.0,63015.16961,88114.829312,8688.52907,25065.838214,34321.67243,16082.999389999999,60.41703006944444,105543731.0,5,7,2019
2019-07-28,5837.799987,0.0,1548599.2252200001,6410.66485,0.0,0.0,65309.32362,82385.785805,8729.47461,26761.950626,35579.61498,18527.76552,59.50715802083334,104614204.0,6,7,2019
2019-07-29,4687.299985,0.0,1547671.60762,34264.70365,0.0,0.0,77686.80055,76067.681636,7739.53387,25552.730565,34249.60994,23141.91437,69.67463197916668,113284859.0,0,7,2019
2019-07-30,1976.900011,0.0,1586185.18673,27029.60012,0.0,0.0,75982.12035,76500.880031,8123.28352,20421.73877,33359.03988,23783.08318,70.861228125,112944613.0,1,7,2019
2019-07-31,0.0,0.0,1591154.52815,35830.91992,0.0,0.0,68960.27362,77534.448955,6527.73759,25571.862839,29668.75491,21121.440459999998,69.20698145833333,114763776.0,2,7,2019
2019-08-01,372.399999,0.0,1636646.09939,45695.64004,0.0,0.0,128513.84163,53991.302771,3984.20764,25236.543283,24311.375,29490.47376,63.70765399305555,115400527.0,3,8,2019
2019-08-02,4153.40001,0.0,1616893.49143,34106.92568,0.0,0.0,132982.50928,70143.816966,7470.18607,26773.150027,26940.10499,42132.10121,68.5255775,113834482.0,4,8,2019
2019-08-03,5086.999993,0.0,1570530.31666,20323.88635,0.0,0.0,85171.7455,55608.339089,7296.88714,27135.68099,25747.74,36665.442689999996,61.64922538194444,106390778.0,5,8,2019
2019-08-04,5447.099955,0.0,1570360.08147,19838.66456,0.0,0.0,79431.86465,80073.31761700001,9088.2603,26082.169143,28975.04493,38030.62721,59.38156690972222,104344773.0,6,8,2019
2019-08-05,3173.700001,0.0,1646380.71349,40981.3316,0.0,0.0,153874.20387,64713.60086,8900.4902,25415.668951,17900.07739,29337.42059,72.8242053125,113256501.0,0,8,2019
2019-08-06,604.7,0.0,1657516.25345,43129.25329,0.0,0.0,125821.94472,71178.598566,8847.33548,24516.662588,13916.33987,16679.16153,68.53104708333333,112880846.0,1,8,2019
2019-08-07,0.0,0.0,1674453.10628,47317.84328,0.0,0.0,159993.66902,68005.822072,3558.4842900000003,25588.837414,13176.289850000001,7966.40378,81.46867690972222,113291806.0,2,8,2019
2019-08-08,2346.500005,0.0,1623500.6792000001,32473.15004,0.0,0.0,137360.25188,75398.312344,8441.94089,26322.112323,10274.63993,6656.64978,69.53713465277778,112454735.0,3,8,2019
2019-08-09,3855.800012,0.0,1631825.56776,35129.00912,0.0,0.0,82815.76928,89367.427201,9358.55715,25282.375013,15094.16978,9606.22278,66.99853989583333,109992797.0,4,8,2019
2019-08-10,5567.399999,0.0,1625421.48812,22226.77865,0.0,0.0,70203.37604,77756.880666,8022.21755,27422.294127,15311.68487,9556.48372,54.82116244755912,105109393.0,5,8,2019
2019-08-11,5763.599993,0.0,1563640.9021,25081.74234,0.0,0.0,67644.38983,96613.629621,9268.18834,27216.974648,22020.184970000002,12914.04359,60.488162141687575,105387086.0,6,8,2019
2019-08-12,4286.200006,0.0,1620390.77382,60866.40941,0.0,2857.02302,96704.66822,96745.29263,9587.15075,27912.800934,31383.614830000002,18639.40614,85.86916854166667,114584203.0,0,8,2019
2019-08-13,3089.7,0.0,1635480.31768,66006.45758,0.0,3164.9195,127666.25033,93493.278835,9357.8864,22796.899993,29115.2549,24907.91059,80.61050694444445,114751183.0,1,8,2019
2019-08-14,3118.8,0.0,1652934.05619,53827.06363,0.0,3972.0050699999997,116974.02207,91882.16654800001,8823.74128,24121.418506,28402.742439999998,31229.50388,73.04907753472223,111572634.0,2,8,2019
2019-08-15,3086.8,0.0,1599287.6628,49296.05491,0.0,0.0,84486.20128000001,80775.54939,7473.5222,26169.349409000002,26021.61246,35263.88663,64.14709288194445,112993841.0,3,8,2019
2019-08-16,3139.2,0.0,1607498.44424,31828.45703,0.0,0.0,88091.92540000001,77901.530814,7545.319390000001,26262.662336,25795.56994,22845.58366,61.37801965277777,111405266.0,4,8,2019
2019-08-17,5158.800013,0.0,1539108.69828,8534.42643,0.0,0.0,68198.19112,95766.987349,8511.70268,26183.656666,29666.62242,15192.80289,54.246571249999995,103914435.0,5,8,2019
2019-08-18,2082.800008,0.0,1456972.49759,0.0,0.0,0.0,57755.21677,95632.583344,8801.99684,25667.606266,26860.86997,15429.812989999999,43.13129848362414,102920747.0,6,8,2019
2019-08-19,0.0,0.0,1536798.3208,24090.83704,0.0,0.0,72678.91305,101742.29047600001,9052.40353,26724.862605,39789.28463,28326.590220000002,46.4426675,110874764.0,0,8,2019
2019-08-20,2952.900002,0.0,1550270.20761,17476.26769,0.0,0.0,67290.19414,103281.072155,10033.179180000001,25636.312344,41258.87961,22041.59845,50.006231143947964,111323585.0,1,8,2019
2019-08-21,3286.7,0.0,1513127.40586,6365.40019,0.0,0.0,77623.37572,98544.709055,6901.15772,26786.580228000003,26365.55996,32538.963499999998,32.230272448512586,110793328.0,2,8,2019
2019-08-22,3322.499997,0.0,1517834.27524,39501.0349,0.0,0.0,91836.77371,93342.634162,6623.532749999999,24977.825464999998,27401.69743,20621.28758,38.496870420092435,110088500.0,3,8,2019
2019-08-23,3225.999999,0.0,1592033.27411,35582.76178,0.0,0.0,148368.17768,103264.301048,9636.90796,26431.350432,24297.49,25369.73003,53.80195666666666,109139802.0,4,8,2019
2019-08-24,5357.900003,0.0,1553088.24202,6073.538140000001,0.0,0.0,76155.54539,68565.818447,9721.98666,25999.494343,24534.9875,21744.23137,45.42589873951883,103130819.0,5,8,2019
2019-08-25,5863.700001,0.0,1564455.65837,31348.42964,0.0,0.0,124802.58143,74763.709462,8030.53594,26733.705376,24888.13,13322.92203,42.03705475694444,100876770.0,6,8,2019
2019-08-26,3445.099982,0.0,1552553.37775,57349.26288,0.0,3188.13334,229136.58889,98542.058877,5799.74981,26520.956067,24302.13,18582.95001,55.05847982638889,109421117.0,0,8,2019
2019-08-27,0.0,0.0,1602323.93499,77265.97972,0.0,2183.99518,191993.85592,90338.502463,6031.20867,24002.912669999998,23249.35,19320.73392,79.90664833333334,109412666.0,1,8,2019
2019-08-28,0.0,0.0,1629918.4456,56138.40541,0.0,0.0,218204.76228,96523.499099,1168.50922,26235.932116,24425.21,15220.62463,70.80528645833333,109780861.0,2,8,2019
2019-08-29,0.0,0.0,1646438.06682,70541.25179,0.0,0.0,229475.98004,82215.261093,5054.05071,26776.699824,24931.77,10877.29632,91.13980760416666,110082330.0,3,8,2019
2019-08-30,2817.0000019999998,0.0,1615012.38942,44429.00254,0.0,0.0,195146.10379,99471.975041,9793.19927,26796.518572,23955.3625,14978.75136,62.61110864583333,108146930.0,4,8,2019
2019-08-31,2711.853427,0.0,1516773.48377,29713.46709,0.0,0.0,167337.90228,93417.893682,9078.16391,25662.593986,25057.355,16852.75985,54.18474271762356,101410896.0,5,8,2019
2019-09-01,5373.818789,0.0,1560363.04358,6928.71714,0.0,0.0,127998.31147,86377.653445,7885.73474,24539.893946,24399.7025,16360.25456,30.829582458075336,99975054.0,6,9,2019
2019-09-02,4196.099998,0.0,1570556.5039300001,24955.36524,0.0,0.0,160314.76627999998,106304.799557,9995.16316,26044.943868000002,23548.56,18015.91808,49.81602482638889,108209080.0,0,9,2019
2019-09-03,0.0,0.0,1574078.2642,34359.214270000004,0.0,0.0,169694.70837,93757.895871,9824.53601,25576.225003,23920.485,21129.8449,52.51502982638888,108373976.0,1,9,2019
2019-09-04,261.5,0.0,1519542.54611,20843.64992,0.0,0.0,162042.71915,67031.692767,4242.30067,23520.256856,27477.60744,23909.83381,-48.94178482638889,109990444.0,2,9,2019
2019-09-05,3180.5,0.0,1551127.54666,29116.596840000002,0.0,0.0,170695.31184,77346.486619,6886.45526,21133.11227,24087.85,12220.762859999999,13.83192363051471,110957761.0,3,9,2019
2019-09-06,2936.999998,0.0,1555501.56778,15873.3714,0.0,0.0,134508.46154,102733.859929,9941.48095,24606.886681,24150.9775,21026.30269,49.39238800184643,110306320.0,4,9,2019
2019-09-07,4795.799982,0.0,1453133.70539,40281.96461,0.0,0.0,107683.02005,101509.895074,8669.24877,25552.050472,23062.8375,18093.79588,46.8059991803728,101002492.0,5,9,2019
2019-09-08,5620.500018,0.0,1462532.66753,26263.60728,0.0,0.0,83133.47643,81081.31353,9913.64521,25940.018508999998,23757.075,22627.20714,28.040113744343888,99426240.0,6,9,2019
2019-09-09,3984.299981,0.0,1564249.43875,29393.13278,0.0,0.0,105189.38514,88872.912667,10253.77058,25221.087971,23908.95,27414.0736,37.63844524305555,108808402.0,0,9,2019
2019-09-10,2809.100005,0.0,1585668.21168,62202.27536,0.0,0.0,186409.15292,90424.228983,10284.41144,24881.506248,24202.34,21411.57124,49.704002986111114,109280028.0,1,9,2019
2019-09-11,2843.2,0.0,1610542.06742,41328.36004,0.0,0.0,173081.04218,94054.163307,9705.76917,25082.837889,23884.6875,31363.83742,60.286814722222225,109880053.0,2,9,2019
2019-09-12,2857.0,0.0,1606272.90361,39076.66783,0.0,0.0,135295.11129,89324.601167,9829.77217,24296.667636,22293.825,26629.79994,49.888083854166666,109193408.0,3,9,2019
2019-09-13,2776.1,0.0,1634404.7671,56015.5815,0.0,0.0,153950.46514,102526.600649,8116.801820000001,24668.487449,24073.18,19043.19555,52.696255625,108034218.0,4,9,2019
2019-09-14,3249.2000000000003,0.0,1589332.44271,42902.567970000004,0.0,0.0,104193.98301,104059.027534,8313.17258,22792.494201,24519.5975,23628.56019,56.70851434027778,101016388.0,5,9,2019
2019-09-15,3570.7999999999997,0.0,1560204.52455,19867.7496,0.0,0.0,104288.02163,100613.44868,9255.727,23807.743702,23930.052499999998,32148.63788,40.04427858393037,99496455.0,6,9,2019
2019-09-16,1510.7,0.0,1611515.46954,27083.69967,0.0,0.0,149841.57666,104569.86024200001,9082.41189,25196.687548,23510.0175,22726.43479,71.66475961805556,109055197.0,0,9,2019
2019-09-17,0.0,0.0,1631770.40293,39556.489050000004,0.0,0.0,154122.21938,88967.095876,7929.93214,25857.911796,23532.755,22159.42287,68.91638604166667,109770414.0,1,9,2019
2019-09-18,240.40000000000003,0.0,1578563.18093,36533.01231,0.0,0.0,179911.14533,89044.881251,9396.68288,24454.61882,23004.4775,20244.44632,80.798615625,108574172.0,2,9,2019
2019-09-19,3238.2,0.0,1624307.0492,9335.92085,0.0,0.0,138408.37394,81002.589531,8065.84649,24208.868953,24055.74499,24806.47783,62.028737331337986,109253138.0,3,9,2019
2019-09-20,3307.2,0.0,1633668.2452,4265.8001,0.0,0.0,124810.7348,93788.000267,7186.79751,24943.093849,22928.782489999998,41893.2052,57.34331406249999,109239683.0,4,9,2019
2019-09-21,3117.0,0.0,1602285.09437,18115.98186,0.0,0.0,70912.45066,93905.296824,6862.46121,25096.018677,23633.3275,38824.66022,53.209070630428705,102282458.0,5,9,2019
2019-09-22,2534.800001,0.0,1572428.33336,6210.38295,0.0,0.0,68523.20253,106146.521081,8944.695240000001,24902.856097,23889.675,35699.30939,56.86522150251997,100619222.0,6,9,2019
2019-09-23,3229.000005,0.0,1618943.97729,49363.51371,0.0,0.0,92975.05988,103490.898984,9357.54248,24349.087617999998,23866.4625,32284.77779,73.8453009375,110197793.0,0,9,2019
2019-09-24,3135.700001,0.0,1599249.59347,87477.38415,0.0,0.0,104460.15229,74579.657222,7972.28568,24168.343738,23313.954980000002,25982.09364,97.46090881944444,109146248.0,1,9,2019
2019-09-25,2039.500001,0.0,1639755.21154,90516.61666,0.0,5963.59407,106307.63431,58451.537375,6784.80433,25366.705916,28581.6924,29160.96318,224.29020951388887,110122752.0,2,9,2019
2019-09-26,2984.4,0.0,1736112.49557,59950.563070000004,0.0,0.0,96440.34241,69055.222192,4464.5693,22327.312585,24836.80245,28268.86759,100.6302889236111,110851253.0,3,9,2019
2019-09-27,2934.4,0.0,1679448.01191,20617.20768,0.0,0.0,124319.17235000001,95592.596297,6405.1593,27027.725265999998,23136.455,20962.33365,66.48492655634523,109282739.0,4,9,2019
2019-09-28,3052.1,0.0,1644635.00725,28185.16517,0.0,0.0,104928.55821,110934.482918,7928.59807,26950.18115,24179.2025,25447.68607,56.04227305555556,102845899.0,5,9,2019
2019-09-29,3442.2,0.0,1578225.48717,12660.20347,0.0,0.0,135228.71419,96846.158658,8743.39904,24931.643995000002,23647.0375,25225.48469,37.416980555555554,100654540.0,6,9,2019
2019-09-30,3158.4,0.0,1719645.16324,28526.25595,0.0,0.0,132992.04611,78708.961465,9820.591489999999,23941.518885,22365.365,23917.21135,78.8513084375,110437921.0,0,9,2019
2019-10-01,1569.6,0.0,1687638.6118100001,24479.16369,0.0,0.0,128459.62414,66250.179307,5435.83771,23964.943902,36809.10228,42462.804990000004,62.23035807055996,109517343.0,1,10,2019
2019-10-02,21.9,0.0,1649309.70677,20972.5796,0.0,0.0,175843.00961,64919.509137,7291.88394,24130.687566,27519.26493,47412.10942,63.32880377136752,108589663.0,2,10,2019
2019-10-03,3093.6,0.0,1688744.42332,16397.87874,0.0,0.0,141553.33532,64299.474198,9889.079099999999,24525.393769,35130.84732,43161.04019,68.29577166666667,108198511.0,3,10,2019
2019-10-04,3093.4,0.0,1667790.24348,26570.76553,0.0,1961.40938,132566.44982,89972.040933,9729.10419,21393.15627,33182.10732,22587.40253,74.0167495214372,107472670.0,4,10,2019
2019-10-05,3496.000001,0.0,1607656.87074,6021.05682,0.0,0.0,99970.55462,112404.687965,9505.895849999999,20515.843628,25729.28,21932.90139,28.0406076879529,101295816.0,5,10,2019
2019-10-06,3597.1,0.0,1588716.41204,3290.62378,0.0,0.0,79283.58843999999,124851.103527,9719.92214,20683.418807000002,25639.2025,26700.54639,40.92810501736111,100604066.0,6,10,2019
2019-10-07,2916.2000000000003,0.0,1650628.72643,12948.72053,0.0,0.0,101418.14558,119757.959499,9156.8431,23151.450128,25916.3275,25298.28808,54.560471768869405,108795646.0,0,10,2019
2019-10-08,2826.7,0.0,1695576.19193,49117.17989,0.0,0.0,139241.2192,92293.042225,9074.05198,22444.006084,27983.76231,31424.746460000002,108.82138580500731,119017697.0,1,10,2019
2019-10-09,2544.7,0.0,1608195.06685,26457.36807,0.0,0.0,152172.23779,78474.000242,9701.52074,23213.5313,25659.99992,18247.3872,60.36360284722222,111356633.0,2,10,2019
2019-10-10,12.3,0.0,1680899.94305,29117.02935,0.0,2802.02106,155011.60428,49165.430106,5589.288930000001,23387.95622,27290.71496,16122.75891,1.6621049652777808,109532237.0,3,10,2019
2019-10-11,0.0,0.0,1701037.38932,15057.54589,0.0,116.53959,157606.62963,62478.511981,6926.42185,24076.831148,22949.245,19012.65705,74.62230774305556,108976699.0,4,10,2019
2019-10-12,0.0,0.0,1524524.58986,23212.38794,0.0,0.0,163269.95159,80108.661722,8537.45173,23567.681273,27189.6874,6998.46894,95.27990180555555,104484200.0,5,10,2019
2019-10-13,0.0,0.0,1466085.70388,24166.037910000003,0.0,0.0,103974.20383,85077.005155,10527.40925,23814.618737,27299.924890000002,11063.05593,81.65778024009933,100851357.0,6,10,2019
2019-10-14,543.1,0.0,1499695.93789,28811.30849,0.0,0.0,146262.70154,82634.066922,9603.66676,24208.518794,31890.66979,18701.34324,102.18907243055556,110388651.0,0,10,2019
2019-10-15,3435.4,0.0,1588080.138,11419.1079,0.0,0.0,140442.45211,87586.719072,10223.45563,23083.899982,31567.56984,15328.119490000001,99.50624902777777,112716725.0,1,10,2019
2019-10-16,3500.099998,0.0,1636798.44474,15727.53045,0.0,0.0,127256.90884,114880.110764,10020.657079999999,22778.568766,34375.35987,15222.77538,92.02249277777777,114587670.0,2,10,2019
2019-10-17,3196.3,0.0,1621919.78432,11821.7079,0.0,0.0,111051.89196,107880.152548,7971.182559999999,22335.812484,31865.0323,14294.1163,75.87222222222222,117419250.0,3,10,2019
2019-10-18,1944.8999999999999,0.0,1554084.19643,13613.90817,0.0,0.0,101819.68039,105048.702906,10018.66409,23078.181379,16263.00979,8383.15343,72.06208237760809,112168044.0,4,10,2019
2019-10-19,0.0,0.0,1577590.21385,6042.70773,0.0,0.0,81094.8147,105930.538119,4871.3896,22303.256042,7601.30994,10878.621360000001,68.36130197209654,105907771.0,5,10,2019
2019-10-20,0.0,0.0,1574162.26003,10518.44436,0.0,0.0,100329.33822,112591.494591,10443.18353,22364.431109,11046.9899,26595.40445,59.520485104166674,102818471.0,6,10,2019
2019-10-21,1661.5,0.0,1591258.0119399999,18838.98536,0.0,0.0,100884.99953999999,97508.363359,9203.465049999999,22690.406192,15942.23983,23220.63339,95.06113645833334,110302423.0,0,10,2019
2019-10-22,3610.4,0.0,1544496.63578,19872.08234,0.0,0.0,159432.97571,103461.737966,9812.86196,24046.112507,19191.79964,19719.12934,94.54170069444444,110125284.0,1,10,2019
2019-10-23,3464.600003,0.0,1563444.49565,25032.37751,0.0,0.0,132468.14372,105716.130836,10353.64572,23818.531131,15137.12976,35500.96449,79.45239065972221,109756170.0,2,10,2019
2019-10-24,3238.6,0.0,1552451.31754,20772.90888,0.0,0.0,147387.90557,102128.06774,10254.49546,23663.787493,13927.36986,35267.403959999996,72.005528125,108766119.0,3,10,2019
2019-10-25,0.0,0.0,1558372.08877,13285.975410000001,0.0,0.0,102033.89055,107736.545937,10114.86719,23657.762402,9903.50985,27154.85413,69.51868228920354,109165770.0,4,10,2019
2019-10-26,295.699997,0.0,1435163.39263,11553.21839,0.0,0.0,131346.99706,107590.335021,10158.21328,22903.212427,16573.71962,26351.04901,62.38777512792398,104519029.0,5,10,2019
2019-10-27,4316.800014,0.0,1624441.9143400001,18658.97926,0.0,0.0,120911.19894999999,92352.470061,9988.52312,23864.943797,6649.0575,21318.26041,67.95448211805555,103426975.0,6,10,2019
2019-10-28,2779.000002,0.0,1719117.39128,13978.30328,0.0,0.0,191771.49889,78445.038717,9400.78587,23678.318652,13435.46,22832.93034,80.71406555555556,112749167.0,0,10,2019
2019-10-29,3672.199999,0.0,1742086.97309,26368.89772,0.0,0.0,140901.98532,69892.994348,8982.82715,22816.650115,25564.55495,41020.63711,92.37523312500001,110331148.0,1,10,2019
2019-10-30,3579.999999,0.0,1712289.2516,33262.65724,0.0,0.0,206859.91297,74627.522317,5824.2914900000005,20008.143895,27900.49485,29000.28633,102.73803854166668,110914927.0,2,10,2019
2019-10-31,775.9,0.0,1696836.34115,35724.17975,0.0,0.0,142514.62871,78949.909478,9349.96471,22226.243782,14369.437319999999,21445.96545,91.4791525474792,110341341.0,3,10,2019
2019-11-01,0.0,0.0,1556952.17172,18006.31448,0.0,0.0,163115.14635,83385.816026,7926.22905,23138.73762,17572.59471,37000.93767,88.04673626240078,111937023.0,4,11,2019
2019-11-02,0.0,0.0,1605244.56203,13219.687530000001,0.0,0.0,104998.77546,97734.028188,8359.55622,20122.343827,6721.14,40616.30549,69.28858809027777,105837913.0,5,11,2019
2019-11-03,0.0,0.0,1605487.02655,4850.61359,0.0,0.0,104962.07941,115261.157498,8453.31619,18211.149998,6554.305,34230.46796,65.17620921120853,105333263.0,6,11,2019
2019-11-04,0.0,0.0,1642325.78756,14218.32946,0.0,0.0,132454.4533,90399.985537,6886.222659999999,17953.78755,12348.64489,20078.76808,76.2272278267226,117306860.0,0,11,2019
2019-11-05,0.0,0.0,1598346.50719,3398.6090700000004,0.0,0.0,154066.79063,102766.227462,10501.13274,15803.974874,24476.08208,36110.24863,61.60683284038902,114618301.0,1,11,2019
2019-11-06,0.0,0.0,1571694.2998,58.00896,0.0,0.0,86321.30556000001,133120.11384,10620.45081,18659.568671,15784.82733,25747.20805,48.996079631642516,112184632.0,2,11,2019
2019-11-07,0.0,0.0,1579028.5045,3521.0091,0.0,0.0,112270.04978,130213.394663,10543.819660000001,17548.668811,13086.32233,19745.45828,54.92992369791667,116552349.0,3,11,2019
2019-11-08,0.0,0.0,1556745.29315,24585.31654,0.0,0.0,152203.11328,140273.833667,10196.88856,17367.737414,20888.60712,22121.251949999998,61.89078600511696,122499264.0,4,11,2019
2019-11-09,0.0,0.0,1537187.53406,2980.40902,0.0,0.0,124591.62255,106707.843155,10491.72195,17788.075037,7544.1174200000005,33615.7898,22.23011669482766,109311399.0,5,11,2019
2019-11-10,0.0,0.0,1526877.05921,58.00896,0.0,0.0,72124.68892,90732.756603,9770.30737,18938.900007,9866.4799,30919.83506,24.696988854166666,103311727.0,6,11,2019
2019-11-11,0.0,0.0,1602665.45599,1665.60902,0.0,0.0,90831.77684,138639.856069,10430.52991,19028.337482,12668.06489,20024.6282,46.28797111213235,114365403.0,0,11,2019
2019-11-12,0.0,0.0,1561117.65529,26742.98736,0.0,0.0,115148.34245,136147.941247,10296.72009,18774.024946,20680.14213,27131.39016,55.57522460196574,118844181.0,1,11,2019
2019-11-13,0.0,0.0,1604371.6051,72.51264,0.0,0.0,118780.98790000001,134827.594003,10139.46438,20412.874984000002,17285.5398,28162.96871,61.17008409722222,120723435.0,2,11,2019
2019-11-14,0.0,0.0,1633947.06333,3535.11268,0.0,0.0,83386.88584,130252.825278,10619.35478,22547.999967,14205.94487,14545.22749,57.16741228451797,118547709.0,3,11,2019
2019-11-15,0.0,0.0,1678678.9758600001,14264.14902,0.0,0.0,118085.64415000001,127876.886461,10225.65164,23734.250021,17626.05224,14818.69809,63.22348769749246,121294920.0,4,11,2019
2019-11-16,0.0,0.0,1667911.21343,34377.25825,0.0,0.0,68714.92526,132580.194137,9301.53511,22514.156338,12050.28241,14073.62889,77.57451821546283,117773320.0,5,11,2019
2019-11-17,2076.100001,0.0,1569993.12336,12447.82714,0.0,0.0,98768.52526,132687.160931,10094.06428,22671.056144,10684.29736,25722.80555,63.46732027795196,114849362.0,6,11,2019
2019-11-18,822.600002,0.0,1612398.98408,3977.3403200000002,0.0,0.0,125952.31533,130291.210254,9979.374,22400.262555,12652.82992,29616.40504,65.90308756944445,120459603.0,0,11,2019
2019-11-19,3115.200014,0.0,1674755.12139,28203.12801,0.0,0.0,180535.16867,128682.145295,9504.41885,22737.012375,11467.2399,14945.38392,70.69658274305556,122041319.0,1,11,2019
2019-11-20,1017.199998,0.0,1663572.31895,31506.408339999998,0.0,0.0,144354.04302,121715.47341800001,9599.6788,21541.849824,16445.46729,18016.34177,75.3859486815768,124223654.0,2,11,2019
2019-11-21,4756.999976,0.0,1663864.00765,26980.400279999998,0.0,0.0,149229.69520000002,115803.93708999999,9491.15749,21914.525031,9440.12494,44404.80837,64.63059597130848,119685460.0,3,11,2019
2019-11-22,3004.1999929999997,0.0,1664401.00658,7689.22855,0.0,0.0,105665.47994,128967.615061,9651.694449999999,21475.537452,12532.264860000001,35321.16943,61.34492142361111,117322175.0,4,11,2019
2019-11-23,5213.5000199999995,0.0,1608703.95351,13141.55914,0.0,0.0,83918.2627,138449.549023,9479.09828,21921.106365,4299.71,24868.07089,48.93935376160991,109821731.0,5,11,2019
2019-11-24,5087.299997,0.0,1568813.33695,10904.75582,0.0,0.0,88457.49526,123799.269858,9365.77321,22674.537321,9433.882450000001,29578.4436,53.4744289457793,108294946.0,6,11,2019
2019-11-25,3665.200026,0.0,1636732.13793,17873.27241,0.0,0.0,172721.57706,111377.557997,10153.64158,23339.718759,9123.76495,26639.83267,61.315331875,118499785.0,0,11,2019
2019-11-26,4406.799998,0.0,1594200.05501,24800.47499,0.0,2783.14648,175417.66286,117227.517302,9655.60866,24263.787505,13939.56242,18392.95231,60.03206714756407,121521520.0,1,11,2019
2019-11-27,4324.000014,0.0,1643711.35975,5146.9253499999995,0.0,0.0,182022.74537,108898.414491,9509.454459999999,23766.543775,8683.17997,15097.00163,58.81201079861111,122998603.0,2,11,2019
2019-11-28,4766.100004,0.0,1683981.7869199999,11602.36203,0.0,0.0,127064.03758999999,120675.578591,8523.53918,18897.462437000002,13151.642319999999,29141.02954,69.43683163194444,122331942.0,3,11,2019
2019-11-29,3865.999998,0.0,1728538.67359,12395.56862,0.0,0.0,146377.84967,132543.19959,9327.60138,24692.881119,17263.26232,27732.56941,72.6463798263889,122283497.0,4,11,2019
2019-11-30,3612.9,0.0,1635146.667,9947.80912,0.0,0.0,86299.72462000001,138053.154779,8974.4225,20146.231185,8073.79243,20417.09887,59.63718211956522,116642932.0,5,11,2019
2019-12-01,3516.4999980000002,0.0,1594979.6548600001,6068.513510000001,0.0,0.0,87828.88084,118777.255336,5271.33113,25827.293721000002,9725.72485,11895.8518,52.182784427083334,118972162.0,6,12,2019
2019-12-02,3452.6,0.0,1567380.55689,29795.99289,0.0,0.0,125888.05812,138880.792465,10420.52825,24032.575003,14115.27735,29924.18088,52.66109951388889,128822998.0,0,12,2019
2019-12-03,3300.5,0.0,1601249.61205,17673.978310000002,0.0,0.0,108106.73649,139328.441125,10204.41717,24323.093822,13804.499890000001,23650.03175,46.2852196189693,124917881.0,1,12,2019
2019-12-04,3287.0,0.0,1656097.7198,6085.91387,0.0,0.0,102667.44263,144137.476149,10493.15852,25240.46873,13299.91987,22658.98991,51.045524214822144,126496535.0,2,12,2019
2019-12-05,3985.000013,0.0,1683070.4013,30755.15684,0.0,0.0,160384.30502,127774.464274,10417.16295,18171.987533,18484.74727,16584.19054,66.57510509632804,128949476.0,3,12,2019
2019-12-06,3884.400013,0.0,1697455.9014,68846.61503,0.0,0.0,194609.05367,131147.621953,10203.01142,20769.068799,16106.69728,9044.00831,57.40783972222223,134027636.0,4,12,2019
2019-12-07,0.0,0.0,1691047.10582,38313.14836,0.0,0.0,143479.8104,137129.309269,10044.56652,21408.074879,12836.87241,8348.07451,61.94728054797687,127449626.0,5,12,2019
2019-12-08,0.0,0.0,1638279.19754,19176.805519999998,0.0,0.0,108511.20715,141588.604749,9292.1089,24014.987315,8371.132459999999,19365.11961,52.38091960312971,120286607.0,6,12,2019
2019-12-09,0.0,0.0,1675901.27455,41848.51745,0.0,0.0,143356.60058,134724.76837,9894.40037,24482.881165,17045.62484,32258.558399999998,75.61703000133546,129501753.0,0,12,2019
2019-12-10,2.1,0.0,1663954.7057,38680.17973,0.0,0.0,186044.37884,125328.833972,9368.66095,25261.324838,16014.05986,20086.39312,64.82505038194445,132355386.0,1,12,2019
2019-12-11,5328.800041,0.0,1677235.26329,42333.01951,0.0,0.0,142486.16984000002,130470.535376,9476.04832,25079.206207,10883.44994,29244.76148,64.73330929491314,134204683.0,2,12,2019
2019-12-12,5926.800026,0.0,1594161.24383,38958.01576,0.0,0.0,167765.4463,119049.742409,9436.42375,25316.59378,11021.76486,15467.02831,62.450672635986415,133349588.0,3,12,2019
2019-12-13,813.599987,0.0,1635688.92752,17147.578980000002,0.0,0.0,176833.94695,115785.785122,7151.80072,24120.181094,8472.55245,14233.14865,69.77324509777047,130203477.0,4,12,2019
2019-12-14,166.0,0.0,1588478.69114,31393.282209999998,0.0,0.0,139179.63410999998,100163.580978,10213.71064,21958.693595,14794.61985,9223.16931,71.32539600694444,121013846.0,5,12,2019
2019-12-15,5311.800021,0.0,1647302.76443,23693.25845,0.0,0.0,169974.18633,126155.267986,9773.7911,21345.343681,13928.77985,7447.23223,61.44121891151746,122922799.0,6,12,2019
2019-12-16,501.5,0.0,1723964.62219,44853.22417,0.0,0.0,234848.61866,134918.238457,10119.80892,24576.587587,11523.84243,16176.40686,67.09455291666667,138724696.0,0,12,2019
2019-12-17,6032.899991,0.0,1694779.68655,13207.93136,0.0,0.0,120432.98886,128209.577926,9185.73911,23444.124934,5069.1900000000005,28561.45496,55.98055930555555,125348022.0,1,12,2019
2019-12-18,5818.600009,0.0,1674488.0194,9218.53115,0.0,0.0,96100.4603,125870.681891,9644.17568,23296.581188,4838.045,38519.46205,50.52690680555556,121632629.0,2,12,2019
2019-12-19,5845.000035,0.0,1722586.83069,7461.674840000001,0.0,0.0,153336.62446,119930.831126,9405.78172,25183.456327,3999.6125,31758.05471,48.83445555555556,123253917.0,3,12,2019
2019-12-20,2636.999979,0.0,1719541.3275000001,9658.47775,0.0,0.0,153910.35473,137260.212996,8894.93761,25157.47521,8395.23991,37106.59773,45.289292430555555,126735052.0,4,12,2019
2019-12-21,628.399995,0.0,1603480.5022800001,15123.1983,0.0,0.0,166995.44339,134690.439137,8837.74488,26190.887411,16031.42221,23555.87576,48.593767013888886,122469012.0,5,12,2019
2019-12-22,5654.59999,0.0,1554116.27887,12452.94931,0.0,0.0,151743.5246,137585.335444,8096.20179,25276.174915,2405.0675,21349.9189,40.94466868055556,123138708.0,6,12,2019
2019-12-23,2472.9,0.0,1632193.02491,21402.8142,0.0,0.0,149874.13232,125252.302793,8995.74975,24804.643681,11554.3423,31292.09822,45.247509861111105,132455300.0,0,12,2019
2019-12-24,0.0,0.0,1701618.27968,9786.54528,0.0,0.0,91606.65468,126748.163942,8568.206470000001,24853.368581,13544.084770000001,27566.40521,57.48845329861111,125748615.0,1,12,2019
2019-12-25,4907.50001,0.0,1575043.55861,165.3264,0.0,0.0,53300.1288,120794.065556,7239.31614,22638.199987,4845.47,24456.43252,39.173308784722224,111068509.0,2,12,2019
2019-12-26,1476.5999980000001,0.0,1554543.2938,11013.97874,0.0,0.0,53260.80726,77064.656341,6891.7678,23220.100059,7518.064969999999,21731.61642,42.678159722222226,111778402.0,3,12,2019
2019-12-27,1485.699991,0.0,1564402.7238699999,10034.73574,0.0,0.0,89678.48627,86655.432434,9050.8027,22884.312438,6965.9975,38495.15433,48.50478708333333,115766341.0,4,12,2019
2019-12-28,4081.300005,0.0,1515833.96786,16935.03188,0.0,0.0,146190.54393,96077.57637899999,10130.78025,23730.01895,8753.70241,34066.02995,46.298129548611115,110943416.0,5,12,2019
2019-12-29,3211.7000000000003,0.0,1546925.89938,29.00448,0.0,0.0,121813.10689,100268.765003,9818.42234,24824.456193,6923.92244,31443.30531,50.57547690972222,110568172.0,6,12,2019
2019-12-30,179.400003,0.0,1657676.58638,12334.24465,0.0,0.0,75270.16779,114676.809738,10120.21975,25524.868766,4420.2300000000005,29055.53468,55.7326134753645,116218816.0,0,12,2019
2019-12-31,5656.300005,0.0,1628142.31655,43.508160000000004,0.0,0.0,114221.60837,133293.174947,9891.062899999999,26616.506476,4476.005,20744.85333,48.175862048611116,119552223.0,1,12,2019
2020-01-01,4103.399995,0.0,1558786.84271,26991.13111,0.0,0.0,90692.65186,129900.775122,9682.38225,25479.581299,9570.05993,16833.60096,48.477306666666664,117356876.0,2,1,2020
2020-01-02,0.0,0.0,1633585.6937,19003.64202,0.0,0.0,123733.36061,126875.557201,9523.94336,25131.750082,15857.23226,19325.49319,61.84406583333333,124469280.0,3,1,2020
2020-01-03,0.0,0.0,1622956.88892,16917.37158,0.0,0.0,171794.25004,116041.22399,9643.69381,25919.256143,14228.50237,21182.93792,58.57114954861111,122205491.0,4,1,2020
2020-01-04,55.6,0.0,1566143.8545,45817.55236,0.0,0.0,209814.16258,119724.228976,9540.18231,27216.637355,13454.52734,22908.62614,138.82605111634436,116735538.0,5,1,2020
2020-01-05,3572.4999669999997,0.0,1677793.29018,5848.3491,0.0,0.0,135569.57898,110763.810031,9490.2633,27050.375229999998,6721.32245,19091.63371,42.38890118055556,117057160.0,6,1,2020
2020-01-06,5205.600017,0.0,1740211.64168,5654.26215,0.0,0.0,156187.55142,96455.898922,8776.31602,27262.968799,4402.3675,19554.21606,50.07279020833334,127958107.0,0,1,2020
2020-01-07,3690.599979,0.0,1746647.0178,24062.35605,0.0,0.0,173062.87946,73171.49062,9529.63911,26352.356249,8844.37491,12874.70324,60.554068506944446,127309544.0,1,1,2020
2020-01-08,5199.499959,0.0,1718621.17636,8121.31317,0.0,0.0,194754.29523,108545.96469,10070.02925,25354.087306,8615.30493,15838.84703,50.57585062500001,128511762.0,2,1,2020
2020-01-09,4073.699997,0.0,1716615.71305,101.51711999999999,0.0,0.0,192036.61338,116335.254128,9259.42468,26135.424894,4824.1125,24446.31534,47.820002708333334,129986657.0,3,1,2020
2020-01-10,36.6,0.0,1713944.50538,16128.021130000001,0.0,0.0,252027.27495,107783.181501,8879.87759,26097.831387,9679.93491,22015.02446,52.32799486111111,131541764.0,4,1,2020
2020-01-11,0.0,0.0,1703278.26718,7986.443630000001,0.0,0.0,162213.35859,105173.018193,7368.58526,21769.581277,6892.16998,21312.39517,51.665520625,127634025.0,5,1,2020
2020-01-12,0.0,0.0,1687128.42917,101.51711999999999,0.0,0.0,140796.95939,85069.10908,4982.55746,19342.581379,4173.8325,27063.27128,41.08023822916667,118333756.0,6,1,2020
2020-01-13,0.0,0.0,1733906.53799,101.51711999999999,0.0,0.0,118731.13197,98749.136154,8604.70311,24671.074884,4832.6425,33712.07885,44.00109857638889,126007174.0,0,1,2020
2020-01-14,0.0,0.0,1757034.1021,101.51711999999999,0.0,0.0,156474.21958,96259.187256,8657.402759999999,22821.937475,5035.3275,24426.32671,50.259427951388886,127081048.0,1,1,2020
2020-01-15,0.0,0.0,1739530.69395,101.51711999999999,0.0,0.0,201814.36324,96044.525279,6044.52052,25694.587488999998,7114.8199700000005,12951.41738,52.398231423611115,128568099.0,2,1,2020
2020-01-16,0.0,0.0,1739440.474,56.33725999999999,0.0,0.0,188061.92902,99460.386187,4870.00037,21787.324903,5134.5075,11951.43327,47.59566989583333,130475686.0,3,1,2020
2020-01-17,0.0,0.0,1718398.83104,34.8048,0.0,0.0,162736.31365999999,87813.302078,4673.95798,18524.093614,5191.865,17460.01238,41.59645892361111,129992168.0,4,1,2020
2020-01-18,0.0,0.0,1698018.36498,34.8048,0.0,0.0,156152.429,115475.437261,5907.96342,22083.387509,4738.405,14201.71543,42.219397118055554,121220120.0,5,1,2020
2020-01-19,0.0,0.0,1746995.84513,6384.95313,0.0,0.0,204114.22772,101224.618659,8812.97207,22552.331125,13151.064840000001,12024.3468,55.14162368055556,121951304.0,6,1,2020
2020-01-20,0.0,0.0,1808969.88504,52050.25039,0.0,943.13937,250883.1935,81562.086797,5690.96218,22760.106141,10104.012420000001,21676.311130000002,71.79506215277777,138533393.0,0,1,2020
2020-01-21,0.0,0.0,1827757.7470800001,42720.13055,0.0,0.0,203703.76002,74527.233999,9337.60506,24041.443677,18887.36727,12554.484120000001,63.49864906249999,143179344.0,1,1,2020
2020-01-22,0.0,0.0,1816809.14362,55584.27042,0.0,0.0,285085.51449,88009.88568800001,7642.72366,25978.15623,20438.05478,14193.03934,57.98344930555555,145312045.0,2,1,2020
2020-01-23,0.0,0.0,1810266.20612,67966.69636,0.0,0.0,314991.66223,70370.203979,7567.49979,25154.612456,20492.67231,17034.20443,114.09272671165506,145707408.0,3,1,2020
2020-01-24,0.0,0.0,1868050.39317,27221.77572,0.0,0.0,279798.03491,77984.59131,3748.19351,25179.681358,15991.60994,9066.91767,64.48036430555555,145002950.0,4,1,2020
2020-01-25,0.0,0.0,1782183.47952,6511.31369,0.0,0.0,231015.98691,60297.562077,7381.06037,22371.693861,28084.2775,11321.78399,55.47255836805556,133523818.0,5,1,2020
2020-01-26,0.0,0.0,1755183.29357,12567.02593,0.0,0.0,179411.50229,69531.671512,9340.398509999999,22678.737528999998,17338.8325,19371.81691,52.74363701388889,126388429.0,6,1,2020
2020-01-27,0.0,0.0,1777419.73694,4640.51348,0.0,0.0,255726.51616,46696.315826,6673.36874,18235.043722,32557.84748,16046.05919,55.16602861111111,125682690.0,0,1,2020
2020-01-28,0.0,0.0,1860372.65657,40121.521,0.0,0.0,290986.60448,49358.157995,8986.29472,14794.499913,45138.04727,24035.69884,68.59574725694445,134238956.0,1,1,2020
2020-01-29,0.0,0.0,1882699.74513,31390.9159,0.0,0.0,257535.13643,62030.269468,10062.52255,17792.256179,35810.9823,11933.39479,76.68507166666667,137717089.0,2,1,2020
2020-01-30,0.0,0.0,1853001.0951,57065.78248,0.0,0.0,292248.92142,73425.797184,9387.71236,19303.562448,41634.15208,13431.7613,139.61909968749998,136092518.0,3,1,2020
2020-01-31,0.0,0.0,1803841.41089,68420.12272,0.0,0.0,337021.79833,98781.157146,9139.31666,19894.225044,40540.01966,20124.14014,142.522042749613,133838690.0,4,1,2020
2020-02-01,0.0,0.0,1779979.63253,55518.4277,0.0,0.0,295315.64291,93983.64219099999,9456.81597,19891.593778,32307.92233,24992.094960000002,85.33826310070941,125941773.0,5,2,2020
2020-02-02,0.0,0.0,1712081.89485,18480.01428,0.0,0.0,270480.7562,120793.04355,9675.3244,19348.868779,27235.00231,14536.66315,70.07761795710077,127401227.0,6,2,2020
2020-02-03,0.0,0.0,1728581.98637,50971.71282,0.0,0.0,284614.58415,125792.339482,8626.54872,17937.81251,20744.99228,8005.77631,60.43421755208333,143576380.0,0,2,2020
2020-02-04,0.0,0.0,1662502.66419,55.108799999999995,0.0,0.0,193850.24278,96314.09652400001,4903.64668,19647.093719,12120.4175,23182.06058,44.867928570601855,136404650.0,1,2,2020
2020-02-05,0.0,0.0,1680124.87535,55.108799999999995,0.0,0.0,182846.92149,78416.039574,2237.65782,20444.806302,11615.56,32197.11062,45.66449645833333,130268196.0,2,2,2020
2020-02-06,0.0,0.0,1699946.20164,54.917449999999995,0.0,0.0,143520.21451,103285.177688,5119.48405,20395.012444,7768.8075,23122.99487,46.23309878472222,130099536.0,3,2,2020
2020-02-07,0.0,0.0,1700306.13314,55.108799999999995,0.0,0.0,132326.99519,111522.026353,6113.85976,20102.324929000002,6281.175,13726.51829,43.403543159722226,131089109.0,4,2,2020
2020-02-08,0.0,0.0,1685320.68887,55.108799999999995,0.0,0.0,98813.78375,110467.54247500001,3096.98169,22090.856244,7115.58497,8445.10444,36.40198569444444,123862653.0,5,2,2020
2020-02-09,0.0,0.0,1663883.50086,55.108799999999995,0.0,0.0,125653.07706,103324.609309,7657.81989,23505.168679,9295.39,7012.11042,35.81350972222222,122881560.0,6,2,2020
2020-02-10,0.0,0.0,1737300.69786,12231.33424,0.0,0.0,176396.0425,95843.933857,6205.4763299999995,22084.825107,25015.85497,13349.04302,48.695221180555556,134185962.0,0,2,2020
2020-02-11,0.0,0.0,1754890.91937,16069.80674,0.0,0.0,276095.30709,112122.356813,7857.23243,23189.074964,25493.05993,13357.46745,55.93579041666666,135609214.0,1,2,2020
2020-02-12,0.0,0.0,1757434.93992,10240.59606,0.0,0.0,241762.79301,117204.234772,8743.18557,23131.343618,22403.0775,11438.27428,52.06053659722222,134597173.0,2,2,2020
2020-02-13,0.0,0.0,1745032.80547,32700.46805,0.0,0.0,234356.98677,114530.927204,8322.42848,22847.868811,18441.10744,11582.86856,65.53936409722222,132607282.0,3,2,2020
2020-02-14,0.0,0.0,1774624.52777,29365.15098,0.0,0.0,255081.62453,114144.377224,6610.99225,21410.837377,9444.73749,13861.37221,56.099324930555554,132217761.0,4,2,2020
2020-02-15,0.0,0.0,1646330.88563,47538.247149999996,0.0,0.0,241830.74956999999,112213.785726,6200.13629,22349.000122,13857.31992,12355.16467,63.454990555555554,127533642.0,5,2,2020
2020-02-16,0.0,0.0,1649965.28363,31150.58156,0.0,0.0,249276.83005,102530.864499,9111.93918,22889.487539,10643.99487,14550.463240000001,60.66008513888889,127380945.0,6,2,2020
2020-02-17,0.0,0.0,1811775.16625,47128.1754,0.0,0.0,274025.81104,98587.41986,9895.74591,21431.943679,13590.52485,20557.66121,66.8513771875,136789539.0,0,2,2020
2020-02-18,0.0,0.0,1821004.46423,63920.73236,0.0,0.0,244823.28776,99753.744342,8409.64168,14836.706197,21848.41223,12309.97033,62.399462326388885,136364579.0,1,2,2020
2020-02-19,0.0,0.0,1788250.4867,47948.39402,0.0,4498.928739999999,276262.16189,109953.337826,6693.83033,16067.87491,16513.64237,8485.64382,58.13649635416667,139079169.0,2,2,2020
2020-02-20,0.0,0.0,1766769.15901,48422.03112,0.0,0.0,266159.57139,100459.66228799999,10362.0022,16794.987635999998,17595.96484,15789.36547,65.44756732638889,134607588.0,3,2,2020
2020-02-21,0.0,0.0,1676510.50337,21818.294980000002,0.0,0.0,192614.93829,101806.364287,7883.18833,18665.393792,10136.19998,19379.52868,55.091191875,130950614.0,4,2,2020
2020-02-22,0.0,0.0,1663667.27904,171.12672,0.0,0.0,140766.24845,57587.771422,3870.49714,18884.568888,8958.1025,40254.0449,44.56165920138889,121119050.0,5,2,2020
2020-02-23,0.0,0.0,1674076.51431,6730.12698,0.0,0.0,106350.18412,44634.062216,2345.81567,19736.649916,17860.745,37509.12082,47.14742052083333,116910586.0,6,2,2020
2020-02-24,0.0,0.0,1748004.52086,9795.70861,0.0,0.0,152114.59968,61809.060794,5073.70849,22780.874936,22590.70499,33124.812640000004,50.69172302083334,126225963.0,0,2,2020
2020-02-25,0.0,0.0,1790095.13958,20083.05472,0.0,0.0,192129.79188,61022.949953,7786.20074,22696.581252,21776.1375,23050.5427,54.69283315972223,127025320.0,1,2,2020
2020-02-26,0.0,0.0,1720438.56185,21702.6734,0.0,0.0,204743.91614,76193.53840800001,5574.50928,24145.700201,25066.355,8144.99771,48.56831145833333,131560656.0,2,2,2020
2020-02-27,0.0,0.0,1742231.36677,22941.45271,0.0,0.0,218636.75982,94140.12663099999,8572.36936,22121.124983,28037.015,8000.26254,46.73430840277778,132125457.0,3,2,2020
2020-02-28,0.0,0.0,1722722.6882500001,15630.56948,0.0,0.0,176323.58646,123574.699744,9814.02147,22125.543759,37261.72488,7942.04711,45.71647447916666,130743867.0,4,2,2020
2020-02-29,0.0,0.0,1719980.45912,110.21759999999999,0.0,0.0,96453.48376,104608.256073,8891.28457,23477.968805,34956.0999,21013.5252,44.51086090277778,120579296.0,5,2,2020
2020-03-01,0.0,0.0,1685046.18501,8678.926650000001,0.0,0.0,98784.56168,113721.597339,8271.75759,22764.762600000002,28969.89235,20744.59682,40.143967986111114,117689805.0,6,3,2020
2020-03-02,0.0,0.0,1749499.93832,55933.88235,0.0,0.0,173390.44234,113672.078031,9248.19775,21422.881364,31203.77482,12281.79996,63.04903253472222,130366737.0,0,3,2020
2020-03-03,0.0,0.0,1737508.16817,41834.37784,0.0,0.0,173136.62499,97464.656187,8573.67243,23080.799967,26719.52483,18078.87541,58.33581194444445,131037366.0,1,3,2020
2020-03-04,0.0,0.0,1717024.15838,36140.95009,0.0,0.0,236254.78205,89119.656541,6924.49894,23407.643788,10925.8175,34668.9708,50.20855715277778,129020504.0,2,3,2020
2020-03-05,0.0,0.0,1639375.26556,27958.97978,0.0,0.0,294808.23474,95296.17893,5222.17136,23831.193624,16338.11238,33760.8128,58.37216451388889,130589567.0,3,3,2020
2020-03-06,0.0,0.0,1605695.56111,30230.402850000002,0.0,0.0,312370.84979,89899.613098,4237.80083,22010.231147,25245.58227,13620.41134,75.2818403125,134396113.0,4,3,2020
2020-03-07,0.0,0.0,1358515.93345,45433.24852,0.0,0.0,287734.93653,89736.066374,9515.27294,22560.28129,23994.465,17851.81023,53.58945621527778,124102194.0,5,3,2020
2020-03-08,0.0,0.0,1443985.99521,18678.91039,0.0,0.0,240245.51347,89582.170321,4461.01061,23841.300137,16981.2475,42483.51594,35.01823739583333,118536529.0,6,3,2020
2020-03-09,0.0,0.0,1489905.51969,72.50976,0.0,0.0,277046.00734,85782.765565,4116.61399,23918.549988,19750.20746,38840.91119,41.815228159722224,124665629.0,0,3,2020
2020-03-10,0.0,0.0,1454743.377,7608.38734,0.0,0.0,282262.53378,73247.948962,4477.58118,23696.16263,27314.1575,30770.40713,47.14211409722222,121687858.0,1,3,2020
2020-03-11,0.0,0.0,1427592.28193,29520.61828,0.0,0.0,248490.36813,70482.038935,8774.54705,22529.431169,29290.297300000002,36702.47556,35.191552395833334,120393081.0,2,3,2020
2020-03-12,0.0,0.0,1473587.52367,25912.98498,0.0,0.0,254699.52398,99514.269606,8759.40984,22026.431384,33844.00992,51574.87299,38.17085465277778,119823147.0,3,3,2020
2020-03-13,0.0,0.0,1481366.00582,42890.31497,0.0,0.0,249180.94934,110490.443896,8016.67164,23307.606258,31588.69977,32156.872499999998,34.5564778125,118277301.0,4,3,2020
2020-03-14,0.0,0.0,1512947.14788,24568.34491,0.0,0.0,225487.26399,106461.865901,9643.94207,23950.031476,32225.94983,21293.44707,28.626714583333335,110278144.0,5,3,2020
2020-03-15,0.0,0.0,1566213.46563,21811.106330000002,0.0,0.0,160460.57102,123871.329348,8747.98235,23264.224997,21251.10726,21675.21071,20.39514121527778,109087420.0,6,3,2020
2020-03-16,0.0,0.0,1619130.88741,18013.5334,0.0,0.0,212445.62573,122752.457649,10034.71758,24175.618842,23512.119749999998,28770.83135,31.63296934027778,117607289.0,0,3,2020
2020-03-17,0.0,0.0,1611666.83728,22608.85165,0.0,0.0,226750.84309,121836.343097,9594.10889,24182.756329,22495.32215,38029.77863,32.07562673611111,117037370.0,1,3,2020
2020-03-18,0.0,0.0,1620794.1741900002,8765.22531,0.0,1071.98182,221202.24638,120226.153299,10255.35823,24043.912507,25346.94465,51304.04474,32.689307604166665,116856623.0,2,3,2020
2020-03-19,0.0,0.0,1608329.75812,7414.039540000001,0.0,0.0,237966.04704,116527.654229,10012.64491,24388.293924999998,18780.52475,54350.13256,35.359928680555555,117011174.0,3,3,2020
2020-03-20,0.0,0.0,1578441.03718,9536.92569,0.0,0.0,241164.38549000002,107964.67095,9938.44551,22501.168606,19814.93478,22843.30398,33.525007118055555,117866064.0,4,3,2020
2020-03-21,0.0,0.0,1596834.01303,11504.52726,0.0,0.0,217935.55577,121356.305831,9439.80223,22764.699973,10858.36249,28055.75521,39.91993121527778,113263698.0,5,3,2020
2020-03-22,0.0,0.0,1555836.73841,10464.555540000001,0.0,0.0,258056.96761,85487.193684,9461.68254,20816.356093,8358.2925,44000.9975,36.87424145833334,114913751.0,6,3,2020
2020-03-23,0.0,0.0,1595294.57752,8680.407360000001,0.0,0.0,300772.03557,87954.100618,8523.63646,23391.706283,10973.99491,45635.4266,40.941636805555554,124471640.0,0,3,2020
2020-03-24,0.0,0.0,1487524.63002,48614.3386,0.0,0.0,302839.1492,100329.112812,3672.9413,24256.437699,7517.07499,72481.6169,38.37034135416666,121896944.0,1,3,2020
2020-03-25,0.0,0.0,1507622.6252899999,10287.0829,0.0,0.0,314567.39876,92541.45322,6348.60379,23543.962474,11085.8875,47769.410990000004,40.322950451388884,119772375.0,2,3,2020
2020-03-26,0.0,0.0,1529856.90937,11238.17804,0.0,0.0,285315.63448,106361.51784500001,7255.47874,24148.781264999998,8712.3425,44251.91573,37.40560791666666,118350677.0,3,3,2020
2020-03-27,0.0,0.0,1535708.07065,11528.67608,0.0,0.0,306602.25626,96060.849028,4265.10131,24795.687561,10342.4525,51629.2475,39.61048326388889,117390507.0,4,3,2020
2020-03-28,0.0,0.0,1544003.19638,6433.50532,0.0,0.0,212098.68952,90761.611341,8195.45389,24952.818808,8933.1625,48148.74711,34.51752559027778,109320956.0,5,3,2020
2020-03-29,0.0,0.0,1511782.78342,34.8048,0.0,0.0,192867.59383,109258.643449,8620.088819999999,23908.299849,10745.695,45018.37951,33.74198545138889,108380285.0,6,3,2020
2020-03-30,0.0,0.0,1584500.61692,13061.88872,0.0,0.0,288499.15635,113250.53937,8810.37574,25051.274908,15464.88996,39819.32803,44.82968503472222,118470300.0,0,3,2020
2020-03-31,0.0,0.0,1608698.32586,18227.2166,0.0,0.0,315348.52607,122095.687632,8603.77239,22438.031383,15548.01491,38752.62025,47.716119722222224,119909187.0,1,3,2020
2020-04-01,0.0,0.0,1544831.6637,18031.88277,0.0,0.0,298531.73708,126403.086623,8200.98936,24925.999992,24513.26224,47281.23383,47.6804140625,119232098.0,2,4,2020
2020-04-02,0.0,0.0,1559879.22319,5200.82499,0.0,0.0,310976.33781,112542.147493,7624.83337,23819.356064,13645.519909999999,33501.37472,49.31072493055555,118272588.0,3,4,2020
2020-04-03,0.0,0.0,1532599.57668,34.8048,0.0,0.0,288582.79268,108367.560312,8036.68079,23669.537348,8735.71997,14802.0761,47.56708888888889,118882621.0,4,4,2020
2020-04-04,0.0,0.0,1531379.03102,34.8048,0.0,0.0,169004.1874,103877.189635,3583.41826,23191.106322,6195.3150000000005,16635.583160000002,40.38342895833333,114322723.0,5,4,2020
2020-04-05,0.0,0.0,1462884.17618,34.8048,0.0,0.0,172598.11099000002,106805.195415,9910.88776,23758.350007,10531.0149,27349.48165,24.591362708333335,108784338.0,6,4,2020
2020-04-06,0.0,0.0,1550179.28703,3768.0049500000005,0.0,0.0,272765.36365,110805.069601,10042.76631,24337.168880999998,13476.90977,25323.30756,47.10048951388888,114132058.0,0,4,2020
2020-04-07,0.0,0.0,1537896.73836,4810.90609,0.0,0.0,287456.19003,115869.721195,8607.54803,23346.125042,10989.83741,26757.044710000002,39.53796947916667,113093173.0,1,4,2020
2020-04-08,0.0,0.0,1470622.1686,34.8048,0.0,0.0,261107.99323,112809.299681,7707.50071,22397.42496,10462.12992,66132.68909,30.672868750000003,113016775.0,2,4,2020
2020-04-09,0.0,0.0,1510066.66476,34.8048,0.0,0.0,258511.0159,105244.833134,4179.79618,23879.950174,8244.61493,61135.866910000004,35.3355603125,112528606.0,3,4,2020
2020-04-10,0.0,0.0,1546213.19874,2901.6049000000003,0.0,0.0,53267.65909,86514.822524,6741.05074,25064.449645,9202.812399999999,40025.90045,45.929201319444445,101540874.0,4,4,2020
2020-04-11,0.0,0.0,1469237.44551,34.8048,0.0,0.0,64584.22781,110467.859462,9282.32354,23648.750078,10510.845,23245.1956,26.320545624999998,104624674.0,5,4,2020
2020-04-12,0.0,0.0,1488060.55599,6877.00502,0.0,0.0,36951.41832,128885.690059,9574.702589999999,25012.068779,15821.6774,23360.1519,37.402720520833334,101087522.0,6,4,2020
2020-04-13,0.0,0.0,1511008.53335,5124.2955,0.0,0.0,74761.8478,110351.277898,8086.06853,25104.062497,15947.02995,36558.52976,48.54920777777778,103556810.0,0,4,2020
2020-04-14,0.0,0.0,1500804.9629,8728.78058,0.0,0.0,160535.25188,105485.854238,9275.280420000001,25120.793714,13698.61742,51198.40314,37.36655079861111,112750501.0,1,4,2020
2020-04-15,2279.199984,0.0,1484222.70045,10036.7449,0.0,0.0,147670.11498,106828.277889,9129.6464,24492.037504,18460.23988,51942.584800000004,30.98338423611111,112713762.0,2,4,2020
2020-04-16,3685.700029,0.0,1478343.18291,5475.440979999999,0.0,0.0,150533.1141,106644.215832,9153.77355,24959.275031,13943.77488,24242.64972,30.96108746527778,112755437.0,3,4,2020
2020-04-17,2267.1,0.0,1506066.97009,9960.6052,0.0,0.0,156387.00599,98100.828485,8375.94994,23853.168794,20841.74739,11033.64754,32.34676503472222,116057261.0,4,4,2020
2020-04-18,2264.9,0.0,1525265.31255,20178.15074,0.0,0.0,123631.54983999999,81312.615613,2358.43583,25816.993699,15290.9724,7274.78776,42.25254204861111,112319344.0,5,4,2020
2020-04-19,1550.3,0.0,1526123.17621,34.8048,0.0,0.0,87665.09455,99974.879821,7065.3242,25742.137537000002,19160.2499,3169.8170600000003,39.29105086805556,106573150.0,6,4,2020
2020-04-20,0.0,0.0,1506952.57742,14218.03572,0.0,0.0,118432.1961,113776.474226,8853.01418,25401.550064,16718.43491,13578.548270000001,38.2235509375,111376926.0,0,4,2020
2020-04-21,0.0,0.0,1533451.28786,10341.58058,0.0,0.0,169297.44427,99537.602397,8944.02586,25522.562616,13874.47986,24794.52867,36.20219802083333,112506029.0,1,4,2020
2020-04-22,0.0,0.0,1496974.51447,13510.24438,0.0,0.0,166690.85335,115279.69537,9080.12817,23724.400096999998,18254.38743,31636.15831,37.74072861111111,114193678.0,2,4,2020
2020-04-23,0.0,0.0,1461646.67146,5414.005,0.0,0.0,176129.9535,113562.985359,9189.81385,25113.018669,14719.6,32747.14535,35.87789392361111,113062241.0,3,4,2020
2020-04-24,0.0,0.0,1433578.20339,4675.40499,0.0,0.0,225353.23799,114529.335724,7326.5727,26333.6812,8600.8225,32734.67864,34.88241954861111,112192467.0,4,4,2020
2020-04-25,0.0,0.0,1414060.11807,3201.60488,0.0,0.0,98141.11381,109835.287785,8868.93245,25567.512516,24496.44715,53237.10447,28.300903229166664,104899703.0,5,4,2020
2020-04-26,0.0,0.0,1468421.88195,34.8048,0.0,0.0,99132.48965,107201.756107,8855.91013,24391.893777,14474.614889999999,39911.65423,23.065109097222223,104240563.0,6,4,2020
2020-04-27,0.0,0.0,1512043.76719,9385.20514,0.0,0.0,172982.28702,113340.177268,7586.11156,25730.037534,16671.14991,47991.95076,37.20498725694444,112533801.0,0,4,2020
2020-04-28,0.0,0.0,1412492.8201,3650.40498,0.0,0.0,244780.79791,89466.569185,6738.6978500000005,26236.249856000002,9560.2825,70049.70971,30.548376319444444,114022121.0,1,4,2020
2020-04-29,0.0,0.0,1434279.93215,5231.8049599999995,0.0,0.0,218341.08471999998,79655.682873,8048.86049,25714.793653,17650.0199,58394.41968,36.69415583333333,114338972.0,2,4,2020
2020-04-30,0.0,0.0,1450889.91129,34.8048,0.0,0.0,203219.44464,84274.880837,6372.94122,25863.931299,20162.65483,44987.585,37.37879763888889,114615851.0,3,4,2020
2020-05-01,0.0,0.0,1402717.26915,34.8048,0.0,0.0,142611.38476000002,88102.07634099999,8583.56512,24551.200182,16558.02733,58001.04192,13.181062534722221,109883032.0,4,5,2020
2020-05-02,0.0,0.0,1392291.62573,34.8048,0.0,0.0,80690.33927,50903.127964,6409.72261,23333.506089,16951.88964,67388.37454,-40.42739145833333,103039427.0,5,5,2020
2020-05-03,0.0,0.0,1388921.87243,2659.00487,0.0,0.0,73803.65943,59590.774242,8191.86019,23210.124991,22158.757240000003,66164.78379,4.320485486111113,101143300.0,6,5,2020
2020-05-04,0.0,0.0,1495702.21018,11422.90411,0.0,0.0,117597.68807999999,99979.745379,8429.27284,23010.099906,15381.97489,27826.16478,29.277998680555555,102251874.0,0,5,2020
2020-05-05,0.0,0.0,1520216.2309,34.8048,0.0,0.0,163793.06803,101613.988109,8691.41457,23366.100332,10103.77493,61281.37309,32.34243291666667,110227951.0,1,5,2020
2020-05-06,0.0,0.0,1460102.57125,6619.92957,0.0,0.0,144929.89017,107426.753739,7742.50524,24689.718588,11217.52994,79552.88879,31.58047097222222,111794680.0,2,5,2020
2020-05-07,0.0,0.0,1501533.46778,6623.81708,0.0,0.0,164252.87287,80814.225009,6748.76786,25102.97494,12505.9125,62453.00539,30.684033854166668,111832350.0,3,5,2020
2020-05-08,0.0,0.0,1427657.10288,10470.918950000001,0.0,0.0,213383.0524,88297.669877,6607.50596,24722.02496,13677.0575,42818.41122,29.94825059027778,110765434.0,4,5,2020
2020-05-09,0.0,0.0,1340289.13106,10081.27217,0.0,0.0,150006.65438000002,87736.428967,6388.10852,23968.668775000002,15958.3025,30854.67637,28.455259305555558,105836616.0,5,5,2020
2020-05-10,0.0,0.0,1339390.10344,15783.439120000001,0.0,0.0,177410.22731,100299.506775,3600.77321,24510.693780999998,17975.89496,56702.85921,30.434006840277778,103943866.0,6,5,2020
2020-05-11,0.0,0.0,1384799.44426,14763.775459999999,0.0,0.0,224622.68092,110144.427751,8753.67139,22205.506387999998,18843.59495,59195.05549,31.226957604166667,109788840.0,0,5,2020
2020-05-12,0.0,0.0,1365881.59853,13555.41727,0.0,0.0,220456.51945,97913.903246,7915.08933,22367.906146,18670.90987,72786.49244,34.322274201388886,110650706.0,1,5,2020
2020-05-13,0.0,0.0,1463659.42272,10543.48007,0.0,0.0,219576.01457,78279.907493,6070.9336,22815.668733,20408.99735,45803.44549,32.50687701388889,110648551.0,2,5,2020
2020-05-14,0.0,0.0,1513401.70433,16772.6223,0.0,0.0,220104.03435,84397.513742,5302.27164,22394.18123,19340.94242,43087.78792,36.60964059027778,110355832.0,3,5,2020
2020-05-15,0.0,0.0,1518764.75579,7612.06316,0.0,0.0,165357.2755,95588.981943,6534.6523,21619.968797,14794.9825,72112.57904,34.15816715277778,107763009.0,4,5,2020
2020-05-16,0.0,0.0,1496530.646,10759.786830000001,0.0,0.0,123040.22761,86485.333243,7808.22248,22089.475154,22560.94986,71731.31952,31.170552465277776,103330798.0,5,5,2020
2020-05-17,0.0,0.0,1470605.06232,4561.91273,0.0,0.0,142468.99082,92401.200555,7868.94247,22363.475109,23997.75489,93037.0328,32.17922847222222,102218093.0,6,5,2020
2020-05-18,0.0,0.0,1513520.21189,5380.91277,0.0,0.0,181845.9842,45364.705448,5377.38416,23049.774913,16178.09993,74053.31397,29.708914479166666,110916926.0,0,5,2020
2020-05-19,0.0,0.0,1477948.93116,6080.66106,0.0,0.0,175307.63892,47084.717822,6901.97997,22928.131336,14641.43998,84776.09885000001,27.867984340277776,110866149.0,1,5,2020
2020-05-20,0.0,0.0,1560324.38187,4718.5126900000005,0.0,0.0,197496.10698,31722.561772,2171.40244,22666.325193,19287.7025,26735.99391,46.605687395833336,112283244.0,2,5,2020
2020-05-21,0.0,0.0,1610623.47017,23217.08629,0.0,0.0,204489.93638,20693.533512,928.05969,24901.293818,31332.13993,41764.01584,45.97874069444444,113191155.0,3,5,2020
2020-05-22,0.0,0.0,1535050.37205,23909.5506,0.0,0.0,219219.6327,29868.527738,6363.78969,25844.643874,34563.61241,70570.86015,45.39534493055555,111575055.0,4,5,2020
2020-05-23,0.0,0.0,1511980.11396,21800.44608,0.0,0.0,207309.90425,18137.431817,4535.32874,25877.149994,31327.32991,78350.22038,48.7632771875,110293682.0,5,5,2020
2020-05-24,0.0,0.0,1409108.73114,4208.11288,0.0,0.0,131242.91896,110415.938139,4815.01974,23216.831255999998,35074.3624,70589.83,38.25615621527778,105315159.0,6,5,2020
2020-05-25,0.0,0.0,1419637.39584,14204.41508,0.0,0.0,219408.59916,111014.374826,7287.754989999999,23188.456333000002,34041.54236,48391.99061,40.75811885416667,110748953.0,0,5,2020
2020-05-26,0.0,0.0,1438307.88609,17941.33933,0.0,0.0,211587.91124,107820.11638600001,6934.63851,22321.856094,27532.82498,30893.06979,40.43625375,109305332.0,1,5,2020
2020-05-27,0.0,0.0,1448825.76904,18918.71014,0.0,0.0,262412.93126,95950.416493,5398.93435,24541.22502,29214.15493,16366.468139999999,43.03730434027778,110211074.0,2,5,2020
2020-05-28,0.0,0.0,1456918.83513,20803.82378,0.0,0.0,265882.94633,86244.307856,5184.2214300000005,23593.675006,24401.98993,19355.04485,36.33020857638889,109912176.0,3,5,2020
2020-05-29,0.0,0.0,1391396.53322,19326.315020000002,0.0,0.0,248354.22186,100709.638268,8276.199209999999,22662.312533,27083.67742,45623.87048,37.21516034722222,109358916.0,4,5,2020
2020-05-30,0.0,0.0,1305208.0181,10564.99521,0.0,0.0,151208.25676,89861.382344,6708.54084,23927.437491,30029.05988,78332.97594,29.102199305555555,104611649.0,5,5,2020
2020-05-31,0.0,0.0,1334615.2429,7483.75159,0.0,0.0,191228.68829,88709.461047,5626.42243,21218.431281,29684.57241,33175.869510000004,35.14035722222222,104502188.0,6,5,2020
2020-06-01,0.0,0.0,1354287.60691,21823.47856,0.0,0.0,246787.3085,82395.809255,6565.92165,23433.287542000002,28537.00993,28614.66605,34.031747430555555,110661092.0,0,6,2020
2020-06-02,0.0,0.0,1321211.17939,25864.26789,0.0,0.0,251903.36686,85716.982674,8398.13357,25455.731341,22061.43498,91340.02616,24.631341562499998,110898967.0,1,6,2020
2020-06-03,0.0,0.0,1334839.28122,30486.323770000003,0.0,0.0,266280.49123,95106.626964,8309.60903,25713.137224,28034.21232,89459.74192,36.300961701388886,112375874.0,2,6,2020
2020-06-04,0.0,0.0,1382199.35743,37029.83847,0.0,0.0,263587.36835,93051.400216,8290.093780000001,25306.831170999998,31591.67729,79118.82703,42.59403774305556,113480831.0,3,6,2020
2020-06-05,0.0,0.0,1416041.47296,31754.911490000002,0.0,0.0,295399.4268,60227.501414,7945.00068,24667.106138,33016.67238,45709.23098,46.226253854166664,112265696.0,4,6,2020
2020-06-06,0.0,0.0,1388906.93237,21630.66772,0.0,0.0,201618.88254,85532.052039,7691.27084,22778.875071,17837.5675,41229.56911,34.95956076388889,106268870.0,5,6,2020
2020-06-07,0.0,0.0,1429750.87258,34678.50981,0.0,0.0,257278.82255,52497.557703,2744.93155,21774.543747,15479.2449,34967.27961,46.67195180555556,105866992.0,6,6,2020
2020-06-08,0.0,0.0,1486923.59579,36210.93331,0.0,0.0,286399.70591,86164.970372,6959.57948,21287.71889,14120.90245,44091.29316,55.420782951388894,113240708.0,0,6,2020
2020-06-09,0.0,0.0,1509475.08328,41528.1702,0.0,0.0,279753.44114,76857.655233,7722.75078,21479.956177,19162.01241,56758.10921,54.79869847222222,113836283.0,1,6,2020
2020-06-10,0.0,0.0,1568101.80149,37689.35308,0.0,0.0,281707.27604,63580.755589,4793.18088,21619.856457,14678.52493,48303.77968,43.14367263888889,115339437.0,2,6,2020
2020-06-11,0.0,0.0,1538094.18308,30036.12818,0.0,0.0,291266.04487,80754.213899,5417.17228,16562.724995,12014.9575,27996.88813,38.04065586805556,114397965.0,3,6,2020
2020-06-12,0.0,0.0,1505824.54508,12020.40081,0.0,0.0,260459.85179,69802.283379,7095.87634,21892.256125,12471.8075,62609.261620000005,28.14043642361111,112770742.0,4,6,2020
2020-06-13,0.0,0.0,1511316.32958,13308.18266,0.0,0.0,260142.95019,41354.686584,5879.258650000001,22192.487484,10733.155,73025.35448,29.123479305555552,108462383.0,5,6,2020
2020-06-14,0.0,0.0,1450255.59972,9687.265229999999,0.0,0.0,274064.69151,40182.085031,1641.65298,22171.156363,10978.0525,51823.182740000004,29.04222354166667,108644073.0,6,6,2020
2020-06-15,0.0,0.0,1514124.96922,22961.57256,0.0,0.0,270007.84929,47420.885919,7655.25967,22431.937754,13849.67741,53275.22886,28.4391165625,114247313.0,0,6,2020
2020-06-16,0.0,0.0,1524410.55103,32262.098250000003,0.0,0.0,306779.01057,68006.069688,6928.28966,21837.943636,12787.6,39662.89929,32.69511253472222,113803783.0,1,6,2020
2020-06-17,0.0,0.0,1467700.85553,41902.47955,0.0,0.0,307401.55183,74386.873886,7811.68573,22038.218679,13000.28487,42209.24349,36.20659104166666,113420124.0,2,6,2020
2020-06-18,148.2,0.0,1439858.6480100001,16679.62941,0.0,0.0,246742.0313,50826.885169,6850.53288,22224.350105,18173.34231,79143.8511,31.646780590277775,114464392.0,3,6,2020
2020-06-19,0.0,0.0,1426016.39035,12283.29614,0.0,0.0,221777.73931,75687.254668,7962.21734,23924.343806,18033.877389999998,85407.33681000001,23.367763611111112,113323831.0,4,6,2020
2020-06-20,0.0,0.0,1448737.54554,19089.24774,0.0,0.0,242624.37534,62518.449516,5070.35839,24788.068719,14548.75235,43300.18949,28.00227861111111,108633895.0,5,6,2020
2020-06-21,0.0,0.0,1435722.61828,18155.17267,0.0,0.0,256973.16837,79708.762752,6620.37849,25215.80632,16649.08238,33292.47185,25.46768611111111,106668167.0,6,6,2020
2020-06-22,0.0,0.0,1382277.23496,22647.63734,0.0,0.0,261636.28689,81903.23857100001,8594.66582,24134.718654,20455.7273,62684.5585,23.16560628472222,113523622.0,0,6,2020
2020-06-23,0.0,0.0,1447472.48467,32079.13198,0.0,0.0,267431.12304,85270.047605,7714.51186,23590.843744,21964.08227,73419.58064,22.77743888888889,116191263.0,1,6,2020
2020-06-24,0.0,0.0,1451598.33081,47033.5002,0.0,0.0,278968.23781,86321.657942,8548.11095,24304.868711,19514.42984,82998.30085,25.72732611111111,115870050.0,2,6,2020
2020-06-25,0.0,0.0,1448785.87467,36417.91482,0.0,0.0,247540.05825,90010.439509,8218.28369,23622.993649,27892.04225,74295.13808,38.442689305555554,114897847.0,3,6,2020
2020-06-26,0.0,0.0,1485509.21511,42513.80189,0.0,0.0,234007.10304000002,97887.839115,8501.000250000001,19721.225201,26267.37479,40058.35117,33.61073190972222,113410787.0,4,6,2020
2020-06-27,0.0,0.0,1426361.51064,33364.5378,0.0,0.0,177360.5975,81410.206175,8027.58638,21670.543814,25520.90476,44910.56347,26.042385104166666,107310156.0,5,6,2020
2020-06-28,0.0,0.0,1472016.95394,26534.022940000003,0.0,0.0,188326.53858,66370.69465,7700.1327,23489.47496,17601.68487,59370.97662,33.269254652777775,107780012.0,6,6,2020
2020-06-29,0.0,0.0,1462291.69012,33080.6753,0.0,0.0,195301.92362000002,78860.044637,8353.31902,23878.831229,19379.88988,67521.74766000001,29.247913506944442,113751423.0,0,6,2020
2020-06-30,0.0,0.0,1468271.71017,35050.17071,0.0,0.0,199951.89432,65622.924055,4930.63502,25333.668685,16657.76992,63557.64161,29.952051597222223,114146635.0,1,6,2020
2020-07-01,0.0,0.0,1435996.27303,28824.59625,0.0,0.0,242813.39476,60703.986488,5412.13844,24441.250124000002,21538.67493,36772.11528,31.09922472222222,112766001.0,2,7,2020
2020-07-02,0.0,0.0,1382487.76748,24824.86991,0.0,0.0,257165.68457,72495.222107,6690.07882,24103.85626,25568.12994,46685.99842,28.71447951388889,111687028.0,3,7,2020
2020-07-03,0.0,0.0,1382132.31109,29013.40797,0.0,0.0,203080.91846,94813.290979,6004.99638,22491.012408,33919.96239,47287.4538,27.56005177083333,109466580.0,4,7,2020
2020-07-04,0.0,0.0,1352276.1293,27080.27127,0.0,0.0,158719.26718,75899.93395,7774.84355,24737.962579,32714.39726,99991.07297,12.9511803125,105320481.0,5,7,2020
2020-07-05,0.0,0.0,1401955.29571,31266.68026,0.0,0.0,162639.67834,87871.680549,8293.37231,24620.356199,34238.06982,75677.52438,31.49258059027778,106808013.0,6,7,2020
2020-07-06,78.8,0.0,1407496.27484,47985.73907,0.0,0.0,284237.51421,85385.503644,8367.96117,23942.206272,27699.88984,25707.03646,43.6168815625,113868337.0,0,7,2020
2020-07-07,0.0,0.0,1401752.18451,47652.78333,0.0,0.0,290056.64964,79161.40911200001,8203.17589,26166.75637,27494.20736,19949.10003,36.56552392361111,112644827.0,1,7,2020
2020-07-08,486.6,0.0,1379278.39554,39633.21621,0.0,0.0,284113.41376,60726.598183,7677.05909,23042.137313,24053.53243,49415.95504,39.965077881944445,112890158.0,2,7,2020
2020-07-09,0.0,0.0,1350906.02157,36328.9029,0.0,0.0,331828.23061,44230.859873,3857.73831,21532.731196,26456.60745,71888.14994,45.75498826388889,113962734.0,3,7,2020
2020-07-10,603.0,0.0,1325366.18542,22741.2941,0.0,0.0,319718.13563,68843.957344,5573.3681400000005,25768.256205,24124.16494,71323.17986,43.25393836805555,112220201.0,4,7,2020
2020-07-11,0.0,0.0,1351850.34565,16666.10435,0.0,0.0,218210.09901,65316.654632,5619.863429999999,26643.381244,30840.94495,35851.50983,43.37075767361111,105245431.0,5,7,2020
2020-07-12,0.0,0.0,1372153.89922,17530.24411,0.0,0.0,232030.17165,61664.462559,2483.44474,25963.993732,32016.18491,7023.04,46.34678888888889,104836520.0,6,7,2020
2020-07-13,1829.7,0.0,1373276.24198,33199.74065,0.0,0.0,281229.92096,84528.816033,6936.9782,26207.968584,21742.055,60535.25993,48.25518211805556,113254728.0,0,7,2020
2020-07-14,579.5,0.0,1365967.23622,49907.15689,0.0,0.0,263805.20673,99853.235627,4320.31323,26738.91235,31418.80985,84190.09675,52.240842569444446,114102344.0,1,7,2020
2020-07-15,273.4,0.0,1368029.01289,50514.69857,0.0,0.0,252569.71157,90657.483251,7680.95679,27262.431149,29454.599860000002,87821.54173,39.0895703125,112349264.0,2,7,2020
2020-07-16,4.1,0.0,1365961.22512,52141.2468,0.0,0.0,241777.14543,98056.731759,9225.23715,26990.243752000002,32360.78471,93737.06542,34.85798454861111,111543230.0,3,7,2020
2020-07-17,0.0,0.0,1446618.31455,38647.04368,0.0,0.0,281846.55359,107533.666621,8852.607549999999,25667.787666,28660.06488,45060.43954,46.31324576388889,110430508.0,4,7,2020
2020-07-18,0.0,0.0,1457669.59487,16312.94835,0.0,0.0,205864.82011,99460.523152,8584.65737,22233.843655,27547.175,19518.44624,35.496941111111106,104434005.0,5,7,2020
2020-07-19,1186.8,0.0,1429635.74845,11627.8268,0.0,0.0,177596.78517000002,92721.036618,8691.55258,25735.125096,23356.7825,15180.05364,27.0262978125,102440108.0,6,7,2020
2020-07-20,2914.6,0.0,1498024.71773,26369.25206,0.0,0.0,195190.16821,86037.921305,8731.79493,26368.231276,30736.74495,56002.78658,38.39647923611111,110360268.0,0,7,2020
2020-07-21,2726.5,0.0,1524279.1475,51563.24627,0.0,0.0,245101.0952,32252.410565000002,6142.15572,26715.787603,25088.42247,32306.3401,37.66271381944444,113294280.0,1,7,2020
2020-07-22,365.3,0.0,1561760.77821,60436.02615,0.0,0.0,224967.6469,24643.552965000003,2048.49439,25741.668876,30568.93731,40786.50996,64.710219375,114750466.0,2,7,2020
2020-07-23,0.0,0.0,1589998.06473,52592.95562,0.0,0.0,282120.2459,49540.79406,3264.0267400000002,25253.912394,29249.23485,42358.61497,60.454182465277775,114873972.0,3,7,2020
2020-07-24,0.0,0.0,1550952.88844,38179.29311,0.0,0.0,204097.45241,79224.963929,6472.04259,25975.14378,25654.15241,39253.91007,43.869749409722225,112702554.0,4,7,2020
2020-07-25,0.0,0.0,1567351.16242,32724.20816,0.0,0.0,199238.11431,81195.50254,4952.49995,25814.775236,24403.20496,24963.62999,38.74417604166667,106563289.0,5,7,2020
2020-07-26,0.0,0.0,1569989.8065,24573.82615,0.0,0.0,192901.5137,72932.292195,2170.69808,26255.787602,26927.32739,34857.37826,34.743793993055554,104221237.0,6,7,2020
2020-07-27,0.0,0.0,1483555.50598,27066.61498,0.0,0.0,205108.0816,92037.106526,4593.20251,27118.900042,25398.85237,71912.31999,29.9029625,110985579.0,0,7,2020
2020-07-28,0.0,0.0,1548349.27615,38163.12004,0.0,0.0,235645.28181000001,102425.691245,9127.15633,26147.681183,12661.417370000001,49327.91003,34.95301329861111,111298051.0,1,7,2020
2020-07-29,0.0,0.0,1474629.00934,44854.64922,0.0,0.0,221146.05554,98569.578151,6556.94379,25738.137304,13753.29975,60003.49892,29.595492013888887,110471793.0,2,7,2020
2020-07-30,0.0,0.0,1448641.5907,61384.7269,0.0,0.0,216489.0561,98751.922225,8766.27617,24495.118612,15078.89983,40068.53577,25.45781888888889,110090706.0,3,7,2020
2020-07-31,2919.7,0.0,1527669.74525,46846.93041,0.0,0.0,253378.1633,98727.984362,9112.09438,25338.443804000002,10972.56985,37665.6097,32.63393513888889,109962445.0,4,7,2020
2020-08-01,1975.099996,0.0,1531952.82078,40137.96129,0.0,0.0,183312.03388,89358.985381,9098.37564,26019.974897,7742.79989,29492.66992,33.93155517361111,104694412.0,5,8,2020
2020-08-02,0.0,0.0,1528074.39154,36037.85075,0.0,0.0,183958.11229,78983.83516,8977.40565,25455.306332,7137.80991,12522.23997,33.38900607638889,102708208.0,6,8,2020
2020-08-03,2551.8,0.0,1577721.19658,44349.378580000004,0.0,0.0,256017.00274,71551.447544,8293.26151,26093.812439,4869.52,15736.74995,35.0698540625,111323737.0,0,8,2020
2020-08-04,3460.1,0.0,1538215.121,45487.55305,0.0,0.0,201428.87679,60947.229554,6853.01255,23253.631299,3154.7200000000003,4978.58,33.51147798611111,110023129.0,1,8,2020
2020-08-05,3079.9,0.0,1524504.65288,22792.22767,0.0,0.0,248019.90542,70635.235883,9076.55435,22517.131136,18166.52494,19104.05996,33.550874201388886,108707121.0,2,8,2020
2020-08-06,3113.1,0.0,1552881.29309,48106.19304,0.0,0.0,253150.15372,64548.247509,8736.60929,22344.306228,28875.82238,16558.80258,35.4273015625,109139429.0,3,8,2020
2020-08-07,2498.8,0.0,1548221.5718399999,44811.87912,0.0,0.0,280159.33114,35253.574466,1909.12607,25250.393652,25998.56493,68574.75766,33.47454659722222,111455224.0,4,8,2020
2020-08-08,0.0,0.0,1502131.62466,16139.79329,0.0,0.0,191913.28485999999,82557.223979,6448.6235,24435.36251,21359.1775,25608.47687,33.88027267361111,103559130.0,5,8,2020
2020-08-09,0.0,0.0,1424242.37244,18797.09803,0.0,0.0,191603.22277,85889.021631,7678.67061,26614.27496,21797.8724,48677.29997,21.698795069444444,102215973.0,6,8,2020
2020-08-10,0.0,0.0,1490904.1431800001,51997.0001,0.0,0.0,231062.76465,114158.384666,5791.48104,24896.987364,23986.49743,75034.34007,35.3188634375,111755816.0,0,8,2020
2020-08-11,153.4,0.0,1531705.5561,28434.185989999998,0.0,0.0,185185.83002,115029.344347,8437.2856,21058.231294,23001.22995,22047.49005,34.92397881944444,109789569.0,1,8,2020
2020-08-12,3128.3,0.0,1529729.52164,30470.76668,0.0,0.0,174922.6289,100462.395552,8564.47368,14345.793837,24607.47237,35424.38502,37.624092465277776,109104100.0,2,8,2020
2020-08-13,3282.8,0.0,1464123.86242,27939.02151,0.0,4118.41078,155505.27459000002,78062.065426,8976.35685,19739.824883,22417.71987,33567.41406,19.701420625,107332078.0,3,8,2020
2020-08-14,3276.2,0.0,1445867.12013,21342.39033,0.0,0.0,135098.82423,92766.634445,8702.9182,18675.875143,25695.634860000002,40931.00389,22.391376284722224,103511541.0,4,8,2020
2020-08-15,3113.200004,0.0,1474515.71546,8865.41115,0.0,0.0,85300.89109,78162.961604,4836.10754,15303.18759,32993.18226,55457.121960000004,23.784966736111112,103425535.0,5,8,2020
2020-08-16,0.0,0.0,1441197.32784,14927.692219999999,0.0,0.0,83668.65347,80277.486318,7743.27109,15684.28122,26627.55229,65830.93882,14.611158819444443,99491651.0,6,8,2020
2020-08-17,1033.3,0.0,1468684.71329,25236.289210000003,0.0,0.0,122036.31259,101403.67775799999,9635.26258,17505.900062,29603.00976,52874.60988,22.878039131944444,108217219.0,0,8,2020
2020-08-18,3116.4,0.0,1483022.60706,14447.92092,0.0,0.0,126202.60611,108822.84985099999,8188.24216,22895.162418,29813.86731,29197.32068,24.45418652777778,107345300.0,1,8,2020
2020-08-19,3173.5,0.0,1540082.19353,21079.282470000002,0.0,0.0,85106.42195,104138.673825,8473.00269,22633.450012,30555.76727,20055.13329,32.71023604166667,106944777.0,2,8,2020
2020-08-20,3202.8,0.0,1546537.88558,15630.004490000001,0.0,0.0,115273.14100999999,114041.746064,9499.63932,18561.506239000002,26210.599879999998,18313.39517,36.11105423611111,106933119.0,3,8,2020
2020-08-21,3175.0,0.0,1529697.63833,8374.12648,0.0,0.0,118141.72266,122965.457255,9674.71669,24513.325034,24763.61994,49552.54488,36.49676625,107011487.0,4,8,2020
2020-08-22,3135.6,0.0,1505155.0955400001,8913.92632,0.0,0.0,88494.77593,110268.841678,8075.03116,24812.137605,23032.46995,82377.46304,30.903661701388888,102250350.0,5,8,2020
2020-08-23,3217.7,0.0,1461052.61233,17644.93668,0.0,0.0,95085.87103000001,111771.755566,9841.6712,23569.662432,23545.48237,84133.92062,29.870233472222225,100791092.0,6,8,2020
2020-08-24,3163.8,0.0,1448112.40772,52724.74295,0.0,0.0,205664.12532,130797.331511,9976.48363,25171.187606,38772.61211,72733.99842999999,56.09892125,108488721.0,0,8,2020
2020-08-25,3294.2,0.0,1462927.76452,36866.35179,0.0,0.0,218475.82278,102700.140749,9732.19866,22817.175043,30960.41964,67144.71164,31.649195625,108430685.0,1,8,2020
2020-08-26,3204.6,0.0,1507187.01393,26875.63031,0.0,0.0,196362.7561,106965.678633,9176.754,23049.587348,30168.0121,56826.02754,29.284157604166666,109129204.0,2,8,2020
2020-08-27,3349.0,0.0,1500086.56054,12456.11369,0.0,0.0,195996.64411,86967.39533099999,8422.22684,18381.837691,20481.11481,40696.06537,24.768503020833332,108064883.0,3,8,2020
2020-08-28,3309.5,0.0,1460317.35452,10223.91367,0.0,0.0,165755.75988,96846.356415,9701.98627,23155.793812,39772.94448,41433.60471,30.798923680555557,105406102.0,4,8,2020
2020-08-29,2942.4,0.0,1409668.74912,27581.39762,0.0,0.0,53961.4558,83528.42313899999,9480.88362,22669.837521,35455.26217,72061.96583,16.8295165625,100170496.0,5,8,2020
2020-08-30,0.0,0.0,1404180.24661,13703.26344,0.0,0.0,45051.13269,82735.037138,7960.66279,24221.831336,24457.02486,62117.08703,25.44015503472222,99925948.0,6,8,2020
2020-08-31,2551.9,0.0,1465244.87089,42684.34244,0.0,0.0,45986.84138,92944.86726,9170.69124,23293.69372,17535.4625,29039.55522,33.477614375,105503213.0,0,8,2020
2020-09-01,3218.6,0.0,1473413.3307700001,23359.22605,0.0,0.0,78590.90501,105653.950342,9752.93602,23332.887582,16024.725,28290.12356,32.10265215277778,105663469.0,1,9,2020
2020-09-02,3358.8,0.0,1488819.70205,26137.6574,0.0,0.0,76349.0651,104557.753392,8621.0957,24220.399966,17566.7575,68087.30592,35.322390381944444,106237056.0,2,9,2020
2020-09-03,3292.6,0.0,1469561.88936,22905.23006,0.0,0.0,77915.17306,80793.887369,5895.85789,26051.124984000002,18564.355,38059.82747,38.37506381944444,106195599.0,3,9,2020
2020-09-04,3426.7,0.0,1460092.5387,22469.647790000003,0.0,0.0,54928.50642,99128.165719,7533.59884,25652.293626,18629.46,47919.71752,30.438396215277777,104529885.0,4,9,2020
2020-09-05,3517.5,0.0,1428950.13319,32815.84051,0.0,0.0,4513.97128,78010.253046,7815.25682,23116.112491,16654.89,32592.482890000003,26.164284479166668,98934962.0,5,9,2020
2020-09-06,3132.2,0.0,1420850.59171,33719.039880000004,0.0,0.0,0.0,96786.194735,8141.56937,25604.356035,16499.9075,44462.08133,27.030481319444444,98804538.0,6,9,2020
2020-09-07,3601.1,0.0,1425591.35437,59023.90674,0.0,0.0,34544.27796,96146.211627,6459.19311,18795.287329,15465.465,82035.9185,28.228431076388887,106533867.0,0,9,2020
2020-09-08,3623.3,0.0,1461081.26802,22792.62963,0.0,0.0,87312.86101,48950.911923,8720.43797,25679.875072,16278.5075,64055.37224,35.2409303125,105678357.0,1,9,2020
2020-09-09,3526.2,0.0,1455810.87199,12550.44435,0.0,0.0,65078.28406,100297.297764,8853.62016,24493.024969,21704.94238,56239.92808,26.88686795138889,104760554.0,2,9,2020
2020-09-10,3186.4,0.0,1470985.30996,35552.84937,0.0,0.0,90474.56875,108521.688104,5536.5112500000005,24858.856332,29846.75719,66703.20822,34.17110802083334,108165761.0,3,9,2020
2020-09-11,3106.1,0.0,1404132.50222,30792.513030000002,0.0,0.0,91504.30348,86578.938333,5305.67922,25276.243792,29658.459730000002,61349.93455,32.61275204861111,106469445.0,4,9,2020
2020-09-12,0.0,0.0,1358888.50603,33422.33192,0.0,0.0,36254.119249999996,77678.32785,5732.7681299999995,25728.062456,28301.10472,72508.98711,24.312975729166666,98315122.0,5,9,2020
2020-09-13,0.0,0.0,1427799.3432,29270.41123,0.0,0.0,38301.70859,108538.731039,9699.72303,25587.962415,26410.83982,60084.62447,31.702228090277774,96897182.0,6,9,2020
2020-09-14,2198.4,0.0,1425729.34212,34286.060379999995,0.0,0.0,71342.67947,104971.437717,8991.43864,25732.512505,25713.12478,43509.78312,28.973807534722223,104783442.0,0,9,2020
2020-09-15,3372.0,0.0,1364758.62103,27951.425909999998,0.0,0.0,93388.64966,98790.168115,7969.47412,24803.268754,27125.88974,76763.62505,18.8377896875,104718358.0,1,9,2020
2020-09-16,3411.6,0.0,1384816.52051,40518.61712,0.0,0.0,91921.61992,96887.818329,6169.42789,17496.200177,24299.87485,75426.92211,27.459581562500002,104947937.0,2,9,2020
2020-09-17,3366.8,0.0,1417122.06067,22432.15971,0.0,0.0,100604.75875000001,93502.504274,8136.7837899999995,22598.63123,24814.26983,57245.626410000004,20.762399375,104614954.0,3,9,2020
2020-09-18,3506.0,0.0,1416517.95003,4159.51794,0.0,0.0,87595.39404,89699.4856,6498.2675,20223.418481,30488.52967,87673.71467,26.54987440972222,104814283.0,4,9,2020
2020-09-19,3297.100001,0.0,1369964.13832,113.11776,0.0,0.0,35393.8223,71520.948055,10736.59679,21866.437358,30147.2097,99633.83549,15.294909722222222,98482225.0,5,9,2020
2020-09-20,3139.2,0.0,1433705.5665,113.11776,0.0,0.0,37073.99853,110994.912828,6901.62507,21978.906225,23278.71236,61378.13584,28.72912440972222,98678028.0,6,9,2020
2020-09-21,3200.1,0.0,1428806.37408,6224.318,0.0,0.0,85146.14891,115794.08714,8313.30571,18420.262424,24521.80229,67427.44998,25.77001996527778,107506517.0,0,9,2020
2020-09-22,3009.7,0.0,1471647.98971,15575.33338,0.0,0.0,127375.62358,106091.758355,5420.31841,18018.199849,24106.9423,43755.01367,36.65828527777778,109586498.0,1,9,2020
2020-09-23,2809.499999,0.0,1500139.793,5039.91801,0.0,0.0,130847.89263,102525.84217,8581.50564,19689.137442,21619.61746,30883.60047,31.493264166666666,109049841.0,2,9,2020
2020-09-24,0.0,0.0,1415872.97401,2967.71788,0.0,0.0,121299.86045000001,94250.078141,10140.12644,22374.656165,28263.12731,49711.27665,21.735422708333335,104056360.0,3,9,2020
2020-09-25,0.0,0.0,1412696.54023,4935.91794,0.0,0.0,91051.38694,97807.060454,8688.24729,21576.662537,46969.41937,49284.468590000004,18.893856562499998,104867786.0,4,9,2020
2020-09-26,0.0,0.0,1369983.28425,5506.2390399999995,0.0,0.0,74541.34404,72225.613962,9738.4932,20636.112589,28387.74216,70688.28846,4.116196666666667,97231904.0,5,9,2020
2020-09-27,0.0,0.0,1430430.35348,18551.00143,0.0,0.0,88146.27613,124667.095031,10000.63183,22905.518709,30049.49712,53942.29036,38.49794722222222,95480175.0,6,9,2020
2020-09-28,2512.399998,0.0,1467716.4344600001,21237.85422,0.0,0.0,98692.06732,106529.845135,9374.05885,20243.856243000002,26172.2147,64992.58236,25.22248107638889,104177705.0,0,9,2020
2020-09-29,3355.8,0.0,1443973.62823,11502.16228,0.0,0.0,115440.75322,106080.380992,8368.04423,22702.937607,30471.46474,85821.95569,23.383527812500002,103513117.0,1,9,2020
2020-09-30,3372.7,0.0,1461709.74744,2685.1095299999997,0.0,0.0,125056.03397,107921.587742,4468.82196,20882.649986,34315.75212,70379.43408,25.922863958333334,104243802.0,2,9,2020
2020-10-01,3120.6,0.0,1438742.64759,4217.32105,0.0,0.0,137147.43269,115523.27588,8892.89675,19129.831252,30273.83474,50102.53304,26.066503090277777,104201357.0,3,10,2020
2020-10-02,3565.2999999999997,0.0,1434029.41716,2187.30951,0.0,139.43969,128134.63983,127738.284493,9976.14925,21310.631249,32948.68215,37910.096190000004,26.748356701388886,103965604.0,4,10,2020
2020-10-03,3569.2000000000003,0.0,1391866.4377600001,66.70944,0.0,0.0,70617.8209,99624.84996,9691.25435,21959.312492,25193.86977,80809.92342,8.09862753472222,98107060.0,5,10,2020
2020-10-04,3464.5,0.0,1439420.35949,2753.70951,0.0,0.0,63798.22139,110684.806951,9991.59995,21391.049823,24741.87736,82470.08817,27.242231979166665,96790285.0,6,10,2020
2020-10-05,3430.3,0.0,1492747.24662,19896.182539999998,0.0,0.0,87970.66325,120981.937972,9951.10673,22230.693646,30003.23225,53620.23223,36.74512649305555,98448622.0,0,10,2020
2020-10-06,3385.0,0.0,1524333.63265,24163.33625,0.0,0.0,106808.0799,100086.462366,9959.831610000001,23289.625087,26315.65988,50728.45095,42.486434027777776,105336087.0,1,10,2020
2020-10-07,3354.2,0.0,1511201.16103,8542.919090000001,0.0,0.0,110366.45723,106952.854985,9919.07995,21878.07494,19729.06488,59360.62331,21.572894027777778,104882342.0,2,10,2020
2020-10-08,3281.7,0.0,1484605.53196,9685.810599999999,0.0,2321.69382,134916.63722,115663.775081,8360.9753,21740.931081,23264.98488,41372.39066,31.753693402777774,105085367.0,3,10,2020
2020-10-09,3355.900005,0.0,1476436.5405000001,19167.77981,0.0,0.0,162752.60828,122423.684064,9917.6906,22276.799918,35802.86961,45072.96797,48.38115690972222,105751364.0,4,10,2020
2020-10-10,0.0,0.0,1447909.19312,8733.63021,0.0,0.0,91938.17419,89033.449451,10039.33718,21693.956403,29586.74465,44509.92489,21.005433888888888,98158873.0,5,10,2020
2020-10-11,0.0,0.0,1515662.53226,16311.35053,0.0,0.0,100113.5144,105081.044948,7588.9936800000005,22312.806184,35197.55963,54831.30952,51.963235868055555,97344660.0,6,10,2020
2020-10-12,3025.2,0.0,1517514.45228,10683.51844,0.0,0.0,141945.30478,96859.342029,5051.6204099999995,22107.437536,10771.57738,52239.75149,36.91506152777778,106285747.0,0,10,2020
2020-10-13,3651.4,0.0,1481017.21119,5421.3469700000005,0.0,0.0,182585.41834,74887.716098,8194.60347,22235.393960999998,1499.8,49468.93002,79.80951795138888,105517044.0,1,10,2020
2020-10-14,3581.6,0.0,1531746.16115,12765.78872,0.0,0.0,144656.88955,50969.509667,7612.58583,22258.112406,1487.24,60368.43193,28.197306493055553,105317816.0,2,10,2020
2020-10-15,3507.200002,0.0,1423114.64763,13863.24859,0.0,0.0,150544.37742,82801.95552999999,9624.80223,22900.456247000002,11762.19981,53137.85019,25.709112847222226,104451380.0,3,10,2020
2020-10-16,3379.9,0.0,1446497.38445,9795.864650000001,0.0,0.0,192371.06929,63535.045888,9610.61425,23713.081241,16720.37962,37396.95517,28.590208645833332,103968365.0,4,10,2020
2020-10-17,2916.6,0.0,1447160.96428,46.40832,0.0,0.0,109111.84291,64171.060847,7382.67217,21291.912437,18642.0697,57097.1453,1.910917847222222,98695635.0,5,10,2020
2020-10-18,3470.8,0.0,1517347.7104,5101.57705,0.0,0.0,107130.75149000001,76090.439392,8202.7346,22648.843715,10167.27983,50899.30047,28.37019722222222,99081449.0,6,10,2020
2020-10-19,3330.0,0.0,1514086.77039,9597.51337,0.0,0.0,151096.53125,104856.131996,9440.67136,22479.843797,13470.8298,28727.911819999998,27.6057009375,109395523.0,0,10,2020
2020-10-20,3422.3,0.0,1460769.81318,13208.05059,0.0,0.0,192961.66984,106089.619334,7575.01563,21382.593841,11631.45978,59676.41825,31.020341006944445,107476928.0,1,10,2020
2020-10-21,3410.7,0.0,1527077.06051,10985.71123,0.0,0.0,157034.4515,93421.470967,3445.34544,22272.875037,6188.0298999999995,74903.42824000001,42.16535548611111,107313284.0,2,10,2020
2020-10-22,3356.3,0.0,1531365.84986,8198.48015,0.0,0.0,189499.56188,108611.417866,5098.87318,22629.800015,7639.43982,52244.24164,37.25328715277778,108658428.0,3,10,2020
2020-10-23,3369.6,0.0,1527322.5348,8663.48649,0.0,0.0,179471.69955,80321.131222,5549.71061,22332.299978,14594.77244,74479.89807,35.31385822916666,109824742.0,4,10,2020
2020-10-24,2474.999998,0.0,1563736.67114,11723.03876,0.0,0.0,155668.94607,77291.124775,2225.95836,20526.96252,24181.35492,53971.84924,41.43926770833333,105960188.0,5,10,2020
2020-10-25,0.0,0.0,1529199.04111,11662.61714,0.0,0.0,118873.403,99456.900539,5914.23849,21910.100011,25047.76236,27918.13544,39.26176517361111,104212200.0,6,10,2020
2020-10-26,0.0,0.0,1577878.98198,24030.78868,0.0,0.0,162611.3375,97121.214713,8447.94003,22075.406151,27410.73734,14913.922700000001,52.907595694444446,111422446.0,0,10,2020
2020-10-27,998.000013,0.0,1617487.12067,10829.69989,0.0,0.0,207364.29401,52851.147268,5908.22981,20646.525158,20732.9,65247.95445,46.08925680555556,110923686.0,1,10,2020
2020-10-28,3613.399999,0.0,1571325.89442,17628.89735,0.0,0.0,197471.70754,85680.457834,6743.89113,20900.868781,19912.695,58812.21458,49.412360625,109876168.0,2,10,2020
2020-10-29,1450.99999,0.0,1609532.9535,8.70048,0.0,0.0,165353.13948,123837.757684,10014.70937,16851.262466,23184.40741,31512.19167,40.1723978125,109608459.0,3,10,2020
2020-10-30,0.0,0.0,1553848.83663,8.70048,0.0,0.0,148372.30728,145648.000059,9364.92286,16339.987654,24374.43995,42898.40999,36.95763517361111,110115909.0,4,10,2020
2020-10-31,0.0,0.0,1525916.822,14353.43039,0.0,0.0,98778.04927,134028.424404,8465.6036,19783.693702,31671.43733,69263.89414,40.537773055555554,106781788.0,5,10,2020
2020-11-01,0.0,0.0,1405316.96599,15042.80068,0.0,0.0,132116.19034,145163.10607,9758.18978,20023.70626,29434.62977,35179.88216,36.81341916666667,106297221.0,6,11,2020
2020-11-02,0.0,0.0,1483599.38306,25223.41335,0.0,0.0,110785.79565,130061.918752,9262.40711,18815.599889,27294.92983,42345.043770000004,48.41482190972223,113190909.0,0,11,2020
2020-11-03,0.0,0.0,1442702.48101,23373.00534,0.0,128.00136,113747.71942000001,116536.627744,9536.6636,20075.987535,28454.80484,48233.95683,44.397338680555556,110237291.0,1,11,2020
2020-11-04,2933.199999,0.0,1440571.65082,18868.77689,0.0,0.0,128879.48905,126458.40927799999,9529.28147,20812.481186,30069.952260000002,31393.03682,48.422599930555556,109676432.0,2,11,2020
2020-11-05,3839.099999,0.0,1458753.4278,29923.65953,0.0,0.0,115375.36373,132499.923539,8406.90105,19738.025021,40914.25217,42001.22081,53.21581572916667,115808002.0,3,11,2020
2020-11-06,3693.5,0.0,1452111.18764,9643.87366,0.0,0.0,127424.60252,142557.940111,9769.368410000001,20096.293668,34273.53477,17793.412949999998,41.18240909722223,110584330.0,4,11,2020
2020-11-07,3074.5,0.0,1429415.62849,4887.01197,0.0,0.0,87064.53455,124168.778175,8294.64308,20293.537428,37834.05229,28995.08012,34.46647222222222,104026213.0,5,11,2020
2020-11-08,3358.3,0.0,1417321.59019,6528.63598,0.0,0.0,88250.44370999999,91323.927899,5808.83203,20580.34361,29530.1349,70455.23738,34.56860638888889,100926218.0,6,11,2020
2020-11-09,3752.6,0.0,1447054.52332,12422.539920000001,0.0,0.0,130011.70880000001,75366.896805,8789.21187,21058.162425,33938.63729,60188.23474,39.61777545138889,107500228.0,0,11,2020
2020-11-10,3614.6000010000002,0.0,1460960.63501,10246.31262,0.0,0.0,98148.35732,101074.871438,8856.00052,20064.212515,31302.34235,47226.42403,37.445663680555555,107392643.0,1,11,2020
2020-11-11,3593.7000000000003,0.0,1525372.05282,9354.063629999999,0.0,0.0,80212.18143,128744.494309,9344.13272,20117.537592,33111.59229,38221.03441,29.02640784722222,108865003.0,2,11,2020
2020-11-12,3646.1,0.0,1544081.96253,37.70496,0.0,0.0,111420.1621,132002.593319,8633.81061,19764.743781,34324.72485,35335.74086,33.08143666666667,110856555.0,3,11,2020
2020-11-13,3774.1,0.0,1598826.01601,37.70496,0.0,0.0,102691.58106,121014.676474,5845.50272,17673.562473,33647.1623,46758.66714,37.56866458333333,113117663.0,4,11,2020
2020-11-14,3510.7999999999997,0.0,1565480.15869,11639.47016,0.0,0.0,93090.84417,125817.085972,9364.53639,14149.53749,33545.51728,25118.83111,38.36072895833333,111483746.0,5,11,2020
2020-11-15,3361.6,0.0,1594589.70657,13838.131,0.0,0.0,84897.07961,142704.564128,9470.89421,17600.212445,28113.92733,24549.93887,43.905790277777776,113422753.0,6,11,2020
2020-11-16,1602.799998,0.0,1684962.70134,51277.25671,0.0,1074.57955,135331.15122,135919.116401,8728.28864,17860.856401,37846.15718,53182.349050000004,79.31319940972223,125522126.0,0,11,2020
2020-11-17,0.0,0.0,1718225.74341,35607.8277,0.0,0.0,138279.14754,124088.78853600001,6204.70339,18008.600004,38353.3798,46008.64969,92.14644874999999,125228505.0,1,11,2020
2020-11-18,0.0,0.0,1677995.73862,11125.32487,0.0,0.0,81287.59933,135995.88641,7656.7452,17812.643771,36078.60729,82013.95825,41.20719895833333,116461107.0,2,11,2020
2020-11-19,0.0,0.0,1626496.45449,12664.10305,0.0,0.0,81096.27332,117249.668675,9533.31522,17962.200002,29083.477300000002,83322.80584,38.954029999999996,113415130.0,3,11,2020
2020-11-20,0.0,0.0,1614274.30164,9535.7379,0.0,0.0,114812.40569,128582.433014,9574.32979,17312.956169,37940.90471,72735.86077,30.234856388888886,113238842.0,4,11,2020
2020-11-21,0.0,0.0,1564211.9211,8788.23769,0.0,0.0,74347.52208,136723.555467,9539.89336,17522.450057000002,24102.557210000003,63397.43024,27.09800357638889,107655690.0,5,11,2020
2020-11-22,0.0,0.0,1634718.79327,10984.109900000001,0.0,0.0,99539.84962,154369.188238,9284.72233,17699.106273,24479.2398,54419.50567,40.293905520833334,105685552.0,6,11,2020
2020-11-23,0.0,0.0,1623097.44353,21146.9834,0.0,0.0,140409.72983999999,144197.36825200001,9766.302520000001,18170.993759,20329.1473,54307.1065,33.64385236111111,120639380.0,0,11,2020
2020-11-24,0.0,0.0,1656117.66913,20148.47979,0.0,0.0,154923.49519000002,139264.42773,8787.25864,13283.425084,10217.44996,40591.29385,42.344550381944444,123653808.0,1,11,2020
2020-11-25,0.0,0.0,1702148.00675,10886.64112,0.0,0.0,141571.32766,91718.296967,7884.85919,16306.331219,9270.01495,80151.84623,43.12325496527777,118504356.0,2,11,2020
2020-11-26,0.0,0.0,1665357.40812,23084.03391,0.0,0.0,123658.27108,114373.570823,8447.77894,15790.550052,23137.4023,59205.15085,101.09275409722223,116816005.0,3,11,2020
2020-11-27,0.0,0.0,1611580.13106,18981.92574,0.0,0.0,149941.72527,130627.28507,8928.74864,16000.068790000001,28946.419700000002,74047.97313,57.99667493055555,117507552.0,4,11,2020
2020-11-28,0.0,0.0,1530074.83011,36754.82325,0.0,0.0,115097.24842,136915.508628,9651.62785,16448.299982,21129.099739999998,67790.93462,42.90456927083333,109488376.0,5,11,2020
2020-11-29,0.0,0.0,1571591.20409,22724.40943,0.0,0.0,138745.05902,159368.032994,9778.45968,17669.049884,21660.66476,51880.471860000005,41.152670798611105,113819651.0,6,11,2020
2020-11-30,1774.699991,0.0,1641211.68367,28189.348879999998,0.0,0.0,158303.22109,157703.124107,9102.15601,17025.987463999998,15664.46493,45640.9118,48.44672875,129590436.0,0,11,2020
2020-12-01,5073.2999899999995,0.0,1714676.95758,46875.77235,0.0,1402.86688,190614.05223,146900.224105,8668.29872,16872.293774,18844.59484,55445.711650000005,51.88357072916667,133736181.0,1,12,2020
2020-12-02,5036.399967,0.0,1725902.47958,56895.74965,0.0,3711.2289,230381.2378,128078.079621,8511.13889,17072.437565,21583.93232,60756.23079,56.670780937500005,139991486.0,2,12,2020
2020-12-03,4694.599986,0.0,1723414.31386,32081.70246,0.0,629.2824,142391.02145,128429.275042,9302.88571,17330.968731,22376.23237,75123.72887,60.60943847222222,132056954.0,3,12,2020
2020-12-04,1521.299996,0.0,1710497.30547,72190.87952,0.0,6285.29381,202698.94026,132984.410961,8090.12857,16841.143786,10222.94249,30522.92942,80.05545555555555,132740698.0,4,12,2020
2020-12-05,0.0,0.0,1667520.02582,30450.81513,0.0,0.0,154103.64831000002,156024.720867,9267.39836,16662.249991,4022.445,50772.37373,41.476851493055555,127428252.0,5,12,2020
2020-12-06,0.0,0.0,1604426.61082,38505.44175,0.0,6478.21958,191218.56259,150733.222745,7838.40742,17169.687502,5319.62496,52575.17443,37.56945486111111,133369679.0,6,12,2020
2020-12-07,0.0,0.0,1767426.60696,52475.66278,0.0,0.0,255859.25772,125301.05612,3589.28579,17130.418719,5807.99997,29545.65595,53.02265729166667,143096580.0,0,12,2020
2020-12-08,3006.900016,0.0,1703687.03271,30106.46589,0.0,0.0,210242.01103,87070.64357100001,6596.77189,17007.906245,3872.005,41113.18113,46.66270427083333,132673058.0,1,12,2020
2020-12-09,2635.20003,0.0,1623232.29588,15611.43153,0.0,0.0,165477.77745,113285.65058300001,8772.69599,17006.57497,3219.9775,63289.01471,48.802740625000006,121024680.0,2,12,2020
2020-12-10,0.0,0.0,1638115.35733,16798.0559,0.0,0.0,168237.11515,121177.487088,8672.45016,16647.899974,11862.44238,63763.06539,42.47120604166667,120097143.0,3,12,2020
2020-12-11,0.0,0.0,1685608.15845,55.108799999999995,0.0,0.0,151673.93971,96217.48076600001,2220.97454,17699.512315,4350.9625,79205.04031,39.394639131944444,119743454.0,4,12,2020
2020-12-12,0.0,0.0,1583830.63583,55.108799999999995,0.0,0.0,83766.00532,122516.544993,7079.26416,19193.97511,8681.0124,59872.47548,30.84374170138889,111440908.0,5,12,2020
2020-12-13,0.0,0.0,1619635.65782,55.108799999999995,0.0,0.0,80284.05146999999,122669.595162,5910.09615,20811.112422,10419.43729,58588.48257,36.62333430555555,111440491.0,6,12,2020
2020-12-14,339.2,0.0,1677205.37815,19582.20702,0.0,0.0,172918.16853,99134.799631,3981.10397,21467.749939,6407.5175,42054.4551,55.825439375,121949392.0,0,12,2020
2020-12-15,4224.299998,0.0,1698344.82936,36193.60805,0.0,1150.02459,224933.33197,115076.84919,5022.15211,20140.418532,14284.212379999999,41606.44887,74.36866784722223,125159896.0,1,12,2020
2020-12-16,4624.299975,0.0,1714732.31532,59112.82895,0.0,0.0,194599.65049,101549.71894,6717.8277,19977.599972,13573.40994,45240.12991,87.92553454861111,128555033.0,2,12,2020
2020-12-17,2679.0,0.0,1717483.10202,50825.73199,0.0,7715.29497,188377.47214,114181.473514,7204.8336500000005,19758.775042,17419.89243,44303.95227,83.16722439892344,131063619.0,3,12,2020
2020-12-18,0.0,0.0,1716753.98249,38386.39572,0.0,0.0,224468.38099,120618.318946,8063.54815,19996.143858,9072.19,34222.18328,77.92742756944445,132037792.0,4,12,2020
2020-12-19,0.0,0.0,1689958.11209,21854.33424,0.0,0.0,130878.92817,124005.94061399999,8090.1016199999995,19910.849944999998,17162.34488,38138.21043,61.71706968749999,125864928.0,5,12,2020
2020-12-20,0.0,0.0,1699994.62082,27744.379399999998,0.0,9419.00014,102699.13518,132093.96501400002,6802.69339,21462.72498,20958.992270000002,44269.39122,109.02156097222222,121303549.0,6,12,2020
2020-12-21,0.0,0.0,1626264.01989,50198.98896,0.0,8980.29071,187656.25027,124046.466258,7894.10625,20211.493714,13948.5274,58057.73146,85.70765986111111,128325500.0,0,12,2020
2020-12-22,0.0,0.0,1643973.25968,52033.21379,0.0,0.0,203569.62542,111612.50366,3251.05312,21405.456255,6644.275,54802.21934,61.8024065625,131388581.0,1,12,2020
2020-12-23,0.0,0.0,1664674.94216,25803.4937,0.0,0.0,173598.54654,123156.721252,8743.48775,22532.931384,3153.70498,51534.241,40.31450385416667,125695448.0,2,12,2020
2020-12-24,0.0,0.0,1633147.86881,1172.54701,0.0,0.0,157822.79968,105948.081119,6308.19481,21918.843678,3389.515,52452.34979,36.54178996527778,118065338.0,3,12,2020
2020-12-25,0.0,0.0,1574200.58424,78.31296,0.0,0.0,59783.08924,62277.829261,5584.50114,17436.799915,12058.12733,26831.30104,33.046331423611115,103432228.0,4,12,2020
2020-12-26,0.0,0.0,1537643.1198,78.31296,0.0,0.0,39263.30139,75956.020839,7737.48138,19995.906348,15481.77727,62528.226090000004,31.961884305555554,103523453.0,5,12,2020
2020-12-27,0.0,0.0,1534531.66715,4584.37029,0.0,0.0,69003.23948,105773.163971,8664.10455,22556.10005,13752.45722,56443.74413,28.49040232638889,109109256.0,6,12,2020
2020-12-28,0.0,0.0,1560115.6168,16331.54432,0.0,0.0,74416.14613000001,107707.195304,8322.888579999999,22049.30616,12684.57484,49178.297080000004,48.37245204861111,108892286.0,0,12,2020
2020-12-29,0.0,0.0,1674872.25706,26102.0974,0.0,0.0,91369.63806,63512.691598,5562.93596,21643.793883,17943.20977,41516.45807,59.4429565625,121270309.0,1,12,2020
2020-12-30,0.0,0.0,1586592.31439,13823.067790000001,0.0,0.0,134588.41,51654.597201000004,3828.3459199999998,21132.274988,15559.409810000001,41684.52116,47.703801006944445,119384936.0,2,12,2020
2020-12-31,0.0,0.0,1566223.7113,5933.42165,0.0,0.0,91119.72029,77091.626309,5490.98323,20205.949915,17178.84735,64646.79666,36.82300784722222,117473136.0,3,12,2020
2021-01-01,0.0,0.0,1465956.0962,72.51264,0.0,0.0,121830.91440000001,88515.26258200001,5973.3912,22638.843571999998,28388.50725,70983.93486,31.467438680555556,111336456.0,4,1,2021
2021-01-02,0.0,0.0,1446351.1921,72.51264,0.0,0.0,142051.03385,83460.995721,6963.90849,17507.256344,31312.12487,52249.44489,32.717803645833335,112712362.0,5,1,2021
2021-01-03,0.0,0.0,1427874.3071,7209.83004,0.0,0.0,156992.7127,90668.35331199999,6567.21215,18768.724963,31842.44737,49007.89465,31.13419621527778,113958956.0,6,1,2021
2021-01-04,0.0,0.0,1530517.4648,10830.63372,0.0,0.0,227727.70704,56574.691354999995,2055.25479,17141.512433,41091.27723,41050.407830000004,45.138446875,127189901.0,0,1,2021
2021-01-05,0.0,0.0,1558875.8779799999,45324.2204,0.0,0.0,254394.55689,60997.824477,8158.856879999999,20252.274937,50835.13978,24517.74409,45.076951701388886,130696077.0,1,1,2021
2021-01-06,0.0,0.0,1650505.55941,28561.64403,0.0,0.0,211188.39226,70848.33115099999,5322.77019,21842.274951,50583.63237,30843.86216,45.75569371527778,129881375.0,2,1,2021
2021-01-07,0.0,0.0,1570772.4112500001,6755.0435800000005,0.0,0.0,199589.14718,66549.311098,3423.3577,21695.249895,42257.1675,71982.74894,35.35170732638889,123155390.0,3,1,2021
2021-01-08,0.0,0.0,1610940.63438,78.31296,0.0,0.0,135685.95283,54175.15402,3495.68447,21547.268889,43449.225,67236.78332,34.083664965277784,117707573.0,4,1,2021
2021-01-09,0.0,0.0,1598862.98403,78.31296,0.0,0.0,89699.27012,47109.329343,3645.50878,21348.406215,52405.3073,69570.85504,34.05934440972222,109334472.0,5,1,2021
2021-01-10,0.0,0.0,1580336.11556,78.31296,0.0,0.0,80042.73306,78525.523343,7020.32083,22272.212729,50611.17983,70326.61997,33.64894621527778,107956259.0,6,1,2021
2021-01-11,0.0,0.0,1658539.97242,7601.8207600000005,0.0,0.0,120809.37148,84027.807213,7761.50235,22041.731403,43837.71,73465.30364,34.84109503472222,116370609.0,0,1,2021
2021-01-12,0.0,0.0,1665921.7777800001,10397.10066,0.0,0.0,126943.73445,81918.61956,8648.65882,20817.868853,43021.8075,57269.32365,36.880507881944446,117882471.0,1,1,2021
2021-01-13,0.0,0.0,1612796.00989,32443.65771,0.0,0.0,130083.08274,101862.898072,8607.49556,18722.53118,50719.22236,45650.26824,62.450669131944444,119397407.0,2,1,2021
2021-01-14,0.0,0.0,1651862.84284,28830.7376,0.0,5482.84893,155221.75814,127224.096722,7907.49496,18599.674934,50321.90486,55569.52485,54.15184593749999,121283880.0,3,1,2021
2021-01-15,0.0,0.0,1633415.56628,6810.11718,0.0,0.0,166162.36197,135525.395146,8706.27372,19171.374938,51191.71484,44597.31602,37.35751645833333,124437737.0,4,1,2021
2021-01-16,0.0,0.0,1591405.45837,8870.45558,0.0,0.0,124574.05196,130400.515789,8875.17712,22381.562369,44928.00491,52094.67636,43.17979673611111,121986041.0,5,1,2021
2021-01-17,0.0,0.0,1540308.20232,7152.12298,0.0,0.0,116980.23907,122733.898377,6766.24741,22201.106087,39292.4825,64405.59507,32.24996347222223,118509322.0,6,1,2021
2021-01-18,1234.500014,0.0,1674266.08531,13934.26628,0.0,0.0,158443.51551,74442.966342,4399.20292,22143.512562,39686.00484,52036.4064,43.233218090277774,128998231.0,0,1,2021
2021-01-19,3610.999987,0.0,1626917.2471699999,10907.34387,0.0,0.0,166434.94944,109165.42062,8278.58338,19698.987291,37611.56735,17304.35391,39.894262465277784,128701565.0,1,1,2021
2021-01-20,3791.299994,0.0,1610098.11123,98.61696,0.0,0.0,123209.61469,104375.513793,8065.7238800000005,16862.231254,30322.5675,78603.99786,34.12676774305556,122469428.0,2,1,2021
2021-01-21,3049.9,0.0,1616782.47951,98.61696,0.0,0.0,120708.57811,119725.251803,5781.30749,15415.249995,34799.39,73388.79585,35.36576152777778,120032880.0,3,1,2021
2021-01-22,763.7,0.0,1631024.21301,6666.74203,0.0,0.0,130140.71365,136437.79513,6138.40766,15666.1937,38231.695,52437.02259,38.89874913194445,119695222.0,4,1,2021
2021-01-23,0.0,0.0,1604664.96569,6491.507060000001,0.0,0.0,106837.42348,111057.652502,7700.82353,19226.843702000002,48477.87986,51721.50357,35.37779940972222,113804302.0,5,1,2021
2021-01-24,0.0,0.0,1576829.988,13140.55673,0.0,0.0,118846.29375,137042.661348,8429.85446,20204.206065,40148.97467,46020.96509,88.59141472222223,112342534.0,6,1,2021
2021-01-25,0.0,0.0,1664843.59018,15700.07839,0.0,0.0,175107.35311,142286.636519,7217.76635,20205.912325,34944.1775,49997.03894,35.209736319444445,123607819.0,0,1,2021
2021-01-26,0.0,0.0,1610195.8221800001,15948.5704,0.0,0.0,137265.01988,143855.706889,8629.91274,20465.525063,36227.08234,33845.32857,40.94838177083333,117803015.0,1,1,2021
2021-01-27,0.0,0.0,1616235.34526,29442.70875,0.0,0.0,180680.86217,134370.16857,8360.90647,19830.543927,36758.73985,39656.16073,50.77014878472222,131863088.0,2,1,2021
2021-01-28,0.0,0.0,1630081.86671,7166.03839,0.0,0.0,150114.75076,116336.698196,5513.80396,18886.118772,33441.955,62269.31125,37.06576875,130624810.0,3,1,2021
2021-01-29,0.0,0.0,1608917.0337,5904.02113,0.0,0.0,136831.00229,115523.27666199999,7417.22884,18495.593605000002,35313.675,71503.13371,37.71133361111111,127335066.0,4,1,2021
2021-01-30,0.0,0.0,1556046.55271,107.31456,0.0,0.0,136869.23142,132342.243009,7923.2586200000005,19380.274786,36723.95,75613.30693,33.46295902777778,118391241.0,5,1,2021
2021-01-31,0.0,0.0,1528628.63795,4758.05216,0.0,0.0,144356.73652,129545.55503999999,7683.9947,20040.30015,32646.3625,65502.256440000005,30.809245798611112,116487969.0,6,1,2021
2021-02-01,0.0,0.0,1578080.4494399999,6307.47543,0.0,0.0,162024.28145,126757.10922,7548.89758,18858.249828,32938.755,57495.25946,35.75125201388889,124364051.0,0,2,2021
2021-02-02,0.0,0.0,1596544.63114,2455.61479,0.0,0.0,144524.01408,121761.691951,6381.73664,17580.243695,29010.0975,27268.30798,38.728817881944444,126186001.0,1,2,2021
2021-02-03,0.0,0.0,1558606.87962,110.21472000000001,0.0,0.0,150416.10564,87418.136526,7973.25912,16951.181319,30192.2625,59542.85207,34.686999166666666,124625131.0,2,2,2021
2021-02-04,0.0,0.0,1568816.12894,10037.1744,0.0,0.0,149327.97311,118393.954673,9184.37871,17822.868734,27949.165,55143.70162,37.095890902777775,124416201.0,3,2,2021
2021-02-05,0.0,0.0,1556376.30614,7027.24191,0.0,0.0,159776.77588,128551.993148,8527.74281,17823.787593,30223.697500000002,39002.075,51.19705434027778,125125959.0,4,2,2021
2021-02-06,0.0,0.0,1554682.28827,13896.06047,0.0,0.0,149107.07149,129681.835437,8410.9532,16825.706008,30549.965,25485.24876,36.617765069444445,120744089.0,5,2,2021
2021-02-07,0.0,0.0,1594015.52453,30875.87418,0.0,3400.35162,199367.34443,98810.940196,7197.91974,19304.918764000002,33060.7999,17613.1451,42.4723903125,127241311.0,6,2,2021
2021-02-08,0.0,0.0,1613413.9846,5481.76683,0.0,0.0,199516.51988,109797.379442,7938.87385,19508.724873,27905.3125,43904.02065,38.53408541666666,134473283.0,0,2,2021
2021-02-09,0.0,0.0,1539991.49134,8850.4608,0.0,0.0,179500.30636,103298.10112,7488.85503,17778.424959,32229.1125,50919.6511,74.21499607638889,124825947.0,1,2,2021
2021-02-10,0.0,0.0,1559355.25428,6474.20996,0.0,0.0,156736.66899,90223.745249,7627.8156500000005,11648.118718,38683.5675,51839.97026,36.20503965277778,120599692.0,2,2,2021
2021-02-11,0.0,0.0,1623526.3482000001,8944.99893,0.0,0.0,137684.32246,82632.956481,8229.67111,12001.400119,43922.0,41322.6127,36.89110534722222,119384946.0,3,2,2021
2021-02-12,0.0,0.0,1611765.05695,29.00448,0.0,0.0,185668.4309,114671.407537,8427.39674,16927.337437,44143.56,35744.640550000004,33.528588750000004,121605211.0,4,2,2021
2021-02-13,0.0,0.0,1588999.93652,7408.08202,0.0,0.0,152061.18547,139747.986618,5698.18021,17074.024853,42856.4675,27139.112979999998,33.24752645833333,119243622.0,5,2,2021
2021-02-14,0.0,0.0,1537176.02107,17.403840000000002,0.0,0.0,122919.67191,106089.799843,5219.1059,15751.462469,42650.8675,28280.66446,31.017227673611114,118248519.0,6,2,2021
2021-02-15,1575.600014,0.0,1635694.6098,3460.8039999999996,0.0,0.0,142831.89929,103076.711779,7895.92747,13767.250098,39768.6025,41463.35193,33.898997152777774,124155314.0,0,2,2021
2021-02-16,5175.700034,0.0,1632041.84828,8144.973260000001,0.0,0.0,148301.28830000001,92690.183514,8446.09384,16574.756132,35691.284999999996,32991.34664,35.535256527777776,122934049.0,1,2,2021
2021-02-17,4636.1,0.0,1565143.98121,4339.39256,0.0,0.0,142009.56235,115664.112398,7784.60886,16709.343708,35526.92,46386.17401,34.597989930555556,121711919.0,2,2,2021
2021-02-18,4360.199979,0.0,1661453.50773,52.20864,0.0,0.0,143132.52213,92260.818035,6982.8003,16364.331251,34021.7175,57308.16795,33.985419479166666,122037150.0,3,2,2021
2021-02-19,1359.200003,0.0,1735746.68231,11487.009,0.0,0.0,137781.91163,50102.249261,6606.61307,16364.424815,40585.835,40555.67992,42.62006826388889,123700313.0,4,2,2021
2021-02-20,0.0,0.0,1709310.04535,52.20864,0.0,0.0,122936.62275,75189.979304,5798.41078,16280.556157,35925.665,16560.38741,34.715204166666666,117187902.0,5,2,2021
2021-02-21,0.0,0.0,1659399.12227,14810.492040000001,0.0,0.0,142200.34781,136749.271889,9593.092709999999,15766.199963,36635.54248,46586.70831,31.923502951388887,119905386.0,6,2,2021
2021-02-22,0.0,0.0,1686934.05215,40667.37397,0.0,5507.004220000001,203606.10621,147032.648174,8990.449560000001,16386.968749,43662.14237,29229.40219,83.63389791666667,134602065.0,0,2,2021
2021-02-23,0.0,0.0,1637751.38339,29568.33226,0.0,4641.0352,209403.97666000001,135931.700786,9268.57812,16732.343683,42493.10493,37151.98795,35.12514173611111,134404720.0,1,2,2021
2021-02-24,0.0,0.0,1522570.56869,13581.52255,0.0,0.0,184543.93771,114743.627859,6854.62388,15129.700056,37080.282490000005,74838.97502,33.605821319444445,128051317.0,2,2,2021
2021-02-25,0.0,0.0,1543866.2681800001,22309.39325,0.0,0.0,171772.52633,118014.39093000001,6882.569350000001,16674.037561,32315.42745,56317.34589,45.15698565972222,127177612.0,3,2,2021
2021-02-26,0.0,0.0,1571240.73114,40799.94655,0.0,0.0,213194.39379,70619.258802,7515.126069999999,16359.356164,32508.93485,44050.81397,65.82462819444444,128564098.0,4,2,2021
2021-02-27,0.0,0.0,1578586.9011,22752.99889,0.0,0.0,166409.40367,63293.692382,4323.90091,16259.037358,26995.46748,27633.71188,46.34229159722222,122457748.0,5,2,2021
2021-02-28,0.0,0.0,1594105.51196,25176.38046,0.0,0.0,177422.92174,45795.708575000004,7413.624449999999,13647.456278,29964.19245,31846.52608,49.99213496527778,122505824.0,6,2,2021
2021-03-01,1481.2000050000001,0.0,1630342.78992,38266.55001,0.0,0.0,215509.28791,46970.720371,3853.66423,11465.387504,32785.06249,29277.44655,63.8620653125,131117630.0,0,3,2021
2021-03-02,3222.400004,0.0,1587151.23634,48831.45444,0.0,5924.55085,180225.655,105872.99750900001,8924.56875,14443.550037,39323.87999,26601.17467,45.31423840277778,130664360.0,1,3,2021
2021-03-03,0.0,0.0,1571774.97267,12298.51811,0.0,0.0,145533.13119000001,126552.156845,8090.96088,15181.618604,37831.5275,75251.54244,37.818284965277776,126927322.0,2,3,2021
2021-03-04,0.0,0.0,1557065.23919,7641.74395,0.0,0.0,115144.55695,99156.686694,7407.51134,16488.162494,37945.965000000004,74548.20402,39.111417118055556,120829403.0,3,3,2021
2021-03-05,0.0,0.0,1536493.0832,15256.94163,0.0,0.0,128523.05451,137002.112102,7862.17612,16880.643729,43499.98489,25295.43969,82.37461125,117821203.0,4,3,2021
2021-03-06,0.0,0.0,1466933.11703,1376.22628,0.0,0.0,97874.05731,126303.777869,8984.37444,16910.762487,42120.489910000004,46685.70085,30.579777222222223,111282586.0,5,3,2021
2021-03-07,0.0,0.0,1483957.77423,8769.21557,0.0,0.0,112456.81016000001,106526.177444,6276.68455,17677.949835,37901.12,67560.62519,39.89241114583333,110204688.0,6,3,2021
2021-03-08,0.0,0.0,1529023.5985,25530.86941,0.0,0.0,176088.0,108945.56795699999,3962.3118,18689.487531,42847.90236,51319.02214,91.95329822916666,122653395.0,0,3,2021
2021-03-09,0.0,0.0,1538111.02367,33645.01599,0.0,950.51118,182826.72139,129397.35634500001,7211.8611200000005,15722.931357,31270.215,30967.75904,96.32509784722221,126345765.0,1,3,2021
2021-03-10,1673.300003,0.0,1561665.02602,26779.468100000002,0.0,0.0,168566.90155,131027.589811,4806.9925,17787.356284,28253.947500000002,42968.00366,41.09976135416667,127692232.0,2,3,2021
2021-03-11,5500.500003,0.0,1651462.98227,14738.2131,0.0,0.0,204709.49597,97632.199559,3626.74225,11633.843771,27825.4075,42143.41579,42.43837354166667,126997422.0,3,3,2021
2021-03-12,2148.499997,0.0,1642808.21929,8612.804520000002,0.0,0.0,135793.71244,121399.994762,6356.93782,15173.299944999999,25477.18,59922.68279,41.541642152777776,125242801.0,4,3,2021
2021-03-13,0.0,0.0,1573480.61321,6855.4349600000005,0.0,0.0,109077.08559,113733.887632,8195.4238,15456.656204,25988.235,58496.06973,31.61014472222222,118616836.0,5,3,2021
2021-03-14,0.0,0.0,1602165.79117,10706.25676,0.0,1403.4940600000002,132692.43771,119007.702139,6838.43508,15575.043829,26979.449950000002,39848.52065,73.2693571875,120574098.0,6,3,2021
2021-03-15,931.700003,0.0,1646282.35716,10576.61952,0.0,0.0,136097.40326,97100.942815,1909.26759,16134.387582,24481.0575,34911.45442,36.18044638888889,127532113.0,0,3,2021
2021-03-16,5258.899983,0.0,1548907.5289,16183.55152,0.0,0.0,114232.5517,88883.330419,1321.4387199999999,19715.974894,25805.82247,93166.0747,31.40255111111111,120914289.0,1,3,2021
2021-03-17,5134.300014,0.0,1492789.9719,20832.4538,0.0,0.0,161451.47878,86365.07875,1625.92278,16088.656113,29149.78244,103391.3956,34.137931944444446,120020941.0,2,3,2021
2021-03-18,5003.200003,0.0,1504314.73912,17682.99648,0.0,0.0,171152.2962,74477.260462,3675.6391599999997,11401.237503,30028.8425,66764.42007000001,41.000884166666665,120218632.0,3,3,2021
2021-03-19,1796.699997,0.0,1515782.08464,21842.28975,0.0,0.0,177179.06581,80413.077324,7352.87619,11232.112502,29725.0975,36650.19185,39.44716947916667,120917289.0,4,3,2021
2021-03-20,0.0,0.0,1474612.87102,8910.28271,0.0,0.0,140455.31514,102592.109669,6601.67366,10913.437525,30494.415,57373.71735,33.575578506944446,115459543.0,5,3,2021
2021-03-21,0.0,0.0,1508105.24178,8176.88947,0.0,0.0,149169.67598,71996.91313,5223.06696,10592.099966,29117.2125,64129.388060000005,39.56722552083333,114496385.0,6,3,2021
2021-03-22,0.0,0.0,1620561.43419,26291.24594,0.0,0.0,216640.21703,81407.572247,1995.9313,14442.918792,32597.042410000002,63409.89306,59.92581802083333,122472683.0,0,3,2021
2021-03-23,0.0,0.0,1587916.68311,30404.30781,0.0,0.0,245608.15382,74961.983831,2494.86651,20220.668752999998,31927.75992,58806.08745,65.42248885416667,123370454.0,1,3,2021
2021-03-24,0.0,0.0,1521406.59629,22387.89627,0.0,1736.01017,215169.31655,99090.25362599999,6293.21475,19318.918683,31973.23737,34950.2025,41.58903729166666,124355685.0,2,3,2021
2021-03-25,0.0,0.0,1446962.78202,15963.791130000001,0.0,4804.00732,182966.52698,104935.649122,8267.66254,19532.98736,31122.847420000002,64915.53723,45.67144517361111,120308074.0,3,3,2021
2021-03-26,0.0,0.0,1516451.92433,8188.11474,0.0,1028.00676,179908.78993,117774.132768,7989.11828,19917.662445,34798.42989,35817.43638,46.821932465277776,117060392.0,4,3,2021
2021-03-27,0.0,0.0,1504601.46262,81.21024,0.0,0.0,157086.25614,109576.693371,8050.14287,20566.968812,33220.23495,25749.72959,34.67764850694444,110615898.0,5,3,2021
2021-03-28,0.0,0.0,1524730.98249,3978.15375,0.0,0.0,143417.28777,84740.467702,6068.06318,21043.668565,32184.31995,39245.89333,17.320745347222225,109203103.0,6,3,2021
2021-03-29,0.0,0.0,1611834.00672,6658.98408,0.0,0.0,161100.43411,107999.472698,7507.94341,21457.125097,33210.15741,49526.023610000004,35.21497625,118520098.0,0,3,2021
2021-03-30,0.0,0.0,1581598.60861,124.7184,0.0,0.0,148069.04952,110409.395579,6580.84659,12110.71273,35666.00729,84859.43408,29.58511420138889,116836126.0,1,3,2021
2021-03-31,0.0,0.0,1582220.19885,124.7184,0.0,0.0,119899.27804,109523.977984,7802.32561,18456.149982,35592.91485,92520.5094,31.353908680555552,115394223.0,2,3,2021
2021-04-01,0.0,0.0,1647470.5631,124.7184,0.0,0.0,69280.32403,115268.065749,6139.83585,20295.431059,34755.7949,91776.26092,33.67380739583333,115074136.0,3,4,2021
2021-04-02,0.0,0.0,1515467.65808,124.7184,0.0,0.0,77599.61881,97389.770192,6456.136640000001,20286.493717,26740.9775,114777.18856,20.378375833333333,104507615.0,4,4,2021
2021-04-03,0.0,0.0,1527151.96221,124.7184,0.0,0.0,60911.78646,86716.888492,4925.83329,21027.887444,30893.92737,105062.06820000001,23.407979722222223,106799484.0,5,4,2021
2021-04-04,0.0,0.0,1581999.68831,124.7184,0.0,0.0,62035.31455,44745.309763,1986.80533,21130.368571,31794.034900000002,78351.69539000001,32.19068586805555,107591111.0,6,4,2021
2021-04-05,0.0,0.0,1651426.4165100001,124.7184,0.0,0.0,61863.39477,42388.648075000005,2762.48122,20503.056051,31775.84995,41742.53675,35.7425509375,111884518.0,0,4,2021
2021-04-06,1350.699991,0.0,1621802.61586,124.7184,0.0,0.0,97748.97918,65618.335998,2419.85227,20447.481222,31765.029880000002,31142.0839,42.92038090277777,120361860.0,1,4,2021
2021-04-07,3722.200002,0.0,1630136.71954,13156.81249,0.0,0.0,131958.85256,79486.237488,4786.64301,21333.575028,34780.08983,11555.99999,58.652255972222214,119354905.0,2,4,2021
2021-04-08,3287.7000000000003,0.0,1564957.6544,27201.26446,0.0,0.0,132721.0181,95942.853003,6064.8938100000005,21484.275089,37969.44236,11221.73,59.191429756944444,117043958.0,3,4,2021
2021-04-09,1305.200003,0.0,1515231.54128,15340.838029999999,0.0,0.0,152965.13801,103975.810091,7380.00634,21372.031475,41632.94229,19573.6809,75.25648239583333,116450939.0,4,4,2021
2021-04-10,0.0,0.0,1424163.70369,16314.608339999999,0.0,1147.51481,116506.0919,111376.523988,7795.9326,19434.081158,40339.269830000005,16065.0381,109.36094319444443,111337198.0,5,4,2021
2021-04-11,0.0,0.0,1382046.39446,2897.68088,0.0,0.0,79511.55886,99973.515711,7661.01654,20308.999916,32455.3099,67959.94320000001,22.78099954861111,108234805.0,6,4,2021
2021-04-12,1374.800002,0.0,1428793.59608,15103.45207,0.0,0.0,135402.82459,111958.053841,8250.53347,21165.243738,32493.09726,56683.80294,31.968024861111115,113406239.0,0,4,2021
2021-04-13,2838.200001,0.0,1448698.29467,18180.01931,0.0,1098.57747,140907.01312,108383.832053,8122.5739300000005,19365.999954,30395.05481,53500.165030000004,39.32067277777778,112372329.0,1,4,2021
2021-04-14,2168.0,0.0,1464796.50626,20510.47462,0.0,0.0,149404.06025,90364.744663,7269.42217,19991.931184,22108.245,35649.04917,28.339297604166664,111841626.0,2,4,2021
2021-04-15,861.3,0.0,1476247.6692,13241.214769999999,0.0,0.0,148278.10052,105628.161959,7743.57195,19108.800034,24004.059979999998,29111.83562,72.54612538194445,112748281.0,3,4,2021
2021-04-16,0.0,0.0,1526260.9744,20653.75813,0.0,0.0,110584.13508,113277.280459,6953.11052,19278.400065,30802.52989,45069.53681,37.536002708333335,113432760.0,4,4,2021
2021-04-17,0.0,0.0,1578937.3071,24029.0619,0.0,0.0,81449.02943,94437.287144,2090.0523900000003,15055.024777999999,36124.19732,85586.31775,50.08310465277777,109811605.0,5,4,2021
2021-04-18,0.0,0.0,1548420.38464,29548.27499,0.0,0.0,91842.73582,80115.64114,4405.72103,14421.29362,33348.77988,47945.30318,60.377927638888885,105324481.0,6,4,2021
2021-04-19,0.0,0.0,1549704.56218,37374.90524,0.0,0.0,132607.31273,102266.818899,7987.60278,15221.106201999999,42247.60485,32158.323640000002,108.89707371527777,112444580.0,0,4,2021
2021-04-20,0.0,0.0,1537525.88323,28433.25483,0.0,0.0,132135.61958,69436.458029,7637.38618,18981.131287,47990.49493,24225.11595,144.56063069444443,112507474.0,1,4,2021
2021-04-21,0.0,0.0,1539264.00676,34856.93043,0.0,0.0,141218.50772,65648.26868000001,7208.281559999999,20904.47499,45724.45746,60217.13674,60.5210253125,113724085.0,2,4,2021
2021-04-22,0.0,0.0,1654537.31337,32078.57436,0.0,0.0,134450.96632,25253.4756,1746.3503,21457.362506,52843.22726,31945.17943,91.572885,116002456.0,3,4,2021
2021-04-23,0.0,0.0,1590247.0605900001,28368.078009999997,0.0,1672.9621499999998,115868.35457,50415.378971,7878.80763,21402.700197,51684.30732,57986.44074,61.74351736111111,111220526.0,4,4,2021
2021-04-24,0.0,0.0,1573779.74334,14332.65573,0.0,0.0,87464.70839,51962.640919,6883.86302,20620.524929,53320.77978,41300.95869,35.27809628472222,105291594.0,5,4,2021
2021-04-25,0.0,0.0,1646510.36881,11822.43512,0.0,0.0,75768.81301,75316.077916,7203.60131,21704.868914,52406.41727,30502.60595,44.033229479166664,103608903.0,6,4,2021
2021-04-26,0.0,0.0,1601313.7254,12934.01875,0.0,0.0,91150.09508,66267.984953,6373.41809,19155.462691,50035.41229,47903.8333,34.43634440972222,106561368.0,0,4,2021
2021-04-27,0.0,0.0,1630502.79653,20213.44482,0.0,0.0,96015.86916,93980.687424,5863.72996,21072.762433,51741.20729,79262.75005,49.768960451388885,114346271.0,1,4,2021
2021-04-28,0.0,0.0,1733377.56505,24756.41989,0.0,0.0,98921.50375999999,93790.65618800001,6927.68607,21604.450095,51442.35482,76902.79704,51.996237777777786,114911771.0,2,4,2021
2021-04-29,0.0,0.0,1666515.79272,20912.73881,0.0,0.0,114252.61715,82233.691486,4693.89981,20088.381242,51297.45731,74367.09806,56.09533690972222,114639869.0,3,4,2021
2021-04-30,0.0,0.0,1641277.19517,10855.39365,0.0,0.0,99727.81625,68147.225162,3906.7254,21817.287367,51178.08984,97024.71319,31.325616145833333,114562147.0,4,4,2021
2021-05-01,0.0,0.0,1599490.1583,5673.57817,0.0,0.0,47350.19521,96439.237599,6362.25959,22021.106233,49957.66742,116608.62868,33.95126072916667,110621536.0,5,5,2021
2021-05-02,0.0,0.0,1528473.14989,95.7168,0.0,0.0,48266.31243,80459.32364,4325.38801,21267.881296,46653.76978,99134.97823,18.449384166666665,108700299.0,6,5,2021
2021-05-03,0.0,0.0,1595258.24568,14873.82738,0.0,7810.66645,54676.2325,99500.021604,6567.27416,22661.012679,46343.51736,54572.49873,39.556407951388884,107779632.0,0,5,2021
2021-05-04,0.0,0.0,1585529.3339,20674.73161,0.0,11491.08724,90159.28746,88773.937673,5108.34156,22143.7937,41001.29746,29942.96354,45.42594017361111,114559936.0,1,5,2021
2021-05-05,0.0,0.0,1613447.51738,7059.6077399999995,0.0,14790.51284,104112.31288,97051.76424,3435.68046,21643.087507,39584.46243,62763.40017,39.71466208333333,116718535.0,2,5,2021
2021-05-06,0.0,0.0,1532577.47014,22558.34012,0.0,8347.27565,103455.20126,92709.677078,2933.28439,22363.362586,39064.07241,49663.48367,46.15822236111111,113499615.0,3,5,2021
2021-05-07,0.0,0.0,1467473.35526,36327.5351,0.0,6640.03916,115914.54462,106606.27569299999,4799.85807,22142.9938,39963.32987,20712.01004,119.24939409722224,112682788.0,4,5,2021
2021-05-08,0.0,0.0,1445777.18309,32160.56268,0.0,0.0,57439.96886,89532.319287,4186.26653,18122.674782000002,43953.17469,7393.5961800000005,53.17451184027777,105601690.0,5,5,2021
2021-05-09,0.0,0.0,1456534.35186,18931.29052,0.0,5278.75939,52757.28516,94343.741527,4061.5014499999997,22295.475009,41493.12228,24023.08232,39.73794784722222,106187270.0,6,5,2021
2021-05-10,1262.500015,0.0,1484951.05619,38310.67599,0.0,12019.5102,99062.09246,93086.415221,4735.15548,17487.299897,40622.26481,15882.37107,107.30898520833334,114272876.0,0,5,2021
2021-05-11,4843.599997,0.0,1531987.8122100001,25487.95941,0.0,5582.3766,152461.16979,80843.594729,4294.2039700000005,20885.068818,30488.105,32216.70148,60.95226302083333,114165353.0,1,5,2021
2021-05-12,4655.799997,0.0,1554590.32515,52554.04898,0.0,6209.19582,151233.90325,69945.52399,2143.83227,21673.431388,36902.402369999996,31147.88756,118.33657920138889,116205646.0,2,5,2021
2021-05-13,4724.200016,0.0,1454746.16921,25263.42784,0.0,6382.01103,110438.06654,92686.871021,4578.33744,21727.506346000002,31631.772380000002,37248.39928,43.47282954861111,114216220.0,3,5,2021
2021-05-14,1431.500007,0.0,1477161.61107,12181.28686,0.0,2887.60905,89383.97437,74849.141788,5078.59195,19382.162529,31401.86986,90819.79016,71.05344986111112,111413949.0,4,5,2021
2021-05-15,0.0,0.0,1459103.4540900001,16394.87913,0.0,720.997,45554.23399,73152.154244,5086.44577,19139.062481,40977.18721,84782.47703,18.549503472222224,105258339.0,5,5,2021
2021-05-16,0.0,0.0,1486671.65681,6690.99192,0.0,4848.2315,48058.21801,69908.92523,4762.53021,19295.443602,35964.77979,60458.559610000004,19.17310451388889,104770313.0,6,5,2021
2021-05-17,0.0,0.0,1534641.59293,51493.25533,0.0,17865.11373,74101.98826,91528.446485,5052.90434,20198.13116,46131.4422,56420.99427,72.77099159722222,112742384.0,0,5,2021
2021-05-18,0.0,0.0,1527299.83636,38400.33631,0.0,15622.1581,97061.12504,84620.18775,5237.95755,20287.937462,37617.65985,87808.97065,64.51194249999999,115027383.0,1,5,2021
2021-05-19,0.0,0.0,1539603.30782,28833.32789,0.0,7149.44061,126450.4964,87026.59099,5072.438880000001,19251.899926000002,34461.93987,108756.94587,48.113986736111116,115344273.0,2,5,2021
2021-05-20,0.0,0.0,1553196.57687,43438.78474,0.0,11507.60754,115371.28294,70955.58575,5704.38682,19099.70015,39440.05729,78854.37139,47.77776107638889,114350221.0,3,5,2021
2021-05-21,0.0,0.0,1540891.4752,40219.26784,0.0,7549.688340000001,113666.97268,85607.953291,7205.77775,20531.099841,41548.839810000005,55373.69496,93.89311451388888,113401076.0,4,5,2021
2021-05-22,0.0,0.0,1510940.61575,13216.19003,0.0,923.98108,52189.05362,63345.131792,7007.42636,19893.118569,43407.09721,75778.83225,45.99938673611111,107523075.0,5,5,2021
2021-05-23,0.0,0.0,1473529.92026,18177.150840000002,0.0,1055.99808,40939.7112,67428.059796,6870.18657,20268.187113,41267.51728,72420.35347,40.535901493055555,105659151.0,6,5,2021
2021-05-24,0.0,0.0,1513576.12544,26064.67738,0.0,2055.98079,67047.2186,96763.497944,7261.11913,20346.337219,44692.79475,85813.38271,101.96926416666666,114287032.0,0,5,2021
2021-05-25,0.0,0.0,1265607.6822,62497.98065,0.0,15010.0531,116507.29987,69798.244997,7294.02622,20258.543529,48813.72467,76458.84534,1636.593494825475,114445085.0,1,5,2021
2021-05-26,0.0,0.0,1207838.77108,73204.5228,0.0,11015.185950000001,177266.95542,91440.866509,6818.90785,21015.26863,39770.54234,22670.86045,93.46657715277779,112272728.0,2,5,2021
2021-05-27,0.0,0.0,1247010.6314,83178.43723,0.0,6545.14414,163954.38158000002,93682.413935,6989.01464,21094.581412,40984.67731,71096.39923,102.10821631944445,113064532.0,3,5,2021
2021-05-28,0.0,0.0,1194635.52975,83350.03127,0.0,12399.10489,171730.17358,111731.909118,7685.15345,21216.881277,39925.09486,88439.70723,170.9663595486111,112664835.0,4,5,2021
2021-05-29,0.0,0.0,1212342.9106700001,95330.03693,0.0,7518.551289999999,187167.60142,101636.171486,6042.2359,21019.849977,40992.839830000004,52348.58784,135.45173138888887,108301459.0,5,5,2021
2021-05-30,0.0,0.0,1229695.00034,75082.07105,0.0,4455.71422,217135.98683,90670.450272,6414.9112700000005,20756.637583,40032.864890000004,38128.40522,261.07153489583334,106503638.0,6,5,2021
2021-05-31,0.0,0.0,1243504.91142,91214.91047,0.0,2082.21779,297419.17151,96418.367052,7004.83568,21627.112624,42356.18991,46725.42499,216.18070524305554,113706639.0,0,5,2021
2021-06-01,0.0,0.0,1235560.25552,128869.43049,0.0,19185.00691,279447.19477,94267.23180400001,5923.61406,20548.762571,45488.82239,39564.27366,325.3292981597222,112247272.0,1,6,2021
2021-06-02,0.0,0.0,1194279.87723,132150.73766,0.0,1186.9980500000001,279098.3247,79374.954171,3732.06074,20857.362429,45894.7923,41241.757,213.94199690972223,112450614.0,2,6,2021
2021-06-03,0.0,0.0,1217146.39759,151802.94461,0.0,2659.86265,293621.43287,63059.072319,1162.00982,19728.975032,58602.33224,41454.59642,792.9151086458332,115044038.0,3,6,2021
2021-06-04,0.0,0.0,1160793.71115,130706.63627,0.0,3166.02575,270906.35281,67836.600343,3777.44791,20577.962588,48874.30728,89448.95668999999,312.76680475694445,111015769.0,4,6,2021
2021-06-05,0.0,0.0,1189000.44606,69907.16594,0.0,0.0,204661.77726,103856.184382,6127.0044,21194.618814,43980.48233,83665.12518,169.18732184027775,105076503.0,5,6,2021
2021-06-06,0.0,0.0,1209905.52687,40385.09037,0.0,0.0,193645.57535,75660.886725,6622.85359,20526.425067,46105.96988,48393.25462,84.55676878472222,104384756.0,6,6,2021
2021-06-07,0.0,0.0,1209105.46833,88377.01276,0.0,2707.23122,235298.58487,77563.300674,6267.96178,22156.562704,45647.54732,40519.00038,231.66872125,113401709.0,0,6,2021
2021-06-08,676.9,0.0,1203534.32813,113986.06346,0.0,2548.96969,258883.666,63666.652274,2770.9034899999997,21275.081048,41272.90491,56270.43949,139.80119194444444,113769807.0,1,6,2021
2021-06-09,4981.100002,0.0,1211726.62339,106724.94094,0.0,3771.61548,270914.69907,102679.192954,4841.43268,19743.431078,46632.99227,95807.34092,175.89790211805555,117875187.0,2,6,2021
2021-06-10,5265.199977,0.0,1242281.9149,121198.47102,0.0,12910.79552,320784.85806,116324.996881,6235.05764,22164.681427,49961.9496,59534.87535,761.9404337152778,117764016.0,3,6,2021
2021-06-11,4870.900015,0.0,1265005.49893,135837.00912,0.0,12889.9344,304780.43092,95056.315064,5480.82634,22971.287419,47168.45951,19926.41866,247.97671666666668,116508082.0,4,6,2021
2021-06-12,813.8000000000001,0.0,1242695.74465,99646.48169,0.0,0.0,226750.33427,92996.70340700001,5818.86666,22473.337524,40524.62727,11540.35015,114.41398152777778,108513866.0,5,6,2021
2021-06-13,0.0,0.0,1226261.15187,95777.53835,0.0,9703.52585,209990.38478,69735.287013,6096.57915,22410.025122,38840.87476,9033.87409,93.066924375,107266441.0,6,6,2021
2021-06-14,0.0,0.0,1260697.2378,127299.26883,0.0,6776.67791,290339.94415,61613.082951000004,5643.05121,22599.581482,42091.91219,18749.95178,389.5165635416667,116367859.0,0,6,2021
2021-06-15,0.0,0.0,1259266.17968,151007.56029999998,0.0,22151.32108,298704.12484,61941.749268,3387.12029,20639.381501,39419.18467,15565.63428,648.5446990277778,115550350.0,1,6,2021
2021-06-16,0.0,0.0,1248423.94586,105938.12086,0.0,16783.62929,305413.9831,66806.752138,5793.79911,20562.318771,35904.34731,32594.90472,158.25894055555554,113971694.0,2,6,2021
2021-06-17,0.0,0.0,1389208.61396,70871.20725,0.0,3750.17853,236273.52211,68823.127483,5974.4227200000005,19627.787516,31284.53733,54362.81816,77.10539850694444,114634231.0,3,6,2021
2021-06-18,0.0,0.0,1432084.03577,39176.34676,0.0,1561.98848,218953.92338,90640.311062,5240.23255,19964.83756,33090.63229,81417.88585,57.64053777777778,115255531.0,4,6,2021
2021-06-19,0.0,0.0,1443378.4879700001,21227.49106,0.0,0.0,139074.51286,104786.67258,3568.14116,20502.831211,36373.22474,109383.78299,70.97722722222223,110117201.0,5,6,2021
2021-06-20,0.0,0.0,1446871.81928,32650.25098,0.0,622.0086399999999,133575.19291,83994.44368,5901.6529199999995,19444.443883,33000.88486,49444.24217,74.82477822916667,107218841.0,6,6,2021
2021-06-21,0.0,0.0,1490144.97492,48346.08695,0.0,13832.5728,178812.95693000001,102599.587934,5991.0745,17260.756104,30054.12234,28164.33389,186.37195847222222,115040925.0,0,6,2021
2021-06-22,0.0,0.0,1485223.53146,23753.6401,0.0,2587.3191500000003,161074.26313,91843.091788,6762.52501,16748.537625,28717.10493,100396.22263999999,64.1068540625,115481979.0,1,6,2021
2021-06-23,0.0,0.0,1547518.34892,11155.20934,0.0,2020.5794299999998,125248.42067,78220.56329,3792.4677,16470.937424,28475.05989,97068.2616,49.62734690972223,116344562.0,2,6,2021
2021-06-24,0.0,0.0,1554285.67632,25952.002669999998,0.0,0.0,137584.7213,51807.3539,1646.79001,16184.475081,31223.61233,72476.82705,56.29731402777778,115821198.0,3,6,2021
2021-06-25,0.0,0.0,1568477.7628900001,54573.95979,0.0,2991.9956500000003,157081.86981,42265.61201,635.97146,16168.637403,38426.41977,64151.56194,142.89138854166666,115641843.0,4,6,2021
2021-06-26,0.0,0.0,1580264.71734,25606.178799999998,0.0,3025.9841199999996,120891.2447,40507.058794000004,1691.41949,16079.643568,34427.54486,58776.35445,65.58745201388889,113333822.0,5,6,2021
2021-06-27,0.0,0.0,1544380.96529,18802.702119999998,0.0,584.9953399999999,101789.5187,92247.187373,6911.99686,17453.381159,35297.554860000004,62854.13616,61.38863961805556,108570453.0,6,6,2021
2021-06-28,0.0,0.0,1538608.20812,36474.36288,0.0,5088.207039999999,123751.83183,88958.89365700001,7052.22903,16301.843737,40270.91978,70136.76018,121.36597552083333,116428131.0,0,6,2021
2021-06-29,0.0,0.0,1533547.7819,27867.65359,0.0,6344.43041,164335.37642,56250.967076,5867.53743,11773.168902,40256.17227,111827.9411,66.84457993055555,116946937.0,1,6,2021
2021-06-30,0.0,0.0,1530772.76721,29018.80008,0.0,8251.808809999999,151712.59807,58182.338233,4357.75974,15479.112484,38929.3423,92484.69178000001,66.84892465277778,116990404.0,2,6,2021
2021-07-01,0.0,0.0,1551517.22199,38882.38411,0.0,9692.845169999999,205628.4869,48922.721197,1946.0016199999998,15002.874918,41860.92469,86338.63589,117.67483072916666,117411193.0,3,7,2021
2021-07-02,0.0,0.0,1544868.53768,47882.74861,0.0,3339.00605,162804.17462,42832.277661,2433.69419,15464.44375,42957.01228,37332.92874,99.62955347222221,115904716.0,4,7,2021
2021-07-03,0.0,0.0,1536044.07207,50310.54189,0.0,6371.01351,169923.56371,23431.716994,1159.07034,13411.29372,40954.18979,29539.09523,234.68727690972221,110675608.0,5,7,2021
2021-07-04,0.0,0.0,1458713.63057,12113.83927,0.0,1772.63718,95776.63779000001,94196.257682,7017.18427,15803.781145,39567.38473,89089.86967,45.76598552083334,106329910.0,6,7,2021
2021-07-05,0.0,0.0,1526685.40145,37980.75822,0.0,16393.8061,168372.1859,112332.725764,6294.18546,16981.231132,48241.34711,93144.69916,103.6975345486111,115176764.0,0,7,2021
2021-07-06,0.0,0.0,1556617.6374599999,69039.10844,0.0,22229.63571,181065.88,86143.476812,5843.80429,16615.1186,48156.97467,48682.38128,241.66251048611113,117073086.0,1,7,2021
2021-07-07,0.0,0.0,1512958.03571,67020.96687,0.0,23485.57274,166328.25474,94592.50518,6229.85129,16683.5561,45243.13475,43507.68053,185.51842187499997,115550206.0,2,7,2021
2021-07-08,0.0,0.0,1475000.92559,104008.20197000001,0.0,32553.98761,139668.64163,64320.446710000004,2222.34453,16391.493614,49699.36707,94784.07012,230.30218118055555,116671610.0,3,7,2021
2021-07-09,0.0,0.0,1528652.59378,71836.8015,0.48,20425.23884,189134.82517999999,73113.07333,3423.27953,16226.556276,54215.219600000004,84929.11102,189.1296181597222,117489481.0,4,7,2021
2021-07-10,0.0,0.0,1459684.8708600001,51044.427370000005,0.0,3529.43933,93058.86349,115911.259267,7632.8999,16357.281321,48433.70725,119172.35232,103.60096805555555,106662951.0,5,7,2021
2021-07-11,0.0,0.0,1461940.77615,24499.14229,0.0,8676.5498,98731.81027,113976.506114,7020.4856500000005,16205.424947,47514.1572,62537.81576,150.21884718749996,105763639.0,6,7,2021
2021-07-12,0.0,0.0,1445923.23761,49043.40248,0.0,26834.38963,138958.01379,103792.3182,6165.80203,15994.418663999999,44268.37728,42070.41386,142.77179284722223,114605241.0,0,7,2021
2021-07-13,1129.999998,0.0,1404057.819,45144.1186,2.42,13943.93218,166210.84776,94016.794993,6999.98521,16436.162436,44668.14472,42014.44928,129.91485548611112,114148281.0,1,7,2021
2021-07-14,0.0,0.0,1462170.50795,36493.73431,7.11,4401.96787,136485.73113,72123.397016,3226.71235,15836.631211,44140.422170000005,73301.58755,59.14962215277777,113939470.0,2,7,2021
2021-07-15,0.0,0.0,1453199.6886,29381.59306,0.0,0.0,157628.40935,72011.091998,3626.79861,15947.549851,47525.02226,62602.3631,54.25207520833333,115012714.0,3,7,2021
2021-07-16,0.0,0.0,1445305.19121,19447.43778,40.01,1841.10558,136967.54671999998,83201.460235,2039.05738,15028.999937,40978.77988,86943.6137,113.41480107638888,114398737.0,4,7,2021
2021-07-17,0.0,0.0,1378251.12516,23392.47235,0.0,1804.55956,109794.80696,102098.757657,7227.34347,15324.437913,40727.3698,104032.29218,47.076173993055555,105796133.0,5,7,2021
2021-07-18,0.0,0.0,1393395.5758,22701.84052,0.0,2251.8956599999997,112331.74107,114243.146994,6817.4154100000005,15274.856812,43916.21978,87278.58839,72.45311500000001,107213913.0,6,7,2021
2021-07-19,0.0,0.0,1475218.91978,67802.42063,0.0,16086.42831,153795.15257,111994.546842,7663.97174,7647.637654,53427.18467,30484.52975,166.21245614583333,116663831.0,0,7,2021
2021-07-20,0.0,0.0,1456633.47941,67852.22125,2.62,20528.45173,157767.35676,114707.264245,7764.92875,11225.62499,49913.13958,58941.782770000005,134.89849538194446,117621160.0,1,7,2021
2021-07-21,0.0,0.0,1422041.38555,68141.29399,0.0,25349.443320000002,185396.19996,106710.02961700001,6738.65829,15053.412627,46878.32465,105203.44708,579.7408190277778,119449990.0,2,7,2021
2021-07-22,0.0,0.0,1448261.52987,84213.75043,0.0,23771.87952,180767.15787,105932.373905,7480.27921,15292.062408,48786.32717,52500.35839,271.3715276388889,117518526.0,3,7,2021
2021-07-23,0.0,0.0,1491493.7859,90832.1995,0.0,26320.42105,181298.73203,95644.508896,1481.4634999999998,13619.587443,50345.76727,69370.64992,184.51305142361113,117468377.0,4,7,2021
2021-07-24,0.0,0.0,1380248.0796,28126.19136,0.0,456.43366000000003,139653.44785,100003.32515399999,7079.30683,14616.637539000001,41665.06729,48116.4837,47.53644368055556,106880833.0,5,7,2021
2021-07-25,0.0,0.0,1383272.80802,14052.84498,0.0,0.0,100861.73058,112189.973857,7644.71655,14185.118789,40653.22479,116275.23664,46.74099267361111,106635207.0,6,7,2021
2021-07-26,2999.200005,0.0,1502828.5645,36514.59096,0.0,13823.66248,141866.73983,110671.78916,4274.34607,13172.868736,31125.2571,67327.84437,124.5197875,116964498.0,0,7,2021
2021-07-27,3418.899996,0.0,1519780.54049,31674.06145,0.0,8416.20574,138192.42703,114693.91594800001,7340.35399,15051.287496,18828.15985,36043.92911,73.92449173611111,115282091.0,1,7,2021
2021-07-28,3125.199995,0.0,1508899.66422,24170.03082,0.0,991.00006,121739.50708,115971.285449,6902.54377,15724.962489,16953.81982,60277.72107,60.05082350694445,112994270.0,2,7,2021
2021-07-29,3137.7,0.0,1509263.62257,24836.788249999998,13.160000000000002,0.0,144159.42671,105403.785187,7358.94045,16529.462532,16428.10992,55883.57307,66.96316652777777,112782762.0,3,7,2021
2021-07-30,3166.1,0.0,1452912.11773,26154.18066,0.0,1898.98428,143415.65402,110242.039363,7834.79016,16278.262472,14661.77988,59458.57484,62.56751666666667,112904078.0,4,7,2021
2021-07-31,3258.699996,0.0,1461467.51529,15793.680910000001,0.0,5188.93531,59185.86165,93960.806189,7400.29987,15817.475077,21401.22967,55824.3251,47.48277586805556,106111419.0,5,7,2021
2021-08-01,2398.999994,0.0,1429338.7273,15564.09612,0.0,9076.4309,48174.15633,102798.63443600001,6446.97218,16048.81863,21908.77982,39228.60842,63.12520274305556,103099800.0,6,8,2021
2021-08-02,0.0,0.0,1487207.07718,37981.45641,0.0,7446.33218,51647.90144,117207.841817,6907.60418,15937.974965,19871.80984,43713.20941,63.43626597222222,110587787.0,0,8,2021
2021-08-03,2515.200003,0.0,1468764.82204,17155.68382,0.0,6516.33387,99318.82164000001,91307.514211,1092.37782,14999.493677,12823.159899999999,50759.09485,46.381894375,111524413.0,1,8,2021
2021-08-04,3108.9,0.0,1430368.31604,19868.90872,2.2199999999999998,0.0,145086.75688,122907.429285,7339.59233,15397.86252,13725.47989,96838.60888,53.44310149305556,111269253.0,2,8,2021
2021-08-05,3162.4,0.0,1442467.84584,15165.48055,7.4399999999999995,0.0,149587.19036,123855.0959,8064.21537,16128.76253,14359.69989,109965.92639,40.92844177083334,112506990.0,3,8,2021
2021-08-06,2896.1,0.0,1494820.62263,20971.68834,0.0,0.0,145502.30916,95368.073496,7950.8416099999995,11010.962329,26729.639619999998,78104.72632,53.52390420138889,111113115.0,4,8,2021
2021-08-07,4566.900037,0.0,1475132.81636,26216.10561,0.0,0.0,138867.29134,113754.994148,6300.2281299999995,15794.425075000001,21857.89978,65869.59269,68.86867090277778,104412118.0,5,8,2021
2021-08-08,2098.299993,0.0,1486939.36154,14387.58059,0.0,0.0,89946.50296,130521.832919,7659.4499,12881.300044,21576.14971,90486.2438,70.48432,103442385.0,6,8,2021
2021-08-09,395.600001,0.0,1530980.31286,18421.42021,0.0,0.0,123846.92413,88535.771429,3123.44126,16730.268797,25711.4397,115951.73438000001,65.3254114236111,114568673.0,0,8,2021
2021-08-10,3250.7,0.0,1493825.59979,17939.23435,0.0,2549.44016,122703.11176,95137.831087,3778.12914,16586.412481,23091.929650000002,108754.45226,54.97361288194444,112328817.0,1,8,2021
2021-08-11,3086.6,0.0,1485078.07859,4840.717559999999,0.0,0.0,145772.33198000002,71744.253462,6736.03274,15186.793785,13833.84991,89602.34823,52.52304729166667,111940510.0,2,8,2021
2021-08-12,3382.500004,0.0,1478195.73655,16106.09531,4.44,0.0,128642.45101,107006.941481,6544.95288,15689.487389,14620.43987,62364.35136,57.29581597222222,110143297.0,3,8,2021
2021-08-13,3119.8,0.0,1478238.4273,5450.551149999999,12.48,0.0,143332.03067,100364.118808,5775.87168,12443.143699,29089.30961,64350.92729,51.709826597222225,109142006.0,4,8,2021
2021-08-14,3545.6000050000002,0.0,1432446.57415,3829.31345,5.76,0.0,152763.40944,85094.006896,5217.67939,17351.643716,24114.95969,59454.837700000004,36.30606819444444,105055161.0,5,8,2021
2021-08-15,3361.9,0.0,1389299.67933,84.11328,3.57,0.0,104418.71994000001,56933.059498,3622.98217,13804.943726,16414.01987,46250.30159,16.975799791666667,102777221.0,6,8,2021
2021-08-16,3610.999989,0.0,1436964.9728,13981.55445,0.73,0.0,141638.48697,76601.624348,5099.43224,14232.606182,12378.86997,74009.56042,39.831215694444445,110561353.0,0,8,2021
2021-08-17,3316.4,0.0,1407641.67134,20421.61121,2.32,0.0,160748.38094,77691.204753,7847.35589,10168.756184,9895.6,97283.31791,33.89202125,109507063.0,1,8,2021
2021-08-18,3373.2,0.0,1505830.30034,24019.42674,8.34,0.0,184024.03195,120603.732815,4587.35899,13080.26256,12864.8599,91698.42225,80.019045,112356730.0,2,8,2021
2021-08-19,3234.3,0.0,1466493.4189,15126.84487,14.770000000000001,0.0,149974.90136,72779.665457,6570.65736,17324.437509,13468.12992,89981.07324,55.90779357638889,111270472.0,3,8,2021
2021-08-20,3155.7999999999997,0.0,1463444.774,9572.95752,1.92,0.0,109495.37212,96633.243315,5208.47531,17550.881204,21608.93977,63124.46711,59.89726520833333,109309726.0,4,8,2021
2021-08-21,3650.799984,0.0,1403329.45659,13261.37029,0.0,0.0,85871.28341,90005.64516300001,8120.3229,18120.693595,21568.01972,52182.57006,45.52253600694444,102120602.0,5,8,2021
2021-08-22,0.0,0.0,1371718.05214,4665.61311,0.0,0.0,72645.43215,75233.63119100001,7999.836789999999,17122.218772,21102.00976,58692.46503,29.62941534722222,100263513.0,6,8,2021
2021-08-23,0.0,0.0,1377309.10164,11790.55897,0.12,406.3985,108219.4266,100530.321657,8438.71643,17614.181214,15182.27987,98238.46398,35.40158961805556,108553560.0,0,8,2021
2021-08-24,217.70000000000002,0.0,1453427.54167,21241.101599999998,0.48,8466.29308,131633.14739,106358.775591,8129.54191,18692.531185,21487.88968,104487.58017,54.672971805555555,109612367.0,1,8,2021
2021-08-25,2029.200012,0.0,1425359.61482,18597.20567,0.05,1294.0128900000002,136258.6635,78321.943253,8429.57804,16927.2937,19946.31982,76824.20589,47.78632336805555,109264209.0,2,8,2021
2021-08-26,3505.5,0.0,1483126.63952,31211.85819,1.1,0.0,187355.15949,107460.563743,9161.98183,15514.29376,26721.709600000002,48195.57825,88.50696263888888,110232228.0,3,8,2021
2021-08-27,3426.5,0.0,1465799.60695,23866.54248,1.37,556.9745399999999,185801.82672,124632.836706,9214.94276,17037.356236,23624.16954,32688.05095,76.79469739583332,108212089.0,4,8,2021
2021-08-28,3321.4,0.0,1426125.15938,13843.7582,1.42,0.0,99883.11874,84867.758954,8639.70636,16196.175055,18881.45978,21861.14099,46.32750326388889,101412188.0,5,8,2021
2021-08-29,2612.000004,0.0,1476631.95257,11405.694220000001,0.71,0.0,75626.73824,96531.931778,7021.153310000001,16632.243784,15235.94984,38627.00571,64.70974295138889,101607224.0,6,8,2021
2021-08-30,2336.700025,0.0,1430395.53,27137.06182,0.0,1559.08953,94020.51005,90782.889868,8457.06738,16597.068816,19870.99963,32867.43801,50.27283284722222,108484589.0,0,8,2021
2021-08-31,1131.299971,0.0,1468267.0763,14758.01151,0.0,0.0,133114.85356,50165.711634,6662.9311,17069.437435,18411.59972,56793.91771,55.526334444444444,108942977.0,1,8,2021
2021-09-01,75.6,0.0,1437806.36853,12292.59121,0.31,0.0,99444.66063,97173.199381,8327.77068,16420.368803,21905.94971,64263.14003,93.51946402777777,109911868.0,2,9,2021
2021-09-02,106.70000000000002,0.0,1427306.8396100001,3736.19006,0.75,2880.50154,78488.36892000001,99572.599115,6507.14453,15389.793635,24492.48474,112036.78603,38.72531489583333,109586805.0,3,9,2021
2021-09-03,1305.9999739999998,0.0,1472574.14975,17394.10718,0.7000000000000001,966.3531700000001,72031.42129,93734.108314,5307.79375,16262.643752,31254.51724,99513.87192,55.11613333333333,109145313.0,4,9,2021
2021-09-04,2107.999985,0.0,1422447.00853,14541.12709,1.53,0.0,76465.25258,102825.482027,6441.41312,18104.70003,32930.91965,82963.08754000001,47.94031631944444,103311528.0,5,9,2021
2021-09-05,1385.2,0.0,1394507.20861,9895.11959,0.5700000000000001,0.0,81363.00841,106685.016927,943.18699,17450.474975,27739.82477,92543.19826,47.917239375,103369218.0,6,9,2021
2021-09-06,3512.7,0.0,1389069.03535,18878.910470000003,0.0,0.0,130976.4278,96601.707655,8564.3404,18149.643538,31165.912320000003,123699.80808,46.027151180555556,109980390.0,0,9,2021
2021-09-07,3095.9,0.0,1409810.08173,5448.08015,0.0,0.0,108999.49123,110245.1329,9465.70451,18406.94995,27352.44978,79241.40221,37.459260173611106,108849094.0,1,9,2021
2021-09-08,3020.9,0.0,1428385.06024,14815.0128,0.0,0.0,92799.70746,129812.362348,8931.63547,18953.756241,30526.86964,83127.93255,56.27394715277777,109349703.0,2,9,2021
2021-09-09,2713.6,0.0,1373694.12164,11173.2051,0.0,3016.99495,114373.86575,95180.512722,8854.28454,17329.781242,19267.924909999998,55489.09361,37.78992142361111,107993254.0,3,9,2021
2021-09-10,2316.8,0.0,1378386.9591,5744.72537,0.0,760.98738,113341.54165,97702.598786,8625.77626,16697.850027,21146.892350000002,40183.74282,24.775736458333338,106409727.0,4,9,2021
2021-09-11,373.8,0.0,1337244.45419,2578.80843,0.0,0.0,83524.58153000001,78258.159023,8711.013219999999,15970.818576,28643.07735,45581.44296,19.37397489583333,99834011.0,5,9,2021
2021-09-12,2607.2,0.0,1317820.79408,8087.28844,0.0,2500.99346,72626.51339000001,55443.643344,8710.53928,16253.812429,31339.50455,54289.17303,21.951122361111114,99669561.0,6,9,2021
2021-09-13,2611.2,0.0,1437656.69112,15165.54173,0.0,0.0,96707.74287,103378.843198,3333.08179,15638.92513,23640.8223,69229.77231,57.828800694444446,109576225.0,0,9,2021
2021-09-14,2563.4,0.0,1399623.54564,16736.37463,0.0,0.0,83667.34442000001,97698.634645,9328.64428,16269.862834,23909.25985,86399.59268,37.87357899305555,107386161.0,1,9,2021
2021-09-15,2397.0,0.0,1470117.82235,11506.77835,0.0,0.0,103252.26797,105941.819512,4384.346390000001,15531.768804,25026.55729,57322.97039,50.334559062500006,107316255.0,2,9,2021
2021-09-16,1095.0,0.0,1473487.15769,17557.98539,0.0,0.0,104460.7831,90237.557443,5080.43289,16306.725086999999,24815.0598,39248.89045,67.85710225694444,106608663.0,3,9,2021
2021-09-17,0.0,0.0,1438968.53283,10066.80162,0.0,0.0,84499.68022,92902.936887,6195.10451,14723.218861,28513.31221,74796.75103,56.04160510416667,106899130.0,4,9,2021
2021-09-18,0.0,0.0,1405362.37471,1182.4301,0.0,0.0,74802.58095999999,83433.430471,4401.14506,14433.199957,15703.40747,67721.11076,49.996507083333334,99903386.0,5,9,2021
2021-09-19,2057.2,0.0,1352167.2641699999,10729.39611,0.0,1893.00018,64495.408110000004,68175.636909,6841.6487099999995,16061.774912,25249.2748,27994.27351,78.93032173611111,98873695.0,6,9,2021
2021-09-20,2796.200001,0.0,1424520.94592,17720.31658,0.0,0.0,113360.3069,64912.334308,3506.7886599999997,17802.781182,23489.32728,47568.943980000004,64.24847413194445,108953640.0,0,9,2021
2021-09-21,2712.099999,0.0,1440483.80292,17231.61569,0.0,8253.00349,114439.95092,59911.638614999996,6289.88515,15355.031255,21019.817339999998,48947.06781,27.365763645833336,106282346.0,1,9,2021
2021-09-22,1573.700001,0.0,1436747.40773,24462.17866,0.0,3346.08124,139383.81887,77000.925869,8563.79247,16046.799898,23111.79493,81563.13648,63.519296458333336,101688938.0,2,9,2021
2021-09-23,575.400004,0.0,1406658.81774,11344.78731,0.0,0.0,96339.78264,87914.288071,8683.11907,14468.449961,23466.85987,36237.2998,38.36620197916667,102117274.0,3,9,2021
2021-09-24,0.0,0.0,1398629.6788599999,15515.0558,0.0,0.0,51064.12586,100759.456735,8637.6161,16209.481317,33167.389689999996,44255.28795,31.52497142361111,101846554.0,4,9,2021
2021-09-25,0.0,0.0,1395640.3879,11829.560360000001,0.0,0.0,22685.5832,94116.71319,6655.71399,14541.237461,36154.48708,37993.24478,38.61769694444444,96649440.0,5,9,2021
2021-09-26,2242.6,0.0,1379473.5223,11668.648229999999,0.0,0.0,51241.73338,105654.136729,5436.8879799999995,15035.900109,33759.14721,51139.72782,44.883295590277775,96428030.0,6,9,2021
2021-09-27,3128.8,0.0,1468236.55289,15993.01856,0.0,0.0,95678.76195,87807.55314799999,1354.55977,14258.169055999999,17936.670000000002,128377.92727,61.28734225694444,104955776.0,0,9,2021
2021-09-28,3156.6,0.0,1489608.45395,8081.78751,0.0,0.0,84546.69851,87005.65985699999,1934.00812,14226.256347,21468.86746,101024.58673,60.77591319444445,107246205.0,1,9,2021
2021-09-29,2963.2,0.0,1536182.23483,15344.57095,0.0,0.0,79742.39637,81773.231083,1826.3263200000001,13435.412511,25243.89496,105401.30563,67.99924916666667,108617399.0,2,9,2021
2021-09-30,2857.6,0.0,1487855.2719999999,23761.270640000002,0.33999999999999997,16270.24648,79092.68048,74348.355816,2806.0204200000003,12350.86876,23216.00744,70710.92367,112.20082746527777,109004538.0,3,9,2021
2021-10-01,2911.3,0.0,1470455.68728,32986.57764,0.0,6388.9720800000005,98951.77194,57754.061075,5081.12291,16590.999899,23969.29997,46950.13542,77.42116118055556,108074833.0,4,10,2021
2021-10-02,0.0,0.0,1386850.57633,22144.06667,0.0,0.0,35282.60135,57404.441401,7900.722290000001,15137.712609,32681.659779999998,24738.022390000002,29.82949545138889,99152319.0,5,10,2021
2021-10-03,0.0,0.0,1384578.59701,23421.34263,0.5700000000000001,1530.03223,45930.39767,118778.28828,9108.60469,16229.499998,37218.65476,11131.21844,30.640945347222218,97806256.0,6,10,2021
2021-10-04,0.0,0.0,1404450.7746899999,28663.61993,0.75,7175.46291,63156.24628,77488.331645,8763.36868,16202.256164,38970.10721,56554.37579,126.1355217361111,105504250.0,0,10,2021
2021-10-05,2231.3,0.0,1424832.9357,11748.25002,31.98,1421.00659,77947.0369,96001.69989999999,9685.12276,18249.418804,24285.69989,71584.86358,22.501451597222225,105995956.0,1,10,2021
2021-10-06,2994.2,0.0,1417471.46728,12035.011190000001,0.59,1651.99045,85213.14366,108411.866903,9600.87133,18376.399922,30023.84737,59749.21807,31.232854930555558,105630199.0,2,10,2021
2021-10-07,3165.9,0.0,1402956.52858,15307.26163,1.26,0.0,78779.00573,102586.204711,6252.64962,18236.031273,36151.93216,58435.9546,33.26220628472222,108975801.0,3,10,2021
2021-10-08,3252.6,0.0,1451087.32403,19571.71482,1.05,0.0,65688.63724,111491.363959,9065.38578,15627.524962,32817.98975,37617.69091,42.41236986111111,107758551.0,4,10,2021
2021-10-09,3220.5,0.0,1398767.53388,30642.659200000002,1.27,0.0,37078.76923,83151.400368,7680.33404,13979.187442,33631.25974,77288.80959,16.801126770833335,101947174.0,5,10,2021
2021-10-10,3204.5,0.0,1364123.00538,31075.60567,1.26,2314.0044000000003,41208.45877,92687.192643,8864.81519,15797.699985,34870.69971,75061.79629,22.795173298611115,101651128.0,6,10,2021
2021-10-11,3304.700002,0.0,1461667.69587,48219.69021,0.81,2093.00722,97824.86146,119428.926928,5420.27294,17881.581241,33795.29986,52968.43097,61.610898576388884,112751497.0,0,10,2021
2021-10-12,3368.500019,0.0,1502755.93317,52029.9263,0.5700000000000001,2063.99885,105905.11646,104284.33871499999,4111.48135,18257.218642,32024.60242,16406.46711,72.95107322916667,115396825.0,1,10,2021
2021-10-13,1971.8999919999999,0.0,1446928.83367,39000.36146,0.0,1439.99561,71849.99121,135962.387274,7514.46869,16749.781176,31313.78989,68554.69048,50.919156875,113602957.0,2,10,2021
2021-10-14,0.0,0.0,1434188.42742,46680.012090000004,0.24,5509.6681100000005,96281.09598,136138.147879,7476.45256,8146.512389,30378.30241,69605.1223,88.44376052083334,114248388.0,3,10,2021
2021-10-15,0.0,0.0,1475048.34602,29317.23143,1.3,0.0,66444.52679,86779.96058099999,8832.6981,8780.387527,27126.89742,65819.43245,112.40864447916665,111650734.0,4,10,2021
2021-10-16,0.0,0.0,1351898.86519,22250.863110000002,1.35,3479.99254,37451.73431,53611.868766,3168.03102,16726.974991,34944.33468,47155.65866,-110.05101347222222,100480113.0,5,10,2021
2021-10-17,0.0,0.0,1344007.4565,20367.344250000002,1.28,3283.99448,72361.84009,129672.908293,9209.29161,16145.981048,29013.31237,25620.42061,51.42049572916667,99207563.0,6,10,2021
2021-10-18,1113.8,0.0,1453029.69173,35079.11716,0.41000000000000003,3056.98049,89125.10684,121638.094386,2787.6763499999997,17410.725035,34820.82735,68625.01024,129.5116159375,112347983.0,0,10,2021
2021-10-19,4340.799979,0.0,1429158.34615,33388.8869,0.0,0.0,96565.39998,125102.28375100001,8473.58094,12390.956237,30585.91488,13489.4353,92.55935128472221,111131023.0,1,10,2021
2021-10-20,4400.699982,0.0,1410837.89171,40344.21681,0.0,0.0,117657.76118,129409.448746,8904.67142,18108.79378,24073.10738,30754.04851,187.10542701388889,110506640.0,2,10,2021
2021-10-21,3187.6,0.0,1448464.68477,31540.46174,0.0,0.0,119459.93324,108921.803558,7336.83774,17816.362561,32564.68244,51614.38332,74.8710576388889,112005332.0,3,10,2021
2021-10-22,3631.600007,0.0,1403382.3144,76069.89603999999,0.4,1181.0074,132445.62925,111828.682722,7879.47009,17731.650098,28686.12491,42205.58751,100.82443184027778,114062680.0,4,10,2021
2021-10-23,4705.899982,0.0,1357726.4419800001,46781.95788,0.0,4310.0066,171428.79654,131360.711554,8210.48203,17476.162421,31467.43489,43431.79278,93.70103211805555,111461933.0,5,10,2021
2021-10-24,3485.300001,0.0,1331456.54842,34688.07361,0.0,13460.56433,183166.94461,120377.563816,8339.27016,15930.093667,35439.43225,50453.43172,69.03014659722221,111814700.0,6,10,2021
2021-10-25,3596.1,0.0,1403874.23011,61797.59263,0.0,4082.01498,181662.95453,97798.122474,3162.01864,16868.643808,31240.85492,45936.06953,98.36967965277778,116110642.0,0,10,2021
2021-10-26,3559.2999999999997,0.0,1389297.2588,49886.00957,1.93,5973.6595099999995,159804.23876,110440.23049300001,8347.58719,18811.218687,30323.64993,50593.96948,81.11689812499999,113969111.0,1,10,2021
2021-10-27,3394.1,0.0,1427132.4589,41481.5747,0.0,5155.80531,121782.62838,136319.524901,8769.90564,19199.043837,30150.12991,57674.983290000004,87.81349434027777,113914674.0,2,10,2021
2021-10-28,3883.999999,0.0,1474753.24684,35759.9459,0.08,16836.46315,137869.11941,148328.79432,8944.67314,19581.349916,32752.11487,69434.00672,115.70994597222222,117456567.0,3,10,2021
2021-10-29,1424.499985,0.0,1480837.40791,28439.14386,1.38,216.00393,132204.67228,122195.762717,2041.99946,18925.66866,30060.1299,49678.96895,63.398203888888894,119230437.0,4,10,2021
2021-10-30,301.9,0.0,1430879.99996,40481.35846,1.1500000000000001,3871.4057599999996,56054.14314,150995.927661,8336.65613,18606.568664,38186.72474,25517.90859,62.32091354166667,113692266.0,5,10,2021
2021-10-31,3443.1,0.0,1379920.21672,15135.32963,0.16999999999999998,0.0,45620.411850000004,132449.227646,9496.43716,18518.899985,35841.72722,72211.58215,43.73264791666667,105907424.0,6,10,2021
2021-11-01,3432.5,0.0,1482614.70966,18725.24837,0.8200000000000001,0.0,106612.27548,102629.583426,7022.93488,19445.868689,35897.25478,75930.54515,70.6207209375,113154205.0,0,11,2021
2021-11-02,3541.2,0.0,1494908.1246,11553.58433,0.0,0.0,114651.93848,122885.448184,6225.99489,20319.618629,29738.11989,70163.49484,66.44308861111111,112402084.0,1,11,2021
2021-11-03,3554.3,0.0,1481203.42523,46.40544,0.0,0.0,155245.53918,125499.00770999999,8472.56699,20845.81889,27375.15991,84705.80865,59.805453229166666,110881750.0,2,11,2021
2021-11-04,3114.200001,0.0,1428848.79055,21472.75616,0.0,0.0,102723.93041,140453.072971,8631.20478,16574.612562,27016.9024,80121.0581,97.91943131944443,111183929.0,3,11,2021
2021-11-05,3601.4,0.0,1492753.87053,8489.712309999999,1.8399999999999999,0.0,119103.37706,132834.161037,5729.71378,20205.037513,29305.30489,82524.37048,62.60944211805556,111454649.0,4,11,2021
2021-11-06,1693.1999999999998,0.0,1380364.57916,14889.39885,2.88,0.0,82163.93167,122330.318756,6045.48807,20093.212438,35019.09464,85673.82025,35.833625034722225,104282210.0,5,11,2021
2021-11-07,0.0,0.0,1386287.76415,23361.17956,2.33,0.0,82972.95097,121572.757616,5098.68281,19208.981230999998,36433.74968,75704.92682,53.72996979166667,105553727.0,6,11,2021
2021-11-08,0.0,0.0,1536258.26948,69644.32063,2.88,5123.00683,124264.48741,95080.6962,5429.2955999999995,20207.693725,39602.28225,44802.16502,189.07819461805556,119020450.0,0,11,2021
2021-11-09,0.0,0.0,1576632.1570000001,67681.05049000001,0.06,4136.02245,112106.36977,77256.088024,6616.52839,18343.262497,35897.17216,19568.81162,135.4434615625,120537548.0,1,11,2021
2021-11-10,0.0,0.0,1572166.42407,54169.97902,0.0,2619.00167,102171.49324,101880.318543,5256.86886,18117.387521,34972.6447,72034.80761,124.85331215277778,123788311.0,2,11,2021
2021-11-11,161.7,0.0,1600240.73072,89746.08177,0.0,4668.0141300000005,142861.28805,83191.865624,2068.00405,18065.924935,55478.4243,49917.93818,571.8922120486111,127538936.0,3,11,2021
2021-11-12,3587.299999,0.0,1588412.36148,72022.74535,0.0,0.0,158029.7343,93948.191836,6322.1034899999995,16697.368916,42340.76459,53096.76191,88.25100034722222,126948403.0,4,11,2021
2021-11-13,752.100004,0.0,1392867.64397,13805.442720000001,0.0,0.0,47585.6115,69045.951918,7993.09696,16687.006441,29347.39464,70139.55345,11.81788986111111,103939057.0,5,11,2021
2021-11-14,0.0,0.0,1401132.14525,10828.39482,1.92,3425.4761,48362.04218,61345.389973,9299.91958,18014.687413,34608.11709,35814.7277,18.27210986111111,99054186.0,6,11,2021
2021-11-15,1383.1,0.0,1381928.62772,25899.06309,0.54,3386.54878,91635.13804,128741.710784,10015.37736,17269.518633,23405.45229,36322.77199,97.0266939236111,109417491.0,0,11,2021
2021-11-16,3117.8,0.0,1467610.27297,34865.85825,0.23,4153.23175,93886.36207,103804.59634,7438.34895,14431.76885,23825.55229,18775.64889,89.37516065972223,111511381.0,1,11,2021
2021-11-17,0.0,0.0,1473953.88613,32628.95149,1.76,0.0,76580.27962,107123.535092,2368.91105,16956.725065,26321.90233,74820.24448000001,71.33964694444444,113305561.0,2,11,2021
2021-11-18,0.0,0.0,1471011.54229,38729.27387,0.0,0.0,72734.56332,108294.886946,6106.380889999999,9785.544214,20276.9074,97876.63192,65.75823385416668,113088171.0,3,11,2021
2021-11-19,0.0,0.0,1463290.00554,41016.35959,1.08,0.0,82379.35135,120688.459278,6907.3349800000005,15410.93755,19212.34745,65497.793580000005,91.97441107638889,113975192.0,4,11,2021
2021-11-20,0.0,0.0,1421383.79329,37444.58574,0.0,637.0082,62616.9874,146226.425672,346.25359,17757.8314,29086.98731,47363.94321,129.94484006944444,111591380.0,5,11,2021
2021-11-21,61.1,0.0,1528718.23614,24668.06079,0.0,0.0,59367.80244,126124.846035,587.04769,20267.056071,27110.75229,28191.98411,99.36978493055555,113823976.0,6,11,2021
2021-11-22,1919.9,0.0,1496411.68694,16843.54971,0.8200000000000001,0.0,95136.3333,137134.743962,3789.73807,20284.200059,19804.91495,62024.76675,47.888203923611115,126563410.0,0,11,2021
2021-11-23,3441.6,0.0,1487951.5047,13665.27823,0.76,0.0,109342.63057,130543.88942,4308.33923,13908.187586,18329.30245,76361.44564,59.77256385416666,121535671.0,1,11,2021
2021-11-24,3643.700004,0.0,1499874.75554,24268.35886,1.11,0.0,135315.62283,129148.20103,4757.01671,11990.118774,22882.1649,64906.807759999996,74.68343284722222,122955099.0,2,11,2021
2021-11-25,4205.600008,0.0,1552267.75047,35349.66287,1.3800000000000001,0.0,147259.97407,62437.272144999995,3311.5029099999997,14711.818675999999,26814.83239,64064.60616,81.80294229166667,123821675.0,3,11,2021
2021-11-26,4318.19999,0.0,1561462.9929,40257.94549,1.2,1033.17106,131218.81861,82439.120856,6374.39052,20772.443973,28560.87737,25176.14505,120.24738256944444,123712033.0,4,11,2021
2021-11-27,1319.200003,0.0,1507934.25732,13664.81823,0.72,0.0,85314.66513,117463.182872,5359.41835,20014.868803,35263.67466,38399.29907,65.34481034722222,113448127.0,5,11,2021
2021-11-28,0.0,0.0,1485518.36155,6789.26418,2.88,0.0,77676.82022000001,85893.184953,3210.4932400000002,20475.006338,36442.57719,91747.257,41.96898395833333,109487700.0,6,11,2021
2021-11-29,0.0,0.0,1558090.94297,39078.40372,2.88,0.0,114167.43104,70349.047438,4993.6269,19920.800207,23106.94243,82471.55756,75.8771534375,119644023.0,0,11,2021
2021-11-30,0.0,0.0,1528613.32515,70810.58716,2.37,0.0,132731.63106,60782.425835,1257.00272,18084.987393,22861.54239,44516.15162,97.58472499999999,121564246.0,1,11,2021
2021-12-01,0.0,0.0,1538763.35157,28833.07935,0.0,27.91933,155299.90016,122447.93972,4337.35448,19566.112535,26415.68994,16127.706450000001,72.1359221875,125946817.0,2,12,2021
2021-12-02,0.0,0.0,1535981.84116,20663.92107,0.0,3055.01857,173387.88897,139650.091936,5971.67422,15330.38122,23774.757410000002,26081.66431,75.88526107638889,126956714.0,3,12,2021
2021-12-03,0.0,0.0,1523738.8106499999,21545.957860000002,0.0,1879.01765,186142.28807,135042.559226,6722.9836,18818.787412,27485.85726,37473.51771,73.44434135416667,125048675.0,4,12,2021
2021-12-04,0.0,0.0,1448935.09136,16334.97582,0.0,0.0,115023.32487,150105.079993,6619.1328,20912.006347,40603.56709,47985.923240000004,51.88415701388889,115529903.0,5,12,2021
2021-12-05,0.0,0.0,1380794.37914,10797.913910000001,0.0,0.0,57512.39622,128885.065562,6070.39736,20076.537445,34655.74965,60127.92408,28.76335965277778,111513537.0,6,12,2021
2021-12-06,0.0,0.0,1488074.44445,16522.46817,0.0,0.0,104487.72405,134732.573162,6557.69503,19345.918795999998,20979.722420000002,81522.71074,66.7610920486111,119547278.0,0,12,2021
2021-12-07,0.0,0.0,1454567.14799,17229.0523,1.02,0.0,183654.53139,139518.808703,7685.79026,18868.937436,23339.59734,57429.65976,78.91973725694444,122835183.0,1,12,2021
2021-12-08,2799.4,0.0,1481367.27946,13422.61786,0.0,0.0,199312.92699,131080.425597,7115.81767,20183.443803000002,27341.17481,36600.43906,70.4818864236111,127461700.0,2,12,2021
2021-12-09,3272.3,0.0,1375256.93685,39387.29248,0.0,5447.8062,221910.59326,131791.692163,6718.92593,19799.956428,41079.85458,27914.83952,611.6211204861111,127019881.0,3,12,2021
2021-12-10,1801.900003,0.0,1350231.40203,33770.58241,0.91,1347.98394,220769.16947999998,159638.138783,8980.19143,18571.349976,30055.98468,26726.76449,113.79641145833334,124727894.0,4,12,2021
2021-12-11,0.0,0.0,1306664.65715,23548.3464,1.3900000000000001,0.0,158603.05586,163697.535275,9466.35573,17460.462442,31772.55701,28519.44344,106.32447225694445,112884018.0,5,12,2021
2021-12-12,0.0,0.0,1290795.09648,23101.19077,1.34,0.0,106263.88752,143527.800296,7023.3210899999995,18126.875141,30140.517050000002,57500.95429,140.60371440972222,111857617.0,6,12,2021
2021-12-13,1916.7,0.0,1362850.31593,27620.22459,0.5800000000000001,967.98893,138856.95127,144804.90998,7509.20632,19503.981126,19311.324790000002,54685.12996,102.64910180555556,120557010.0,0,12,2021
2021-12-14,3060.9,0.0,1480456.90002,20454.685,0.0,1375.00416,104758.20982,151887.601354,7294.91637,19165.668578,17188.09488,48384.44235,68.79998611111111,119987928.0,1,12,2021
2021-12-15,3078.5,0.0,1475883.69444,18235.04342,0.0,1350.98255,106466.90962,151586.998756,8421.18308,17673.9875,16556.44732,45103.61384,90.63333295138888,121081086.0,2,12,2021
2021-12-16,3233.400001,0.0,1521427.46696,23579.2723,7.290000000000001,2009.0071599999999,127496.4564,160296.048059,6984.23395,18530.450011,16482.96989,21387.09142,100.0080073611111,124701165.0,3,12,2021
2021-12-17,2916.7,0.0,1472364.51583,23888.7055,0.0,0.0,135714.62272,155927.002398,8159.136530000001,19346.406155,14765.296260000001,60269.23807,87.02214746527778,123256289.0,4,12,2021
2021-12-18,3883.299977,0.0,1468310.06229,20408.26881,0.59,0.0,93958.87999,151051.760538,8442.87254,18402.400106,33199.654500000004,67572.26663,89.41927718749999,114803199.0,5,12,2021
2021-12-19,4299.400004,0.0,1457165.09727,16330.59407,1.1300000000000001,0.0,121147.66311,161489.130637,9218.01566,18415.656166,15995.82727,54114.747520000004,86.92912604166666,114652777.0,6,12,2021
2021-12-20,2673.599996,0.0,1516804.49886,40517.01266,1.05,11130.60244,186272.49823,148314.261335,8303.236,17943.843816,30657.0845,40076.51696,853.1847973611111,129818961.0,0,12,2021
2021-12-21,0.0,0.0,1570703.7816,38693.97405,0.27,9302.34078,192533.22297,156326.41820000001,8328.3437,18071.049882,26858.132009999998,41906.8243,174.91249013888887,130487650.0,1,12,2021
2021-12-22,0.0,0.0,1597084.77433,35218.30819,0.0,1609.2813899999999,185912.34976,159925.11245,7318.22853,17225.856261,25736.18966,39135.64936,104.24711347222222,130389921.0,2,12,2021
2021-12-23,0.0,0.0,1580275.91106,34886.74951,0.0,2350.00726,199084.65868,161437.088498,7683.31621,17522.074969,32370.72438,37456.71102,202.35820920138892,130629737.0,3,12,2021
2021-12-24,0.0,0.0,1555450.72494,29346.29262,0.0,1196.00041,159919.24885,142249.540125,4739.08633,18626.16868,30219.161930000002,48891.96299,86.43957427083332,123474687.0,4,12,2021
2021-12-25,0.0,0.0,1447502.95398,55.108799999999995,0.0,0.0,76952.86234,110402.752578,5745.97868,16893.843733,25806.45448,43676.53271,70.80142687499999,109388844.0,5,12,2021
2021-12-26,0.0,0.0,1439166.15774,10124.71891,0.0,0.0,59733.38975,89247.89687,6792.54097,18090.418817,27615.13205,21968.38919,66.85504385416667,111300126.0,6,12,2021
2021-12-27,0.0,0.0,1455721.3376200001,208.83168,0.2,0.0,95516.06914,92110.300185,7132.795529999999,17957.199973,26908.909570000003,25866.52831,67.17562260416666,107015679.0,0,12,2021
2021-12-28,0.0,0.0,1394125.42578,4223.93797,0.0,0.0,76727.44521,91073.966343,5278.82668,17084.737534,27135.27445,43905.02386,47.610152847222224,109622323.0,1,12,2021
2021-12-29,0.0,0.0,1452409.59332,4978.45693,0.0,0.0,77861.51865,69414.042721,6951.64694,17748.268769,29633.49195,73308.93794,65.08722888888889,113939840.0,2,12,2021
2021-12-30,0.0,0.0,1421515.8213,14929.40195,0.0,0.0,76888.45533,80120.26346300001,8081.56991,17249.437554,37686.34701,95634.89939,54.59511784722222,112877801.0,3,12,2021
2021-12-31,0.0,0.0,1451516.37388,18863.4401,0.0,0.0,91876.01964,140061.834521,7057.3551099999995,15156.737519,36349.29689,87068.29234,77.50826795138889,115079512.0,4,12,2021
2022-01-01,0.0,0.0,1480919.3885000001,14764.06547,0.0,0.0,70098.84641,145353.366892,5794.74945,16452.668805,38642.04939,34728.06292,79.97215368055555,113505080.0,5,1,2022
2022-01-02,0.0,0.0,1495698.39883,17152.61081,0.0,0.0,59522.1014,154515.65168,7749.12242,15070.337524,43600.946879999996,23996.20905,89.31346572916665,111258770.0,6,1,2022
2022-01-03,0.0,0.0,1479112.66731,18196.862080000003,0.0,0.0,64365.66467,150377.54861,9057.06564,15122.600002000001,36962.5869,46363.90966,78.41596645833333,117612369.0,0,1,2022
2022-01-04,0.0,0.0,1559695.75567,47751.87223,0.51,0.0,92786.5172,155444.49303,8936.72731,13488.968707,43963.03678,22514.09008,106.80207020833332,127038192.0,1,1,2022
2022-01-05,0.0,0.0,1538340.4992,21477.92869,0.0,0.0,155455.11367,159097.163742,8157.34807,15761.537497,33007.554430000004,41826.40756,103.04088916666666,128958830.0,2,1,2022
2022-01-06,0.0,0.0,1503058.36021,48689.054820000005,0.0,0.0,126579.17364000001,149191.60944,5653.08717,12987.862417,39194.6143,69126.41398,127.32994128472222,131087296.0,3,1,2022
2022-01-07,0.0,0.0,1540185.84911,45231.18847,0.0,0.0,136559.52509,128462.99072,7459.92551,15044.643789,34508.15696,88956.18768,143.26904944444445,132132256.0,4,1,2022
2022-01-08,0.0,0.0,1505719.27149,54465.109110000005,0.0,0.0,103699.94112,126407.143068,6563.49187,15499.70628,29773.47211,78341.72041000001,127.52335208333334,124538503.0,5,1,2022
2022-01-09,0.0,0.0,1459279.47518,40535.702000000005,0.99,0.0,122350.94439,117662.411049,5573.23443,16409.156131,33530.84448,66653.21343,115.09648277777778,120205441.0,6,1,2022
2022-01-10,0.0,0.0,1455402.90901,46338.671689999996,0.36,0.0,135053.07774,137172.494706,8738.54962,16188.587468,33596.07457,65602.53138,109.54533065972221,126196335.0,0,1,2022
2022-01-11,0.0,0.0,1458977.92864,36939.12665,0.0,0.0,126515.56059,133380.088941,6417.77155,15715.599887,40395.3495,64989.13725,157.9927648611111,123742296.0,1,1,2022
2022-01-12,0.0,0.0,1454759.41661,21745.29666,0.0,0.0,117727.60399999999,153553.70697199999,8658.4009,15815.425049,38758.7045,64191.369300000006,136.9079767013889,121618152.0,2,1,2022
2022-01-13,0.0,0.0,1457667.24563,26412.84881,0.0,0.0,122807.92821,162055.960999,7614.89943,15401.362456,41164.05449,67509.50073,87.23355434027779,119718280.0,3,1,2022
2022-01-14,0.0,0.0,1471225.57752,31573.01719,0.1,0.0,125280.17436,148086.597592,8501.36904,16521.35003,49262.14454,55208.66857,154.71969402777776,120438467.0,4,1,2022
2022-01-15,0.0,0.0,1441392.37378,33696.732540000005,0.0,0.0,113511.79450999999,159322.075358,7499.63458,15414.731109,47923.94453,62334.08958,136.90321475694444,118042192.0,5,1,2022
2022-01-16,0.0,0.0,1507679.9942,35833.91579,0.0,0.0,115324.98653,157856.884983,7317.62637,15773.07502,40534.45959,61976.27941,85.03591847222222,124485321.0,6,1,2022
2022-01-17,0.0,0.0,1612872.97751,68786.3226,0.0,10814.814840000001,174008.26855,128729.788925,6818.2517,15716.21238,47061.56935,51993.95239,125.6575632986111,138050972.0,0,1,2022
2022-01-18,0.0,0.0,1640175.12571,68395.37559,0.2,7660.64703,166409.0151,126087.748704,6774.20014,17100.156152,46154.49448,44474.51249,131.67501791666666,137506738.0,1,1,2022
2022-01-19,0.0,0.0,1618403.28301,76784.74446,0.36,3778.20314,154154.54637,128101.535259,5701.90488,17045.400071,43068.40206,41948.96719,171.02739788194444,134508781.0,2,1,2022
2022-01-20,0.0,0.0,1482034.26282,43005.60596,0.0,0.0,132239.89838,110287.63686,3525.34985,17491.674898,35248.44211,80225.11094,80.56936378472223,130183186.0,3,1,2022
2022-01-21,0.0,0.0,1434983.96211,18642.63959,0.0,0.0,90206.50335,108848.95649699999,8673.85253,17279.399941,24776.85466,103023.90134,62.89899670138889,122534014.0,4,1,2022
2022-01-22,0.0,0.0,1398796.0919299999,6836.45036,0.0,0.0,81715.52088,132159.959968,7191.07342,17123.200009,26411.227049999998,77102.41954,59.32443305555555,113622965.0,5,1,2022
2022-01-23,0.0,0.0,1374509.7277,9119.50391,0.02,0.0,64190.77028,140481.167863,8163.858090000001,16730.818876,29974.18959,62595.74485,64.42107395833334,111244478.0,6,1,2022
2022-01-24,0.0,0.0,1445458.30605,38177.64364,0.30000000000000004,0.0,92906.58596,140217.320987,7003.67632,16762.593814,30883.70203,43763.59776,110.2406651388889,123139774.0,0,1,2022
2022-01-25,0.0,0.0,1529247.2932199999,73903.97247000001,0.0,0.0,143394.75573,78793.488467,4148.49215,17369.662439,39609.29187,26379.70973,135.87728975694444,128100856.0,1,1,2022
2022-01-26,0.0,0.0,1474274.80026,65579.13853,0.0,0.0,84417.99863,82193.211732,3915.31952,15482.949967,30421.62711,27503.821669999998,186.04462725694444,121234168.0,2,1,2022
2022-01-27,0.0,0.0,1436302.78587,61793.12465,8.99,0.0,119214.31441,68353.822039,3921.6271,15774.049889,42121.99217,64440.766260000004,130.11282843749999,126858541.0,3,1,2022
2022-01-28,0.0,0.0,1434210.88742,44336.94503,20.830000000000002,0.0,117407.38402,121011.109684,6486.81231,16723.15634,45111.63711,55205.69087,98.66605760416667,126013437.0,4,1,2022
2022-01-29,0.0,0.0,1333466.1572,42539.2132,21.470000000000002,0.0,86877.96284000001,134600.319281,7343.12769,15731.575017000001,55115.16715,62683.24561,107.21700527777777,119086913.0,5,1,2022
2022-01-30,0.0,0.0,1344326.49081,44650.40676,21.310000000000002,0.0,112372.28114,151745.854059,5619.3911100000005,15406.475068,62176.02196,58110.07812,175.0252484027778,119888444.0,6,1,2022
2022-01-31,0.0,0.0,1461355.66151,96481.80475,11.290000000000001,5815.52792,192581.28533,138383.223492,8009.653609999999,15505.656235,73400.21682999999,27116.18506,859.0176512152779,132412806.0,0,1,2022
2022-02-01,0.0,0.0,1509677.07954,112641.39444999999,3.94,24593.88611,233534.12134,140347.387273,6475.42395,15172.700083,70400.62196,26161.34396,963.8192997752989,138535173.0,1,2,2022
2022-02-02,0.0,0.0,1563122.74446,125995.51244,3.23,8383.365530000001,269083.81784000003,127186.692383,4287.42084,14774.187479,68547.83449,20256.8458,362.1445672569444,146271981.0,2,2,2022
2022-02-03,0.0,0.0,1513767.1587,135052.77879,3.23,2112.98034,176545.27702,81951.488342,1849.7585,14843.500093,53588.69478,50885.45422,270.1578039236111,137152133.0,3,2,2022
2022-02-04,0.0,0.0,1333094.06021,31119.97769,0.0,0.0,87478.78186,90828.220994,9027.99231,15688.799963,55472.90472,57469.41753,84.35966659722222,123287101.0,4,2,2022
2022-02-05,0.0,0.0,1243481.1323,8837.5806,0.0,0.0,56151.73021,138113.940137,7951.07608,15829.71249,49542.06212,92934.76051000001,50.305362395833335,110362214.0,5,2,2022
2022-02-06,0.0,0.0,1209940.11923,5685.1893199999995,0.0,0.0,68398.38956,133952.471004,8318.80148,16649.537551,47460.5422,80033.69789,57.02631069444445,107955671.0,6,2,2022
2022-02-07,0.0,0.0,1290912.50807,11342.57806,0.0,0.0,85192.12151,136200.797822,7941.44306,17387.412402,55221.66964,62175.12665,75.60672104166667,116689081.0,0,2,2022
2022-02-08,0.0,0.0,1321567.84881,18596.12363,0.0,0.0,106835.72527000001,154110.119849,7613.96415,18188.756167,54898.78969,59289.16733,82.49950322916666,117084600.0,1,2,2022
2022-02-09,0.0,0.0,1346341.96908,41121.346399999995,0.0,0.0,120570.48616,155581.699067,7950.30135,17428.381256,54854.72205,41195.53231,89.37263211805555,119822899.0,2,2,2022
2022-02-10,0.0,0.0,1355408.36877,34975.367940000004,0.0,0.0,128741.74613,161468.83506500002,8422.22291,17966.500123,51081.72959,35928.65714,94.2446570138889,122380284.0,3,2,2022
2022-02-11,0.0,0.0,1381426.91659,19265.85344,0.0,0.0,87433.09074,159593.936844,8709.78196,17532.768601,42876.84221,42597.28895,89.98703371527778,123295256.0,4,2,2022
2022-02-12,0.0,0.0,1351058.25069,12518.12301,0.0,0.0,50325.154780000004,151699.387839,8781.37594,13642.275020000001,41041.16471,71182.65264,80.57179548611111,113237400.0,5,2,2022
2022-02-13,0.0,0.0,1303943.1346800001,8342.17995,0.0,0.0,35179.93811,156231.118062,8435.06932,17101.112439,37285.79472,101949.9981,66.37025184027777,109066185.0,6,2,2022
2022-02-14,0.0,0.0,1419814.47564,9863.92866,0.0,0.0,63451.045920000004,143452.722695,7898.22891,19224.068817,37020.42725,117036.22846,89.35457916666667,119739079.0,0,2,2022
2022-02-15,0.0,0.0,1468287.10247,18668.15225,0.0,0.0,57292.72149,113012.990836,8309.47388,19405.693364,42252.14224,107698.24241,108.20562131944445,120995656.0,1,2,2022
2022-02-16,0.0,0.0,1542837.92174,32595.20396,0.0,0.0,77527.25648,112316.259084,7134.9211000000005,18792.087607,46867.6697,100886.43694,108.15777506944444,121935194.0,2,2,2022
2022-02-17,0.0,0.0,1500984.99874,40431.47574,1.52,0.0,139950.21604,119911.736097,8214.54456,18188.950075,51157.92723,44988.8419,109.4297517361111,122808243.0,3,2,2022
2022-02-18,0.0,0.0,1576761.11643,26413.65778,19.34,0.0,145081.87856,146508.161691,7306.0894499999995,18918.70627,54894.79704,39195.288570000004,101.24958888888888,125964669.0,4,2,2022
2022-02-19,0.0,0.0,1555294.65358,10453.1399,19.52,0.0,80302.01128,161975.483846,8066.0822499999995,18578.575027000003,48350.492079999996,61287.653640000004,70.6632303125,118154456.0,5,2,2022
2022-02-20,0.0,0.0,1488747.87793,27374.54512,19.47,0.0,112428.54277,132387.655284,5222.21,17369.293884,46302.3096,60495.582930000004,90.42254357638889,115898228.0,6,2,2022
2022-02-21,0.0,0.0,1524614.33422,53105.77437,20.05,0.0,163430.08273999998,150204.556676,7061.93563,17201.575019,51405.81459,35777.58204,158.16672118055556,126099178.0,0,2,2022
2022-02-22,0.0,0.0,1605964.96238,39856.21633,9.15,0.0,132899.52123,144593.55469699999,6383.6721,18481.262401,47075.94726,66601.60446,105.9573129861111,126924102.0,1,2,2022
2022-02-23,0.0,0.0,1630163.93895,33717.57853,2.01,0.0,128239.83078,131165.648752,5273.6644,16381.493764,49336.12462,57724.37442,106.79828711805555,127505685.0,2,2,2022
2022-02-24,0.0,0.0,1675186.32881,15902.13193,30.36,0.0,130937.79141,134914.530919,4204.33175,14074.006149,40647.21735,56704.09243,104.18492878472222,128066610.0,3,2,2022
2022-02-25,0.0,0.0,1700199.41456,16460.81459,6.63,0.0,130133.36959,116835.005615,2425.06579,15566.749938,46150.69991,57154.32595,105.46035006944446,127042647.0,4,2,2022
2022-02-26,0.0,0.0,1598839.46142,92.81376,35.94,0.0,86637.32687,126814.227694,4721.27112,14642.781217,34858.77993,95401.38721,78.09935256944443,118627345.0,5,2,2022
2022-02-27,0.0,0.0,1564282.22096,15936.03638,28.06,0.0,108389.03757,131025.784227,6119.23088,15449.65011,27809.455,54956.99192,79.06728618055556,118270332.0,6,2,2022
2022-02-28,0.0,0.0,1604881.65404,28836.59931,28.96,0.0,120641.67606,142354.243898,6371.59526,13356.162288,40091.09234,37813.77325,130.627741875,128298043.0,0,2,2022
2022-03-01,0.0,0.0,1656606.49847,44044.81492,34.01,0.0,142769.08478,154665.106663,7655.67738,11423.006331,35794.52733,9567.45685,88.74234927083334,127826736.0,1,3,2022
2022-03-02,0.0,0.0,1641280.06236,41620.23784,29.29,0.0,159425.32334,141707.521027,7421.88995,12447.062463,45216.58978,30674.084410000003,91.89545555555556,130452195.0,2,3,2022
2022-03-03,0.0,0.0,1615964.93263,38470.62885,27.57,0.0,133041.65275,147061.19693,6653.39523,11672.049974,48457.6523,40628.30125,87.48305909722222,133075513.0,3,3,2022
2022-03-04,0.0,0.0,1614806.9314000001,43377.78988,26.99,0.0,142931.64623,150055.209137,7201.7079300000005,11681.318819,49618.97462,19907.694799999997,99.18405256944443,129646215.0,4,3,2022
2022-03-05,0.0,0.0,1614614.03739,47255.05016,24.77,0.0,123075.57083,140250.319167,6508.961310000001,11988.825034,45776.36721,15951.19553,111.08839815972222,122948422.0,5,3,2022
2022-03-06,0.0,0.0,1616323.27021,52887.75651,25.04,0.0,132682.78097,128090.531813,6986.80117,10994.524888,57949.15954,38982.41945,135.1755537847222,124721816.0,6,3,2022
2022-03-07,0.0,0.0,1647571.09943,58717.49736,27.43,1191.99315,145358.0498,141854.32139,4994.78776,10655.593907,54975.03215,15147.40166,138.28602784722221,128662320.0,0,3,2022
2022-03-08,0.0,0.0,1688056.00893,85134.97810000001,20.24,5421.23636,200529.50079,139048.938891,8387.10832,10287.537452,59112.272,13767.361850000001,1297.1864503472223,133378867.0,1,3,2022
2022-03-09,0.0,0.0,1764916.39145,89260.35178,15.31,7954.88507,209079.2963,132819.380547,5372.48039,10893.512353,51976.56958,11949.14619,294.88017722222224,135823445.0,2,3,2022
2022-03-10,0.0,0.0,1682694.9522,33759.9943,9.81,0.0,151737.04572,124291.174633,5852.50282,10567.300099,38333.26479,67248.04893,95.47542413194445,130859622.0,3,3,2022
2022-03-11,0.0,0.0,1678405.0664000001,4992.94197,28.6,0.0,140443.28906,108182.104676,3995.56716,10953.618844,45865.07722,81215.77266,90.3595715625,125544600.0,4,3,2022
2022-03-12,0.0,0.0,1610862.40408,165.3264,26.88,0.0,82196.80490999999,108351.433904,5736.68764,11901.756103,29370.40484,103100.71032,79.80711809027778,114621140.0,5,3,2022
2022-03-13,0.0,0.0,1585478.4571500001,5244.94766,25.38,0.0,90975.30843,109206.066329,7773.18512,11601.406334000001,19887.10237,94222.15173,71.77426760416667,110519097.0,6,3,2022
2022-03-14,0.0,0.0,1635580.27737,4981.61721,23.25,0.0,106472.5706,123934.094476,8065.26928,11890.887646000001,30460.37479,71986.39155,84.72449243055556,118053471.0,0,3,2022
2022-03-15,0.0,0.0,1555677.39036,15476.820529999999,42.8,0.0,106575.99545,115554.92247199999,8239.5051,12760.062711,34553.54483,93949.38933,55.51686190972222,118289942.0,1,3,2022
2022-03-16,0.0,0.0,1571591.23122,23330.4593,24.87,0.0,106537.62036,116871.501451,8059.4079,13578.037804,41520.23478,62242.2607,70.79320378472222,119683345.0,2,3,2022
2022-03-17,0.0,0.0,1612585.57684,38907.84901,11.129999999999999,0.0,119699.97053,78344.230511,8372.38855,14825.087481,48955.50957,50361.118050000005,115.30885892361111,120812901.0,3,3,2022
2022-03-18,0.0,0.0,1583364.6272,21707.55288,8.0,0.0,113932.77551,110979.176227,7335.98645,14459.931232,50332.59483,64662.71277,98.50756079861111,121492544.0,4,3,2022
2022-03-19,0.0,0.0,1468974.44668,13412.36822,0.0,0.0,104299.98599,127406.53558499999,7859.80448,14551.912344,45124.69228,73142.73354,62.259970486111115,112577900.0,5,3,2022
2022-03-20,0.0,0.0,1536684.04767,13721.870050000001,0.0,0.0,107410.11738,113104.768248,7116.17339,14928.812410999999,38041.46724,45189.99157,80.28252260416667,111017978.0,6,3,2022
2022-03-21,0.0,0.0,1524567.75817,32029.57208,6.049999999999999,0.0,128868.12516,121307.577523,8806.13702,16901.956258,49387.16463,42989.44625,104.33245868055555,118534136.0,0,3,2022
2022-03-22,0.0,0.0,1577217.4681199999,36693.93255,10.86,0.0,121792.64992,112504.44813,8197.527039999999,16553.362525,45222.79464,51097.84887,91.13572496527779,118590706.0,1,3,2022
2022-03-23,0.0,0.0,1570667.3238600001,29351.49089,0.0,0.0,179689.38125,68589.323494,8256.4297,17527.543866,42377.61967,25367.225010000002,100.97875475694444,120800461.0,2,3,2022
2022-03-24,0.0,0.0,1602692.12234,41489.68766,0.0,0.0,115731.1845,149437.954625,6615.210819999999,17001.850004,37507.72722,36243.23361,103.95861329861111,122090221.0,3,3,2022
2022-03-25,0.0,0.0,1566192.12829,21701.44241,0.0,0.0,121825.84765000001,138008.113189,6219.14478,15954.137362,38446.90726,61167.59624,112.23423809027777,121509712.0,4,3,2022
2022-03-26,0.0,0.0,1496141.89378,2266.50951,0.0,0.0,122295.37709,97466.831247,2843.84982,15254.812336,35111.5023,54791.83022,103.45145802083333,114214046.0,5,3,2022
2022-03-27,0.0,0.0,1504416.70331,15024.06423,0.52,0.0,131747.96829,99333.142028,2788.3872499999998,18046.18746,33180.40963,38533.8466,110.60750256944443,113687467.0,6,3,2022
2022-03-28,0.0,0.0,1538109.38803,58131.86558,31.1,0.0,160846.03379,123479.092612,6638.46115,17442.199823,38532.10729,13968.2323,156.10445166666668,123628340.0,0,3,2022
2022-03-29,0.0,0.0,1510084.25942,29240.15987,39.8,0.0,160606.79388,141308.849544,5215.5158,14468.256358999999,39976.34228,52377.84996,125.73169486111111,122410763.0,1,3,2022
2022-03-30,0.0,0.0,1482335.82807,17833.09504,38.6,0.0,154302.96933,143470.774798,5691.2626,16777.218641,40901.51958,92205.44782,105.57374770833333,121231134.0,2,3,2022
2022-03-31,0.0,0.0,1465483.96623,42906.52886,41.72,0.0,141643.35270000002,147666.297969,7272.225640000001,16984.949939,50856.74686,29488.63177,200.34191416666667,119766650.0,3,3,2022
2022-04-01,0.0,0.0,1406558.78214,51485.892830000004,42.26,506.00824,121810.51569,126633.642743,7648.88276,18092.56873,49264.15687,15334.21189,248.3530976388889,115802764.0,4,4,2022
2022-04-02,0.0,0.0,1426321.34844,72396.40617,44.63,5569.33456,48791.75927,107959.935957,5437.8985,17489.949938,51638.4669,16822.80474,217.65183513888886,108553407.0,5,4,2022
2022-04-03,0.0,0.0,1415000.82247,79068.93585,40.41,3658.5112900000004,53805.28492,112980.893574,7722.19491,17052.593632,41764.51963,42188.00614,260.63168663194443,109252450.0,6,4,2022
2022-04-04,0.0,0.0,1495636.74446,101159.23561,36.36,10358.58642,54251.5199,112665.162162,7901.229670000001,16061.281137,49277.71705,32028.63809,364.9134625,121229402.0,0,4,2022
2022-04-05,0.0,0.0,1471048.20656,94603.28333,35.18,10570.31892,52325.73236,136998.761335,7299.80763,16046.318686999999,45399.65961,32014.885130000002,284.8691723611111,118846306.0,1,4,2022
2022-04-06,0.0,0.0,1488540.41894,100922.85071,37.61,5176.151400000001,52724.80796,82543.563736,7975.5494,13829.524889,36834.63208,67522.81752,250.3370039236111,119593183.0,2,4,2022
2022-04-07,0.0,0.0,1440831.09618,89451.26251,9.02,2902.98913,46973.43801,117842.610631,6642.07957,18600.524871,43229.26695,64503.04802,195.99107260416667,118337900.0,3,4,2022
2022-04-08,0.0,0.0,1444368.7062900001,88907.7482,69.41,1322.99782,42167.97841,107379.489775,6913.5255799999995,19956.743760999998,40661.40217,83052.45153,192.08511944444444,119356233.0,4,4,2022
2022-04-09,0.0,0.0,1453297.05127,90234.0913,15.25,0.0,43871.53971,84750.909419,4131.72036,20748.181224,21130.87714,85802.49749,195.45671086805555,112872542.0,5,4,2022
2022-04-10,0.0,0.0,1397605.90416,96752.13203,31.23,1626.99116,39009.63273,106479.840051,8366.90878,19177.156362,22065.02964,63961.547170000005,177.43148399305554,110874827.0,6,4,2022
2022-04-11,0.0,0.0,1450946.35414,91251.17667,27.569999999999997,2168.45163,89219.95673,115231.415444,7922.83505,19169.162496,23952.11462,31487.18769,285.8496978472222,118242091.0,0,4,2022
2022-04-12,0.0,0.0,1459891.03798,75777.03567,8.91,0.0,98649.62276,117043.564586,8082.37133,20190.400032,22485.40713,45541.43783,239.85484881944444,118174377.0,1,4,2022
2022-04-13,0.0,0.0,1419425.44556,59972.78167,0.0,0.0,122325.73174,121669.34014,6943.59738,20460.124872,20076.87228,70136.47699,178.4707730902778,117457704.0,2,4,2022
2022-04-14,0.0,0.0,1410380.26441,52294.65971,0.0,0.0,124688.94765,124481.715087,8099.06242,14901.281038,24719.30467,66940.09553,168.98267270833333,114369318.0,3,4,2022
2022-04-15,0.0,0.0,1338924.3768500001,13568.035530000001,0.0,0.0,114987.97451,144457.176795,8604.30647,18561.637491,25916.43954,73371.1367,120.43186885416667,102805394.0,4,4,2022
2022-04-16,0.0,0.0,1376313.82197,6190.4932499999995,0.0,0.0,104892.13236,130596.327013,8139.82038,18251.687518,24764.28459,74770.63459,105.07577739583333,102232051.0,5,4,2022
2022-04-17,0.0,0.0,1343889.43502,10524.830310000001,0.11,0.0,81927.04319,111355.578578,6659.31389,13132.587528,21479.63722,62097.51857,103.7949726736111,102075511.0,6,4,2022
2022-04-18,0.0,0.0,1370730.35264,24154.74482,0.89,0.0,116769.36963,129872.56937900001,8835.3828,18349.837458,23171.31472,70656.47404,134.615023125,104734594.0,0,4,2022
2022-04-19,0.0,0.0,1432339.7188600001,59663.72209,0.87,0.0,112260.58780000001,107762.804162,5946.76229,19084.312506000002,21749.31719,57601.95854,194.33445364583335,112710020.0,1,4,2022
2022-04-20,0.0,0.0,1423267.29571,59608.54012,3.8099999999999996,0.0,114513.74327,116926.460505,5157.08621,18427.381148,29041.60968,55614.6221,344.82428062500003,114515297.0,2,4,2022
2022-04-21,0.0,0.0,1508413.29712,46933.04076,2.53,0.0,108451.00143,56932.146986,8825.01102,19063.143672000002,22742.90727,58318.21725,215.5774182986111,114677048.0,3,4,2022
2022-04-22,0.0,0.0,1461014.59972,25841.111660000002,0.0,0.0,108712.83598,48335.16819,7508.56014,18719.593744,32866.76719,92194.61894,170.4273185763889,113617764.0,4,4,2022
2022-04-23,0.0,0.0,1419342.44709,16596.79058,0.0,0.0,65177.632620000004,68570.59365,6298.24181,19596.362697,49249.19971,105295.06565,132.85286697916666,105839637.0,5,4,2022
2022-04-24,0.0,0.0,1379019.01524,5712.7135,0.0,0.0,84107.47756,59194.266428,5037.50729,19603.862604,48950.14467,126627.38223,116.56670267361112,104296863.0,6,4,2022
2022-04-25,0.0,0.0,1426360.89374,2922.71344,0.08,0.0,75663.89248,49263.09192,2207.42558,19573.418691,49842.21736,109525.44562,136.93688895833333,104488983.0,0,4,2022
2022-04-26,0.0,0.0,1460710.50517,29230.91446,3.53,0.0,111307.75321000001,28499.780555,1678.57175,19862.362551,64437.02203,121620.64066,214.2050570486111,114486650.0,1,4,2022
2022-04-27,0.0,0.0,1453061.90485,23782.11393,0.0,0.0,146103.16302,90719.936046,6256.842180000001,18273.081218,52125.3198,99328.0013,246.04421961805554,112411958.0,2,4,2022
2022-04-28,0.0,0.0,1445342.85772,30098.11461,0.0,4957.992200000001,125157.5647,83296.815614,3167.99715,16561.437545,49872.97722,89560.31107,656.9489566319445,113431704.0,3,4,2022
2022-04-29,0.0,0.0,1447714.67805,37876.52325,0.0,0.0,126807.20045,94086.461719,6899.21162,20036.468752,48490.744790000004,75191.4069,234.34446916666664,113431447.0,4,4,2022
2022-04-30,0.0,0.0,1405560.0181,53265.86135,0.0,0.0,99881.15950000001,91487.24330100001,6694.80338,20409.712485,48673.32714,36738.18781,204.3511545486111,106489953.0,5,4,2022
2022-05-01,0.0,0.0,1333331.78502,52919.569090000005,0.0,0.0,133423.11602000002,97742.362625,2831.98339,19524.93123,43398.81229,30342.447930000002,217.7246659027778,106556436.0,6,5,2022
2022-05-02,0.0,0.0,1315201.74268,36279.236450000004,0.0,0.0,144385.52802,94895.535272,6865.4190100000005,19793.537473,39657.72983,95060.4034,222.85247677083336,105588693.0,0,5,2022
2022-05-03,0.0,0.0,1314663.85414,62635.829580000005,0.0,3717.97264,159067.51343,110591.815486,8211.92365,20333.024987,42433.16969,62935.90943,757.7089462499999,112664936.0,1,5,2022
2022-05-04,0.0,0.0,1329649.56389,70965.93745,1.24,5924.99684,175977.99284,116037.273356,7763.57276,19957.40619,46150.54451,54196.82725,462.4309232638889,112757718.0,2,5,2022
2022-05-05,0.0,0.0,1356676.9806300001,78086.9727,50.839999999999996,10952.38805,194734.09365,114543.898243,4228.59494,19791.856356,43535.88718,37746.895000000004,572.127306875,114802247.0,3,5,2022
2022-05-06,0.0,0.0,1391549.17168,81315.85425,36.91,4871.01981,179886.52488,86006.448294,1845.06934,19918.049894,41389.2972,45200.71161,402.53698524305554,114338168.0,4,5,2022
2022-05-07,0.0,0.0,1360315.29767,66909.49962,19.71,0.0,176150.59463,54343.092082,1171.02143,20622.356383,39017.58981,59403.05623,248.36808597222225,106726125.0,5,5,2022
2022-05-08,0.0,0.0,1367753.73367,47737.84835,27.73,0.0,166107.1454,47477.537905,7212.4449700000005,20378.300040000002,35739.01477,54438.06886,239.25137430555557,106200573.0,6,5,2022
2022-05-09,0.0,0.0,1398475.8241,77658.47775,45.34,800.99929,185325.2441,41855.339017,1691.98746,19794.556202,41129.22477,117188.45415,357.3432743402778,116002737.0,0,5,2022
2022-05-10,0.0,0.0,1392613.33008,67784.9301,45.699999999999996,0.0,205513.49133,17560.23777,1422.6283899999999,20818.39366,44915.99144,120317.55051,290.20280833333334,116741326.0,1,5,2022
2022-05-11,0.0,0.0,1396391.63372,76110.54426,8.31,0.0,219902.79986,19982.384045,1265.03666,19882.843647,53380.2647,107453.33463,354.046065625,117786232.0,2,5,2022
2022-05-12,0.0,0.0,1396952.79675,67508.85156,1.42,0.0,224580.20257,40638.158358,2283.77402,19939.687522,50852.38479,100974.71964,333.0800125,118290390.0,3,5,2022
2022-05-13,0.0,0.0,1407790.5729,82013.58277,0.0,0.0,170503.25265,79872.03552,1981.62621,20363.987383,47651.66227,75505.93932,338.7337879861111,118283029.0,4,5,2022
2022-05-14,0.0,0.0,1395036.63501,48855.27162,0.0,0.0,115644.28197,101429.12164900001,2546.0166400000003,19341.218922,44402.944840000004,52193.78235,311.1978514236111,110345439.0,5,5,2022
2022-05-15,0.0,0.0,1404800.77751,41178.10735,0.0,3965.6391399999998,139699.8824,96655.220113,5701.79279,18210.743688,53482.2246,10337.33791,594.5843055555555,108741961.0,6,5,2022
2022-05-16,0.0,0.0,1418146.17752,44036.13448,0.0,19795.22522,178682.0177,105036.046717,3810.01661,17961.049962,48815.55717,7066.49987,387.5504290625,115425670.0,0,5,2022
2022-05-17,0.0,0.0,1423966.26589,43942.01888,0.59,6477.12149,175800.70111999998,89900.27648,6952.63045,16497.018805,49249.50466,41835.04829,265.0314215625,115548093.0,1,5,2022
2022-05-18,0.0,0.0,1416536.05234,32480.04763,1.98,9702.74152,167919.93654,103427.213819,5767.13216,15798.768622,40852.89973,24810.70764,248.084175,114965823.0,2,5,2022
2022-05-19,0.0,0.0,1433588.32209,33695.698300000004,8.81,8531.22925,178693.64514,76130.92889,5407.2722699999995,14828.075088,41702.47977,54951.78202,294.17784756944445,115113018.0,3,5,2022
2022-05-20,0.0,0.0,1423783.38327,34795.78132,2.64,0.0,168125.55802,55610.087218,1774.69788,19228.800082,38368.76485,113334.33471,270.9591165277778,115104874.0,4,5,2022
2022-05-21,0.0,0.0,1387228.23636,26953.81648,5.76,0.0,158823.22607,50070.069562,845.50981,19505.381265,41143.63974,103799.00314,289.78210489583336,110531468.0,5,5,2022
2022-05-22,0.0,0.0,1390338.13126,22636.270350000003,5.76,0.0,158045.52095,70510.951513,2293.32406,19381.88748,38808.66735,58628.82326,302.5338732986111,107155014.0,6,5,2022
2022-05-23,0.0,0.0,1370976.98325,41610.07777,5.76,0.0,180613.07156,82027.92774099999,2816.40604,19616.374905,43546.82715,74483.31615,328.7895104861111,113863421.0,0,5,2022
2022-05-24,0.0,0.0,1386477.83156,38755.381720000005,5.2,0.0,189649.274,103901.691285,4522.15616,19100.868741,38241.41732,72694.19095,302.95893288194446,113969150.0,1,5,2022
2022-05-25,0.0,0.0,1370835.53371,49651.40269,0.49000000000000005,0.0,177943.26713,83914.5862,3278.72964,19293.318806,44295.652330000004,75539.649,333.3310802430555,114365992.0,2,5,2022
2022-05-26,0.0,0.0,1373290.5574400001,42685.67457,0.0,8481.193510000001,162100.34458,109462.10840699999,6113.0026800000005,18959.400132,45232.74229,52407.0642,323.1819693055556,114024020.0,3,5,2022
2022-05-27,0.0,0.0,1376029.99553,37249.51763,0.0,0.0,161738.07168,121404.968645,7080.00467,19139.475155,46364.90482,26336.75643,359.0240514930556,111454502.0,4,5,2022
2022-05-28,0.0,0.0,1360554.0886,19613.62962,0.21,0.0,147682.32706,118030.126105,5503.90381,18807.674799,40441.79484,15664.43135,309.67723819444444,103980455.0,5,5,2022
2022-05-29,0.0,0.0,1333094.5106,15883.55505,1.3,0.0,190560.86212,117347.01208300001,4456.56374,19573.868847,44907.15974,24325.61923,268.30958944444444,103060159.0,6,5,2022
2022-05-30,0.0,0.0,1381049.46945,66108.60173,1.23,7282.70303,248050.63316,91151.532226,1044.2492200000002,19523.605987,49218.09206,48080.72867,494.49115993055557,113658926.0,0,5,2022
2022-05-31,0.0,0.0,1370420.62271,51026.697369999994,1.51,1551.24689,190946.95074,110201.814122,7151.95419,18450.975202999998,38246.34479,97634.64737,285.66956104166667,112679247.0,1,5,2022
2022-06-01,0.0,0.0,1362346.57,38245.627720000004,0.0,3581.1999400000004,199453.09757,111063.67984,7476.72351,17830.068801,45011.41719,95574.12217,354.0345242013889,114367914.0,2,6,2022
2022-06-02,0.0,0.0,1386720.09049,41473.6109,0.0,6631.9324,229298.52648,110618.015641,6195.87778,19287.087524,52277.00454,57022.34723,621.418950625,114935019.0,3,6,2022
2022-06-03,0.0,0.0,1394339.89429,58254.41144,0.0,6049.0774,273195.88332,37667.287486,3587.94063,20178.762572,48308.23447,63005.57877,549.8109071527778,112714471.0,4,6,2022
2022-06-04,0.0,0.0,1333712.91281,25614.210310000002,0.0,0.0,221760.62845,92222.645414,3788.1291499999998,20046.312535,38453.5073,69835.87993,370.0101014930556,106431781.0,5,6,2022
2022-06-05,0.0,0.0,1344400.96492,53460.75792,0.0,0.0,227140.76171,99432.76368999999,7203.22419,19876.537442,37391.62482,25360.682099999998,324.0443938888889,104803111.0,6,6,2022
2022-06-06,0.0,0.0,1369157.92028,84565.70365,0.66,0.0,223175.09493,73580.956121,6884.00789,19841.93129,38934.92722,85300.947,361.1825262847222,116774831.0,0,6,2022
2022-06-07,0.0,0.0,1386685.77571,108210.12389,1.19,2139.74812,242035.24653,68272.793646,3652.95186,19777.518788,47519.33707,65211.27589,712.575722048611,117102638.0,1,6,2022
2022-06-08,0.0,0.0,1343311.07259,81349.25657,1.37,0.0,211597.05617,96485.75268599999,7947.88108,19461.312449,44782.60959,104014.96559,584.0703689583333,117519848.0,2,6,2022
2022-06-09,0.0,0.0,1348150.44411,87522.68526,1.19,2656.41192,225400.25537,119528.239105,7878.076349999999,18417.306272,52430.06706,104089.38529,789.9028338888888,119214675.0,3,6,2022
2022-06-10,0.0,0.0,1330445.96519,92184.65147,3.4899999999999998,0.0,203359.5267,132092.510093,7842.25032,17098.893695,53944.57935,126154.2908,933.5146903125,118192844.0,4,6,2022
2022-06-11,0.0,0.0,1307558.24425,83094.94373,5.76,0.0,229887.26879,133965.181569,7590.139450000001,17229.937647,40318.01722,127177.10662,433.2185955902778,112150256.0,5,6,2022
2022-06-12,0.0,0.0,1358031.71746,70928.0372,5.76,0.0,214523.47848,106858.665799,6247.86869,18044.712561,41235.55236,109445.74086,894.738719826389,110864646.0,6,6,2022
2022-06-13,0.0,0.0,1372638.4805400001,71901.43213,5.76,22284.935110000002,210947.7163,130795.946276,7302.87083,18684.049885,50671.19704,26446.97293,296.13390723775586,117612152.0,0,6,2022
2022-06-14,0.0,0.0,1413353.38765,62134.91933,46.14,35540.486000000004,194359.64431,124526.103703,6475.36487,17349.668776,44373.86723,36177.62796,286.2930814778312,117603835.0,1,6,2022
2022-06-15,0.0,0.0,1515850.10413,63838.07809,59.42,15188.256940000001,194239.90802,103621.436794,4920.98332,17794.656489,45728.40718,21897.48223,281.44190291666666,115594836.0,2,6,2022
2022-06-16,0.0,0.0,1640205.49148,56867.227530000004,49.98,0.0,96799.99425,90702.179898,4142.52308,19175.987723,39504.364760000004,28659.792260000002,251.15903765625,113152558.0,3,6,2022
2022-06-17,0.0,0.0,1611769.11263,71980.14874,54.31,6525.587439999999,142273.08509,99707.301243,6274.44424,18425.981397,53422.08196,53633.82091,249.28878644097222,112761691.0,4,6,2022
2022-06-18,0.0,0.0,1604940.84292,29435.63998,59.38,0.0,138302.04181,118116.504599,2745.2414599999997,18117.406207,44980.68457,62985.93142,241.3601670486111,107485745.0,5,6,2022
2022-06-19,0.0,0.0,1579705.36657,29966.76937,55.51,0.0,88765.39278,116047.942677,2262.0564099999997,17350.337486,53479.9395,65995.6206,242.3252060763889,106099196.0,6,6,2022
2022-06-20,0.0,0.0,1627810.1746,44070.16819,57.480000000000004,0.0,89794.85402,94135.89778500001,2861.36853,19981.0938,54894.26199,63607.081490000004,249.4215672222222,113707503.0,0,6,2022
2022-06-21,0.0,0.0,1670546.629,58729.83306,58.68,0.0,94055.71832,91642.908768,3857.8531099999996,17397.89369,57274.53678,42199.4682,265.4060403819444,112856064.0,1,6,2022
2022-06-22,0.0,0.0,1633762.79817,79079.99919,63.41,0.0,98891.29224,113064.447367,4374.31896,17105.025159,67455.47442,47612.4348,255.51439934027778,112125530.0,2,6,2022
2022-06-23,0.0,0.0,1554735.89374,46885.395209999995,52.33,0.0,142980.51189999998,125814.95057100001,6724.51857,17650.162485,48875.73961,45115.93402,292.73209881543806,112180604.0,3,6,2022
2022-06-24,0.0,0.0,1497014.38505,50751.72217,58.05,0.0,177503.02611,115726.509874,5914.19154,18047.431353,45053.87962,41671.74996,268.6889450347222,111248697.0,4,6,2022
2022-06-25,0.0,0.0,1444060.92505,21884.809999999998,55.24,0.0,168332.02656,101725.716328,6633.65462,19250.512464,44631.98707,38591.04683,239.28304899305556,105175895.0,5,6,2022
2022-06-26,0.0,0.0,1470158.98387,24101.81014,8.18,0.0,153195.20752,106746.114459,6539.60156,19702.668674,44488.28712,49748.5916,238.60634461805557,106043910.0,6,6,2022
2022-06-27,0.0,0.0,1498165.23755,41874.45861,4.0,0.0,162149.65217,80899.822031,6751.01401,19835.556311,44600.377160000004,77892.27241,274.2595338194444,113758931.0,0,6,2022
2022-06-28,0.0,0.0,1531525.72266,31124.85206,4.98,0.0,154556.72702,116938.231108,7786.80471,20520.600055,45231.80221,76536.79667,377.9123199305555,114374008.0,1,6,2022
2022-06-29,0.0,0.0,1578798.78996,34041.25873,3.49,0.0,188311.3769,69716.789364,4485.96028,20987.368661,35723.45487,88538.89527,387.24071104166666,117287030.0,2,6,2022
2022-06-30,0.0,0.0,1559053.55075,53195.6953,40.98,0.0,186336.93128,48492.831368,2827.8569,19203.125032,36271.24733,55478.13799,388.26267326388887,115897441.0,3,6,2022
2022-07-01,0.0,0.0,1595237.91549,90602.94828,48.01,0.0,193834.91851,22853.144650000002,931.22361,19464.043694,39062.37238,42466.53611,413.50944826388894,118390202.0,4,7,2022
2022-07-02,0.0,0.0,1481143.94418,49538.71302,43.2,0.0,197157.7108,27745.14631,1317.60716,18746.63735,50329.85721,38707.91095,374.8709874652778,112638052.0,5,7,2022
2022-07-03,0.0,0.0,1412778.16304,23914.27683,40.47,0.0,201751.60124,49481.34803,6207.92115,18780.762496,38357.34987,69506.10259,259.4055698958333,108586646.0,6,7,2022
2022-07-04,0.0,0.0,1520558.29906,112231.29325,49.9,9675.606740000001,252889.56198,11322.997237,1227.5105099999998,18427.399936,62819.031800000004,47333.64198,1658.547112777778,120497753.0,0,7,2022
2022-07-05,0.0,0.0,1519407.04504,108616.22994,50.09,13989.65258,286372.47199,38697.464325,1559.38831,19306.287461,68697.93929,12827.00801,1409.1742233648283,122263316.0,1,7,2022
2022-07-06,0.0,0.0,1458430.9646,63493.26391,47.53,0.0,201494.53678,120509.729155,6617.68524,19527.212448,79876.75169,45314.19939,441.8033450347222,115200129.0,2,7,2022
2022-07-07,0.0,0.0,1446608.0338,52874.87072,43.870000000000005,0.0,158654.39298,122319.705366,6479.38888,20225.893756,55779.33211,98026.83981,280.9801296527778,110909967.0,3,7,2022
2022-07-08,0.0,0.0,1397256.06079,44811.58001,38.739999999999995,0.0,149113.33355,133880.513129,8193.78812,20425.518778,69437.7568,104550.85043,323.53012638888885,111123933.0,4,7,2022
2022-07-09,0.0,0.0,1473255.46785,58802.05034,52.35,0.0,151453.06224,115619.088101,8007.460169999999,19643.006157,59868.88428,105346.52306,319.8518390625,108712683.0,5,7,2022
2022-07-10,0.0,0.0,1532387.61617,42904.60257,47.3,0.0,137715.79102,132517.312633,7255.28338,19056.218802,50065.147039999996,51235.62586,320.9120330902778,109477878.0,6,7,2022
2022-07-11,0.0,0.0,1581803.36446,85507.77794,50.1,0.0,187906.88879,131971.873514,7678.4394,19269.449827,70246.41671,28937.65743,442.66808871527775,116360922.0,0,7,2022
2022-07-12,0.0,0.0,1577901.82002,102821.9231,46.519999999999996,0.0,234120.81281,104415.167164,4490.01073,19192.274994,66206.51916,16840.74098,610.4051200347222,118068680.0,1,7,2022
2022-07-13,0.0,0.0,1504600.21044,73713.657,47.900000000000006,0.0,194776.89548,133201.855872,5719.20264,18438.637402,64559.57183,85200.60126,393.4490488888889,118609861.0,2,7,2022
2022-07-14,0.0,0.0,1526865.66463,81500.25003,54.46,0.0,204110.68097,127150.820114,7553.50669,15981.162411,71456.34674000001,104685.76517,515.57119625,118154118.0,3,7,2022
2022-07-15,0.0,0.0,1570054.17676,73681.04604,59.06,0.0,179638.53506999998,133263.617328,7794.84351,15071.487567,57185.814510000004,43693.16729,417.75164541666663,115799449.0,4,7,2022
2022-07-16,0.0,0.0,1558534.07199,23454.29502,58.62,0.0,125027.80500000001,104533.915255,7640.28174,12794.362487,52772.77441,55344.79834,316.1354523611111,108798321.0,5,7,2022
2022-07-17,0.0,0.0,1517137.90351,14787.37966,49.65,0.0,108831.40277,119422.33411,6631.67778,14549.450056,45845.93204,52085.49803,231.7601003125,107224296.0,6,7,2022
2022-07-18,0.0,0.0,1548755.58265,47852.233159999996,49.46,0.0,144816.56711,116675.622055,7058.630270000001,17317.449944,60856.97197,47060.47679,294.8374481597222,112895637.0,0,7,2022
2022-07-19,0.0,0.0,1572487.44164,49676.20114,53.14,0.0,152726.25408,128887.179619,5536.86508,17432.481276,54628.65203,50945.209480000005,355.01127569444446,114599128.0,1,7,2022
2022-07-20,0.0,0.0,1616357.20745,50080.38691,20.8,0.0,162411.48184,76375.72549,2165.22899,17689.768508,53739.50956,116229.49475,350.87574625,119449120.0,2,7,2022
2022-07-21,0.0,0.0,1619650.91445,57319.469880000004,52.96,0.0,164976.83098,72146.908754,2517.98705,17593.043708,45958.72716,106653.40045,356.00044479166667,121640413.0,3,7,2022
2022-07-22,0.0,0.0,1616949.19022,34534.81118,40.82,0.0,165570.1367,99571.219617,2873.7396799999997,17723.918813,48453.9197,60118.25314,333.0239591319444,119743962.0,4,7,2022
2022-07-23,0.0,0.0,1566536.39733,12873.75647,46.75,0.0,105922.00521,129975.912801,7585.02631,17439.893788,47796.08458,42643.67357,229.14949996527778,106633602.0,5,7,2022
2022-07-24,0.0,0.0,1533227.53484,9625.81091,51.52,0.0,108353.72177,124128.440977,7569.03737,18123.993684,48940.78947,44815.72021,214.4362651736111,103057183.0,6,7,2022
2022-07-25,0.0,0.0,1541878.51355,30052.66469,51.04,0.0,137505.95619,138711.04681,7348.88821,19061.943595,51240.254479999996,41436.18412,260.64904288194447,111290052.0,0,7,2022
2022-07-26,0.0,0.0,1492485.76139,27513.64569,45.410000000000004,0.0,139305.14458,128056.181341,7017.30526,18835.506728,51841.61947,75626.33638000001,217.11711527777777,110198880.0,1,7,2022
2022-07-27,0.0,0.0,1420018.28737,32360.05937,47.76,0.0,138014.06732,135611.512924,7990.0292,17453.307593,52861.76199,159043.30674,207.11713163194443,113441350.0,2,7,2022
2022-07-28,0.0,0.0,1507422.79026,42525.06265,50.050000000000004,0.0,137785.02976,149842.593684,8110.61652,17283.794777,59270.78684,74671.25366,284.8610084375,113416869.0,3,7,2022
2022-07-29,0.0,0.0,1506879.71815,51517.84048,54.31,0.0,141942.14788,142488.917492,8115.92872,16536.982358999998,56721.86195,56397.84681,290.8933503472222,112096227.0,4,7,2022
2022-07-30,0.0,0.0,1404068.98113,20563.27395,55.12,0.0,120663.6722,130619.093099,6646.79496,17493.269732,46663.40958,120993.20947,171.070794375,107063216.0,5,7,2022
2022-07-31,0.0,0.0,1434784.91065,25501.440459999998,55.67,0.0,107139.57442,90709.65066,3436.67165,17746.657523,41092.4996,128623.43008,168.62084704861113,107894431.0,6,7,2022
2022-08-01,0.0,0.0,1454601.79388,52975.57882,52.03,0.0,153119.32329,96611.462692,3916.5625999999997,18803.851318,44304.04453,45448.60506,179.9628292361111,116067687.0,0,8,2022
2022-08-02,0.0,0.0,1399417.43251,54867.14552,47.51,0.0,144195.74945,118215.853015,6239.20939,18688.876312,51380.33183,30007.72803,151.30412913194445,109701028.0,1,8,2022
2022-08-03,0.0,0.0,1351893.23581,47070.31445,47.660000000000004,0.0,155228.22872,111408.915432,5450.3333,17786.788785,51834.99441,58937.12913,97.6517340625,109654200.0,2,8,2022
2022-08-04,0.0,0.0,1350552.54759,32485.032189999998,50.39,0.0,130340.4568,122779.223712,7099.10009,18506.1326,45970.49708,90430.73261,90.37217920138887,108419379.0,3,8,2022
2022-08-05,0.0,0.0,1362692.79658,33739.84549,47.04,0.0,145372.85888,102139.254353,1278.43921,18219.576559999998,39749.67709,48653.95717,119.58477881944445,106674785.0,4,8,2022
2022-08-06,0.0,0.0,1351416.93352,21121.749,47.31,0.0,105340.25215,88875.280436,4720.52959,17785.595058,40815.20709,42002.04647,147.84142805555555,102679779.0,5,8,2022
2022-08-07,0.0,0.0,1331337.79374,48416.26661,41.239999999999995,0.0,113788.09781,117854.511944,8331.67386,17888.701279,38668.34211,80385.29526,167.27360260416665,100090787.0,6,8,2022
2022-08-08,0.0,0.0,1436600.12247,57422.29234,55.42,0.0,141470.62037,126958.28805799999,8787.64463,17989.013016,47131.882,97840.16907999999,187.48549888888888,109842109.0,0,8,2022
2022-08-09,0.0,0.0,1457077.63246,58811.0433,84.55,0.0,147477.25134,144301.045124,8643.62984,17660.437519,41196.2794,64078.3141,206.78856315972223,109931003.0,1,8,2022
2022-08-10,0.0,0.0,1457173.20404,43002.28308,63.0,0.0,154349.7745,121431.812833,8372.25753,16845.618821,33381.86465,75649.46567,125.56103104166665,108417534.0,2,8,2022
2022-08-11,0.0,0.0,1502212.76349,52756.63603,53.56,0.0,149841.08892,100575.808612,5171.13864,17769.20617,32819.9897,68564.19523,162.1884423611111,110516166.0,3,8,2022
2022-08-12,0.0,0.0,1485702.07528,53727.14811,48.9,0.0,160444.59499,91840.06637,3219.0992300000003,18352.599824,31128.024680000002,51494.82584,191.25448246527776,111598808.0,4,8,2022
2022-08-13,0.0,0.0,1456943.35676,17707.26072,43.65,0.0,154776.34486,98650.930637,4378.68784,17371.068780999998,25335.51981,29302.34228,163.71971243055555,106350156.0,5,8,2022
2022-08-14,0.0,0.0,1335888.47989,17427.16793,43.26,0.0,115802.73431,140809.803064,8501.20222,17940.718799,28822.24473,31748.88009,87.00755809027778,98542256.0,6,8,2022
2022-08-15,0.0,0.0,1374105.01955,56799.16274,44.99,0.0,115147.50683,120189.394436,8661.9417,16330.362416,44905.05435,26494.34465,183.75469861111114,108657344.0,0,8,2022
2022-08-16,0.0,0.0,1424576.3868,49463.84103,45.699999999999996,0.0,142651.54639,118542.09492999999,6760.67279,15709.118643,36991.51195,26307.678079999998,164.62189972222222,110065121.0,1,8,2022
2022-08-17,0.0,0.0,1409858.4359,45953.40284,48.6,0.0,146952.85415,108957.844841,8254.46839,14793.443715,36892.86195,38018.70191,106.97397177083333,109369942.0,2,8,2022
2022-08-18,0.0,0.0,1409999.24428,33597.85432,45.87,0.0,134834.52873,110691.7404,8401.68535,15883.787543,44054.99435,30752.50762,102.12542329861111,107604355.0,3,8,2022
2022-08-19,0.0,0.0,1394664.50564,16899.10841,50.8,0.0,100204.23981,104288.486494,5348.36815,13405.09992,61908.021420000005,66892.87835,74.32542034722222,105143466.0,4,8,2022
2022-08-20,0.0,0.0,1394544.35633,32150.3361,49.63,0.0,69698.90226,114245.179847,8999.985630000001,15374.41864,34019.92966,91240.24264,100.47300857638889,98913408.0,5,8,2022
2022-08-21,0.0,0.0,1393848.26345,30286.77119,53.75,0.0,89383.01991,144747.55312199998,8353.57726,15788.593619,33919.59449,93205.32484,100.3142612847222,100900679.0,6,8,2022
2022-08-22,0.0,0.0,1488228.24218,28843.38546,49.410000000000004,0.0,93144.68516,126375.067949,6035.28719,16068.337413,35739.23456,85040.75835,115.09319197916666,109354777.0,0,8,2022
2022-08-23,0.0,0.0,1462200.90111,43741.63713,52.66,0.0,93378.99247,133763.889499,7125.41701,17708.656233,34785.41954,72368.4143,120.07225135416667,106648070.0,1,8,2022
2022-08-24,0.0,0.0,1432546.82311,32495.63386,52.08,0.0,92409.05904000001,118667.106372,8250.27662,12816.943623,40322.48184,122086.51484,90.4724639236111,107217739.0,2,8,2022
2022-08-25,0.0,0.0,1443289.65699,60443.530119999996,52.79,0.0,112627.20833,147777.050174,9160.85134,15545.193854000001,39935.406950000004,85533.41113000001,143.3222392708333,107665779.0,3,8,2022
2022-08-26,0.0,0.0,1474888.59988,40457.21471,55.22,0.0,113094.29469,141480.101794,8921.27662,14938.218811,39077.25437,77421.88647,154.46181128472222,108313855.0,4,8,2022
2022-08-27,0.0,0.0,1402855.67035,19291.0932,56.4,0.0,82067.96113,115278.267825,7569.39206,15797.625163,39484.48699,111874.19788,98.15274041666667,101687069.0,5,8,2022
2022-08-28,0.0,0.0,1329863.20214,19944.72729,59.11,0.0,66422.35824,108481.10924,6330.87428,16427.518719,31293.15195,128930.96359,81.1396029513889,100220080.0,6,8,2022
2022-08-29,0.0,0.0,1425115.42066,26966.36663,53.96,0.0,106615.6247,93978.311024,6051.08723,17759.500283,30747.99467,129235.47349,124.74318972222223,108220920.0,0,8,2022
2022-08-30,0.0,0.0,1547492.46027,40961.75484,51.309999999999995,0.0,74742.69283,45562.781104,2670.67105,15837.29371,33871.4521,75383.91022,158.7605267361111,110750652.0,1,8,2022
2022-08-31,0.0,0.0,1518304.28726,20583.15927,52.55,0.0,67774.95993,113843.44373500001,4211.88108,17573.399953,34040.17212,42001.85792,141.96679170138887,107389648.0,2,8,2022
2022-09-01,0.0,0.0,1498149.7190100001,30160.592940000002,46.04,0.0,66426.47694,127423.822645,5735.66763,17926.168694,31408.18464,41262.95497,136.93603833333333,107225307.0,3,9,2022
2022-09-02,0.0,0.0,1573766.1390200001,48308.48328,48.97,2520.57955,80219.74153,48204.984113,1854.05671,16561.23119,29660.24984,34639.00123,172.354155625,110172706.0,4,9,2022
2022-09-03,0.0,0.0,1445762.95951,37104.777030000005,34.56,0.0,88646.53515,102059.151098,2700.60675,17968.531187,35814.54464,46642.85027,207.07738930555556,104206823.0,5,9,2022
2022-09-04,0.0,0.0,1260066.67215,42301.72736,34.17,0.0,84365.61915,170984.96583899998,7893.94242,18365.62484,33052.57954,46049.5945,170.7296095138889,99068197.0,6,9,2022
2022-09-05,0.0,0.0,1345132.34387,49782.642139999996,35.33,0.0,90388.42183,133684.808263,6747.93278,17311.793689,39757.45702,52175.25611,218.42392121527777,106879953.0,0,9,2022
2022-09-06,0.0,0.0,1389651.92687,19744.03898,74.6,0.0,110191.08177,139134.249643,8701.07241,16423.981396,43761.12457,81902.21934,204.16786666666667,106310063.0,1,9,2022
2022-09-07,0.0,0.0,1394915.89173,12907.54552,35.63,0.0,82644.66328,116151.299241,6733.55302,12044.900007,44247.73949,103041.19619,134.43174465277778,106387624.0,2,9,2022
2022-09-08,0.0,0.0,1470336.53093,8749.60027,34.9,0.0,83560.17913,84297.61828,5063.75439,10755.862419000001,42233.9071,95310.71102,133.17183743055554,107732254.0,3,9,2022
2022-09-09,0.0,0.0,1481953.04061,13107.600410000001,35.99,0.0,90454.18153,115330.216492,6670.72702,9102.056235,53792.02682,46703.25784,175.14714597222223,108157909.0,4,9,2022
2022-09-10,0.0,0.0,1335283.93545,0.0,34.93,0.0,62475.30195,123723.703729,8030.80194,8843.49369,48159.841889999996,62478.48658,89.74684305555554,96386952.0,5,9,2022
2022-09-11,0.0,0.0,1239555.33291,19517.40067,34.42,0.0,64688.18622,121649.374016,6177.28035,7770.618735,41040.10953,70496.67735,112.3586829513889,95355575.0,6,9,2022
2022-09-12,0.0,0.0,1310781.78834,27377.00098,0.91,0.0,116502.27919,138310.849113,5154.02728,7832.099961,51385.60934,44899.64114,250.85985288194445,106770849.0,0,9,2022
2022-09-13,0.0,0.0,1234622.47124,32467.2012,34.49,0.0,116214.05833,146421.491376,9088.88651,7316.175146,50903.494249999996,79273.51137,172.83415996527776,102990583.0,1,9,2022
2022-09-14,0.0,0.0,1286908.94436,23990.20089,35.63,1691.94123,68487.44184,169151.66509,8014.44967,8566.706383,47665.05431,71762.91128,215.004896875,104484653.0,2,9,2022
2022-09-15,0.0,0.0,1363899.94806,34638.85549,35.46,0.0,115647.26655,141429.929639,3892.6001899999997,8115.975042,45752.18703,95005.69782,225.02983565972224,106268923.0,3,9,2022
2022-09-16,0.0,0.0,1357266.04957,30333.67542,35.730000000000004,0.0,67086.43738,145125.494757,3136.50497,7494.6748800000005,42546.24461,57054.76636,173.24933472222222,106189001.0,4,9,2022
2022-09-17,0.0,0.0,1233845.02054,13522.18636,35.09,0.0,37913.14659,140719.404474,7557.74917,7937.68123,49028.96441,44321.404520000004,129.79129767361113,98313983.0,5,9,2022
2022-09-18,0.0,0.0,1210141.39074,29452.25762,35.14,0.0,40412.6628,129836.021982,9306.37382,8439.431333,42863.05209,36644.83276,94.46758642361111,94436983.0,6,9,2022
2022-09-19,0.0,0.0,1233265.66051,57763.29608,35.150000000000006,0.0,86056.89386,177754.296567,9288.42827,11395.837547,51324.7918,27735.66872,163.78485288194443,103615443.0,0,9,2022
2022-09-20,0.0,0.0,1273327.5505300001,43781.81723,36.34,0.0,95991.86886,166348.990345,9234.23573,12077.531332,43397.52461,51693.78836,139.63072329861112,104326896.0,1,9,2022
2022-09-21,0.0,0.0,1442136.27988,23707.76327,33.74,0.0,141349.66723,96966.072183,2226.47343,12045.843854,33718.42721,121370.45696,162.55111725694445,109823571.0,2,9,2022
2022-09-22,0.0,0.0,1386439.66503,30993.55396,34.690000000000005,0.0,92606.76146,144377.360198,7257.96577,11681.475128,37232.29976,56098.843310000004,171.59023611111112,101566137.0,3,9,2022
2022-09-23,0.0,0.0,1403918.79926,27280.83868,36.18,0.0,92385.00628,188070.423553,6814.0754099999995,10591.199978999999,49693.25194,38515.3399,147.0177711111111,104726365.0,4,9,2022
2022-09-24,0.0,0.0,1302816.31372,16233.32864,35.64,0.0,60976.77137,176829.641744,7898.14245,10808.999936,43496.35707,59251.4596,99.22971006944444,97871500.0,5,9,2022
2022-09-25,0.0,0.0,1302855.43523,21539.11087,36.3,0.0,53487.91474,142194.823349,9512.97758,10753.03126,48454.42671,36342.6338,103.94062559027778,95410975.0,6,9,2022
2022-09-26,0.0,0.0,1403064.77512,34812.49105,35.07,0.0,90984.57093,171540.72314699998,8837.55528,10497.843727,42719.08205,33128.32859,156.53124493055557,104789058.0,0,9,2022
2022-09-27,0.0,0.0,1416795.91141,13781.50055,36.1,0.0,126524.52685,141214.069691,3822.84771,11570.456358,38761.59215,62870.96129,160.95473215277778,106804629.0,1,9,2022
2022-09-28,0.0,0.0,1369646.54971,18256.47798,35.66,0.0,115585.16729,98732.61567,6763.92589,12597.562403,31787.17222,51470.79262,153.82690621527777,108380137.0,2,9,2022
2022-09-29,0.0,0.0,1349843.14425,14453.44918,34.980000000000004,0.0,93145.20376,139248.361593,7854.0234,12314.587359,33892.57713,81270.40366,139.22099375,104072859.0,3,9,2022
2022-09-30,0.0,0.0,1301229.65416,12287.06457,35.69,0.0,91218.18084,180160.17633,9562.73201,12014.606393,33907.5795,47489.75324,93.02875451388888,101945443.0,4,9,2022
2022-10-01,0.0,0.0,1330367.68263,15815.63171,36.26,0.0,82991.09883,161070.833537,6310.89928,11993.868812,43403.92675,68014.03318,113.96000038194444,98050786.0,5,10,2022
2022-10-02,0.0,0.0,1304438.37093,21023.24933,36.4,0.0,87958.61974,121742.811025,4330.31364,11686.687617,24650.33466,53991.9616,126.74511215277778,99591175.0,6,10,2022
2022-10-03,0.0,0.0,1251495.07948,16674.837349999998,40.91,0.0,98875.96401,154599.909052,9093.99357,11431.124914,28128.33459,61933.55012,110.0352926736111,98669564.0,0,10,2022
2022-10-04,0.0,0.0,1346435.96766,15110.904340000001,34.39,0.0,64296.70635,165050.425394,8372.96642,10941.881274,36099.94694,92433.84937,127.12522378472222,103923735.0,1,10,2022
2022-10-05,0.0,0.0,1434702.38059,20609.569,35.67,0.0,104811.58824,99455.01219,4830.24249,11955.231264,38023.21953,95023.1101,163.11414739583333,107287063.0,2,10,2022
2022-10-06,0.0,0.0,1468946.39421,35133.39458,35.559999999999995,0.0,132613.76139,131171.548543,3671.08284,14094.093831,33118.9973,92981.65001,181.3693902777778,109348137.0,3,10,2022
2022-10-07,0.0,0.0,1421895.1376,25394.75924,35.519999999999996,0.0,111275.51085,174445.479156,7628.47551,17151.106439,32692.50473,100903.4571,139.26168934027777,106443722.0,4,10,2022
2022-10-08,0.0,0.0,1428385.71533,21495.40097,35.51,0.0,58571.56088,176073.813949,7596.2937600000005,17854.337607,33981.88217,88523.50296,175.74783399305556,101193847.0,5,10,2022
2022-10-09,0.0,0.0,1428194.55661,35189.23728,35.51,0.0,70460.77747,118159.894444,6417.0678100000005,17505.26259,36919.571990000004,62520.496549999996,210.92822999999999,103488875.0,6,10,2022
2022-10-10,0.0,0.0,1427026.12623,60686.44944,36.169999999999995,0.0,68249.31544,119425.42188,2911.18646,17224.15002,35814.36959,101661.62054,216.03230138888887,110935866.0,0,10,2022
2022-10-11,0.0,0.0,1412814.2677,36026.11278,34.230000000000004,0.0,73541.79758,132976.944637,7855.15872,17341.412484,30691.8772,75580.44514,155.12793708333334,108088908.0,1,10,2022
2022-10-12,0.0,0.0,1428029.96728,13497.13568,37.089999999999996,0.0,70119.36752,150910.337,6895.596570000001,16644.243594,22531.8647,95574.70617,145.27478638888888,107125632.0,2,10,2022
2022-10-13,0.0,0.0,1407601.10384,35579.44787,35.32,0.0,74849.64432,161640.4505,6957.15938,15765.949871,25360.34476,97767.90546000001,134.98632711805556,107544699.0,3,10,2022
2022-10-14,0.0,0.0,1411837.3077,13186.39375,37.410000000000004,0.0,62036.45791,159357.022016,5534.8042,15298.399971,27808.124490000002,75466.85232,128.94071593750002,109493389.0,4,10,2022
2022-10-15,0.0,0.0,1315573.69191,17106.33919,35.480000000000004,0.0,56843.68405,172092.504488,9410.15216,14940.093789,41384.78921,53114.49504,110.96730527777777,99489450.0,5,10,2022
2022-10-16,0.0,0.0,1379968.18474,22238.93449,35.2,0.0,59874.24129,148059.735483,3904.0084500000003,14550.068635,31359.18463,63587.37593,127.34680100694443,100021078.0,6,10,2022
2022-10-17,0.0,0.0,1478007.69419,28158.73752,38.24,0.0,89590.87043,141030.823534,3954.37025,16391.856195,21463.40974,30783.70102,161.22232725694445,110645214.0,0,10,2022
2022-10-18,0.0,0.0,1467404.7504,27811.20171,35.410000000000004,0.0,76004.56975,125083.894795,2745.0327,17507.662508,22346.86725,104802.96906,158.92213413194443,110527369.0,1,10,2022
2022-10-19,0.0,0.0,1400275.47198,49212.48458,35.8,0.0,118528.54587,93550.548044,1637.29221,19710.962324,17316.74481,112023.28606,181.05114993055554,115532329.0,2,10,2022
2022-10-20,0.0,0.0,1331940.68387,23656.345830000002,36.14,0.0,130336.95947,89987.594756,2989.01295,19100.649896,16853.84236,89729.62509,170.37293052083334,114646372.0,3,10,2022
2022-10-21,5.2,0.0,1374014.4135,44360.83308,35.84,0.0,119064.24315,108584.79338,6615.70472,18756.443726,12800.05992,86712.14175,176.16981326388887,114567200.0,4,10,2022
2022-10-22,0.0,0.0,1379106.74774,26598.17845,34.870000000000005,0.0,110790.5285,131628.587605,2410.86832,19797.606323,14010.67238,68035.50669000001,135.4018951736111,107777818.0,5,10,2022
2022-10-23,14.4,0.0,1306624.56663,31850.2085,35.09,0.0,74956.80983,181549.301438,7017.0928,19330.82501,15715.10983,30514.87256,131.3197238888889,106220557.0,6,10,2022
2022-10-24,59.7,0.0,1350199.23594,43448.74135,38.7,0.0,88423.3764,176911.371819,7368.947950000001,17484.437518,15212.25728,22673.41207,183.47537777777777,112032456.0,0,10,2022
2022-10-25,101.1,0.0,1377752.27673,51113.37863,34.17,0.0,106740.45737999999,159269.414853,6005.09266,18025.056273000002,24438.29968,34585.224780000004,204.87187350694444,114605672.0,1,10,2022
2022-10-26,0.0,0.0,1384382.12278,51674.18447,35.04,0.0,116684.20253000001,150518.90775,8625.6906,19125.768601,26998.52471,31885.377,181.03142447916665,114025602.0,2,10,2022
2022-10-27,0.0,0.0,1382670.47902,52696.23775,33.43,0.0,163268.57315,162034.42478,7269.16256,18183.475091,26293.742120000003,21241.18437,164.47638190972222,118853884.0,3,10,2022
2022-10-28,247.39999999999998,0.0,1304213.30221,30829.08894,38.79,701.59011,134446.7703,185953.656819,9395.8722,18883.018836,26180.06219,46962.16565,159.0535537152778,115089840.0,4,10,2022
2022-10-29,2947.300001,0.0,1300492.66952,11059.60987,33.71,0.0,88842.82747999999,167500.175749,9342.43711,17191.26875,16052.16737,43959.83185,83.632406875,102566877.0,5,10,2022
2022-10-30,352.700002,0.0,1303754.10896,20853.26573,33.81,0.0,77110.97092,173165.150888,9181.27152,16978.237598,26957.14958,25132.37543,108.96637815972223,101157458.0,6,10,2022
2022-10-31,2427.500001,0.0,1382235.29365,42718.79552,37.2,0.0,134846.05028999998,177649.153087,5600.7452,17901.049989,19396.36736,62496.912150000004,208.4334414583333,119019811.0,0,10,2022
2022-11-01,2039.7000010000002,0.0,1367560.12239,36593.26783,35.71,0.0,163347.22743,125671.226757,5064.60876,18409.537452,22565.63983,72619.43969,173.7075520486111,121621236.0,1,11,2022
2022-11-02,2085.900002,0.0,1201785.25439,24625.60974,34.68,0.0,70339.22392,160293.38955,9442.09399,17313.887382,33027.07448,99842.37113,120.30118829861111,106110639.0,2,11,2022
2022-11-03,3038.9,0.0,1220778.81731,39778.479400000004,35.95,0.0,90109.86425,214854.436032,9451.64346,15969.031241,22114.9996,66381.22499,86.19540663194444,103870730.0,3,11,2022
2022-11-04,3113.100001,0.0,1205298.90146,23279.0208,35.89,0.0,68261.17943999999,191649.299485,7856.66378,17416.500028,36003.59189,88511.66235,120.30785954861112,105515361.0,4,11,2022
2022-11-05,3182.700001,0.0,1162653.28524,9441.9754,35.32,0.0,67929.46611,174797.74285,6836.68008,18048.19367,19134.27722,122054.79975,64.53150975694444,99796864.0,5,11,2022
2022-11-06,2948.700001,0.0,1147752.11075,13267.93787,35.12,0.0,62359.03108,158663.883352,7542.55083,20767.124825,27036.85948,109804.51976,69.86112815972221,96380554.0,6,11,2022
2022-11-07,3221.6,0.0,1265172.70042,27140.26876,33.9,0.0,75620.4804,202365.300741,6272.86016,14168.068599,27715.65202,100083.09260999999,107.90544312499999,105431427.0,0,11,2022
2022-11-08,3161.2,0.0,1240007.50351,36648.00485,35.8,0.0,94400.81225,219672.625135,7152.8185,13534.431137,21229.83956,96672.17668,96.03852069444444,104849529.0,1,11,2022
2022-11-09,1242.3,0.0,1230212.48888,17473.89987,34.96,0.0,99247.82478,196290.406954,8992.86996,18429.512405,17537.2873,90086.18709,93.48891475694444,103766350.0,2,11,2022
2022-11-10,2570.5,0.0,1208304.17699,14232.5262,35.86,0.0,105277.29634,164179.442635,8348.98274,18559.374937,21704.66226,90130.91896,85.09817631944445,103897482.0,3,11,2022
2022-11-11,3164.9,0.0,1232006.59414,21841.25984,34.699999999999996,0.0,116075.06997,203864.71684,7756.31879,18215.262434,21577.85212,59480.43675,116.30110277777777,103228414.0,4,11,2022
2022-11-12,3247.8,0.0,1249787.31928,24118.56613,34.15,0.0,74181.15302,218531.934297,8018.84418,17611.325116,26433.407040000002,47443.94285,111.58310888888889,100532738.0,5,11,2022
2022-11-13,3166.8,0.0,1232224.40681,23579.01983,33.74,0.0,80055.10912,227291.193339,7979.58063,17537.043692,19416.71227,79213.82099000001,112.65989934027778,102580915.0,6,11,2022
2022-11-14,2381.4,0.0,1275952.93322,33259.48794,38.31,0.0,124052.3216,171402.916018,6064.34611,17383.362453,29423.81455,53950.33273,106.4838322222222,118444665.0,0,11,2022
2022-11-15,1992.4,0.0,1309633.59213,48070.00707,33.010000000000005,0.0,126861.92766,219312.054891,9527.72023,18542.881251,27521.439420000002,48827.01458,158.33129134969576,114821613.0,1,11,2022
2022-11-16,2399.7,0.0,1308582.03157,49118.21695,32.519999999999996,0.0,104986.59404,220075.200286,9675.26881,20764.693749,32437.02197,81311.81665,141.36307472222222,111298587.0,2,11,2022
2022-11-17,0.0,0.0,1298524.57579,46375.09001,33.120000000000005,0.0,98681.4922,190596.093525,6651.57502,20859.787318,28355.86958,57712.62788,150.0940772019994,105482226.0,3,11,2022
2022-11-18,0.0,0.0,1285414.81058,39910.32781,33.39,0.0,83087.26862,221545.25510500002,9540.85547,19704.425127000002,27431.0345,17658.76377,129.86336344873365,105306734.0,4,11,2022
2022-11-19,0.0,0.0,1279409.96803,31598.8331,32.94,0.0,58439.113659999995,200672.058136,8909.56368,20757.331229,29925.41198,56573.26766,124.78685025507478,104001793.0,5,11,2022
2022-11-20,2404.9,0.0,1261105.27107,35683.19065,35.43,0.0,115345.50506,154214.655158,5609.8360299999995,19969.931368,27781.15698,57337.93472,166.18308041666666,114385019.0,6,11,2022
2022-11-21,2895.6,0.0,1292701.22429,49206.24591,32.61,0.0,146877.20361,200495.95840099998,8313.70902,17646.19375,28945.094530000002,60941.39808,120.20050260416667,119412016.0,0,11,2022
2022-11-22,3406.5,0.0,1246656.6976,35886.15608,35.06,0.0,70561.11248,171214.907071,9501.49283,14797.824978,33628.13446,90038.84908,110.50976593749999,108574692.0,1,11,2022
2022-11-23,3515.800002,0.0,1320658.96624,28372.74973,33.75,0.0,77433.36886,155064.303388,5458.1702,16535.931225,27993.7295,39585.14288,131.25644052083334,109115170.0,2,11,2022
2022-11-24,3409.8,0.0,1368468.58757,35681.4058,32.07,0.0,99533.04445,139977.589941,4750.14939,15428.468766,25513.32204,16888.93896,171.75464979166668,110517544.0,3,11,2022
2022-11-25,3136.6,0.0,1338133.1716,42866.51842,34.63,0.0,91730.12909,215612.147179,9193.41456,14954.587685,18624.66218,24845.67565,143.495970625,111608308.0,4,11,2022
2022-11-26,2887.400002,0.0,1267047.40628,27235.10838,35.07,0.0,65206.31495,200069.24211700002,9169.15682,16040.162624,31869.17702,28578.56551,89.41642458333332,105919064.0,5,11,2022
2022-11-27,3351.9,0.0,1365549.57727,26751.01679,35.6,0.0,58548.84848,145435.819331,3675.42402,14948.893815,26558.45205,47845.03796,111.08447069444445,111262417.0,6,11,2022
2022-11-28,2813.7,0.0,1422013.4422,33536.67509,33.339999999999996,0.0,98921.38868,163741.20939,6851.17117,13585.262488,26631.72212,27909.83537,136.30850427083334,122319554.0,0,11,2022
2022-11-29,2655.9,0.0,1399430.08704,41644.50036,34.7,0.0,100390.41579,145784.425945,6426.19342,12524.86878,17643.6698,27186.62702,151.50938493055557,120875800.0,1,11,2022
2022-11-30,3127.5,0.0,1426308.09117,18198.50303,33.28,0.0,78070.82464,80674.517717,2220.27032,13144.743613999999,22414.46485,105086.17839,138.39521479166666,117068003.0,2,11,2022
2022-12-01,2587.8,0.0,1413095.75721,11542.30348,33.39,0.0,88311.73382,120212.760271,3370.98808,9370.543736,25722.87209,61307.893430000004,124.08728232638889,116251152.0,3,12,2022
2022-12-02,0.0,0.0,1323535.09596,89.9136,34.17,0.0,87031.81962,234266.895135,7547.83631,12369.787468,24557.04458,36176.99629,107.85489927083331,109531815.0,4,12,2022
2022-12-03,0.0,0.0,1249731.03644,89.9136,34.24,0.0,61290.88755,201456.694354,7746.62938,11740.581058,30571.61953,84182.56765,77.59407413194445,100883476.0,5,12,2022
2022-12-04,547.5,0.0,1240152.5367,11375.90753,34.25,0.0,62835.99872,195414.241444,8527.56342,11794.431119,32955.889370000004,68404.89279,69.98700677083333,100248728.0,6,12,2022
2022-12-05,3130.7,0.0,1293794.48914,31144.58305,34.17,0.0,73258.56,252584.19438,7987.83285,13303.456301,22008.36207,27023.26298,131.94421284722222,111368025.0,0,12,2022
2022-12-06,3097.0,0.0,1299892.32937,40168.56611,82.89,1357.8507,166806.7512,271856.132948,8882.59612,17431.906312,22970.064730000002,44344.04482,152.58826291666665,117261834.0,1,12,2022
2022-12-07,3237.5,0.0,1350752.23407,44879.43117,40.42,0.0,161842.01449,268139.409291,8665.5168,15759.531315,13193.462319999999,27411.72982,124.6966215625,122438191.0,2,12,2022
2022-12-08,3240.2,0.0,1286376.03695,33953.31441,40.519999999999996,0.0,179196.24678000002,230966.439791,8669.37927,14770.54371,20407.34216,54909.01446,76.57045378472223,126198847.0,3,12,2022
2022-12-09,3351.9,0.0,1349305.32012,26900.29844,41.48,0.0,85303.37927,252178.243549,8754.03502,18026.312358,19218.37716,40033.19255,99.53135201388888,115502854.0,4,12,2022
2022-12-10,3159.7,0.0,1292421.26411,14554.17519,14.18,4379.02027,57511.46307,192354.505798,6735.526980000001,18018.012371,25113.71445,71182.84119,84.95428711805555,108910227.0,5,12,2022
2022-12-11,3143.3,0.0,1272369.59112,20893.841940000002,0.0,0.0,72069.5755,185455.724831,7571.40304,19015.618813,23758.02188,63708.64953,102.65279187499999,107363062.0,6,12,2022
2022-12-12,3159.6,0.0,1346830.94747,43706.52416,0.0,0.0,133515.79407,210929.287208,6754.21887,18486.837325,15721.80484,58004.52357,100.85773597222222,123336045.0,0,12,2022
2022-12-13,3067.0,0.0,1329310.57793,57669.231490000006,42.25,0.0,129345.311,198190.128466,7007.57509,18258.787508,21341.56468,15894.29964,97.96438840277779,125005963.0,1,12,2022
2022-12-14,3114.8,0.0,1258375.32495,51649.86386,40.629999999999995,0.0,106098.06644,212354.283667,7821.34407,16111.668727,27960.37198,49790.82853,109.21775777777778,120602298.0,2,12,2022
2022-12-15,3161.8,0.0,1283399.44942,35646.68169,41.199999999999996,0.0,69786.50197,228362.84554500002,8961.98557,17981.006353,25086.9771,38349.30186,91.98850291666668,114748957.0,3,12,2022
2022-12-16,3258.6,0.0,1302077.4271,42763.67102,39.97,0.0,50644.45628,255888.702372,9287.144690000001,18272.675015,28663.087,27454.95521,91.697364375,111046188.0,4,12,2022
2022-12-17,3164.8,0.0,1230077.38937,38371.82795,41.64,0.0,61022.83999,215734.568341,7019.6586,17032.062443,25714.26202,83672.97464,58.54104368055556,103939663.0,5,12,2022
2022-12-18,3410.7,0.0,1225682.32854,7123.5084,41.4,0.0,59552.10838,173125.800542,7097.07193,16566.293654,32209.571780000002,85631.59266,48.34992666666667,101378630.0,6,12,2022
2022-12-19,3252.9,0.0,1307405.72423,8905.088469999999,58.120000000000005,0.0,55337.57529,184004.127738,7171.4401,14418.837363,32384.40681,103908.94588,77.74151336805555,109889987.0,0,12,2022
2022-12-20,3162.4,0.0,1272757.40218,136.31904,38.67999999999999,0.0,65973.8148,205321.399275,8216.18377,14713.087519,31205.87694,92066.35359,58.993702569444444,107009243.0,1,12,2022
2022-12-21,2771.2,0.0,1332394.56845,6482.86193,42.589999999999996,0.0,70620.57998,218070.576298,8347.631580000001,15781.49371,24068.40219,105364.49865000001,63.96002291666667,107089321.0,2,12,2022
2022-12-22,3474.199991,0.0,1414439.32204,9537.25526,40.230000000000004,0.0,72420.49895,219247.661435,7622.81472,17683.987358,31108.96966,99286.16073,80.43069854166667,109252183.0,3,12,2022
2022-12-23,1405.30001,0.0,1462799.1934,10632.164359999999,39.0,0.0,68409.37191,186051.079897,5768.85867,18316.868977,37353.05189,57742.92594,87.42544649305556,113520639.0,4,12,2022
2022-12-24,0.0,0.0,1507523.35934,8451.41004,48.6,0.0,62664.41549,98720.58003499999,2325.16638,17022.449773,26946.30218,26864.21742,115.34131815972222,106842652.0,5,12,2022
2022-12-25,0.0,0.0,1392056.31184,6931.16234,42.44,0.0,58625.05855,104063.105306,4337.23879,14852.256413000001,22760.51466,38649.85551,57.89269256944445,102640170.0,6,12,2022
2022-12-26,0.0,0.0,1350430.84466,8376.784,42.21,0.0,54022.99533,152385.445876,5951.38235,15064.599999,36033.19178,90016.3987,50.00407364583333,102460963.0,0,12,2022
2022-12-27,0.0,0.0,1330043.12969,7283.06325,41.730000000000004,0.0,61587.68017,169300.030415,6921.83474,18286.068632,31962.00933,101928.50656,34.565366840277775,109325936.0,1,12,2022
2022-12-28,0.0,0.0,1370225.0644399999,23889.69982,42.309999999999995,0.0,57089.59766,202082.21506400002,5903.93192,18488.25006,26789.68456,86119.07571,48.52320736111111,104765281.0,2,12,2022
2022-12-29,0.0,0.0,1402554.14369,22644.48177,38.8,0.0,57612.01806,243491.38330699998,8458.7893,18135.825066,26912.63704,56462.10149,73.40629482638889,108280437.0,3,12,2022
2022-12-30,0.0,0.0,1350632.9171799999,16808.62115,43.730000000000004,0.0,58784.30926,203829.146224,6772.19071,19333.331319,24436.202119999998,86224.12927,76.90357854166666,112160464.0,4,12,2022
2022-12-31,0.0,0.0,1328211.60257,16156.19123,42.0,0.0,57670.70949,209300.350397,7327.29621,19219.874856,31799.07191,79112.69685000001,73.11299225694445,102389577.0,5,12,2022
2023-01-01,0.0,0.0,1345842.61454,20864.766610000002,40.13,0.0,64043.7255,209963.915886,7309.97113,19138.662355,31020.81935,71954.3715,66.34361378472222,105433378.0,6,1,2023
2023-01-02,0.0,0.0,1384351.78721,9378.30846,42.17,0.0,61193.74843,240598.334453,7290.77586,19061.981266,41703.92931,49788.34481,74.74924607638889,107011385.0,0,1,2023
2023-01-03,415.0,0.0,1417886.76122,16193.49495,41.0,0.0,108620.23408,236877.506003,6756.4078500000005,19317.656098,51269.40709,32400.67546,75.83132732638889,116182569.0,1,1,2023
2023-01-04,617.2,0.0,1419487.73248,39334.80511,40.03,0.0,156875.32012,232711.382857,6388.98008,18063.631224,47630.53222,32643.8947,96.27287545138888,123534072.0,2,1,2023
2023-01-05,2044.600002,0.0,1503644.55089,12241.06857,42.51,0.0,194321.1059,110159.513701,3982.79653,18451.387518,56410.6447,38505.42561,86.44951888888887,125749732.0,3,1,2023
2023-01-06,2946.0,0.0,1433007.95029,6145.22556,42.0,0.0,70815.67496,202258.276285,9022.22542,16701.668813,60369.54437,55270.7972,67.4011726388889,115469122.0,4,1,2023
2023-01-07,965.9000000000001,0.0,1328168.23038,6792.89159,42.21,0.0,58922.10046,212174.163321,8350.30184,15907.274947,49245.16695,64952.42467,46.77665159722222,107928425.0,5,1,2023
2023-01-08,0.0,0.0,1343998.43275,16756.47994,41.37,0.0,64980.45729,191552.400639,9127.59884,12756.606237,67309.65912,42349.18655,53.71135399305555,107233852.0,6,1,2023
2023-01-09,0.0,0.0,1452931.55565,22447.28462,1.6500000000000001,0.0,123175.26838,189972.60591399999,8327.21683,15506.462685999999,60063.63183,36654.67824,103.82674194444445,119400509.0,0,1,2023
2023-01-10,0.0,0.0,1399323.21214,21251.88735,45.900000000000006,0.0,118696.91151,176751.423448,7486.00251,17194.262395,48033.66463,55097.28316,91.96950652777777,122008587.0,1,1,2023
2023-01-11,44.1,0.0,1469617.79763,18905.7363,44.54,0.0,116777.61987,137834.953365,6626.24367,15664.587531,55701.65713,51963.67338,108.12710288194444,119426826.0,2,1,2023
2023-01-12,3149.399994,0.0,1486635.69836,21127.13588,48.56,0.0,127374.16918,131534.417528,5903.08787,14967.806270000001,52320.05724,38462.06684,111.98031430555555,118583685.0,3,1,2023
2023-01-13,2272.799996,0.0,1463836.49627,21113.656909999998,36.39,0.0,97451.20548,121766.436608,7563.10257,15616.462728,54049.1272,54838.465599999996,131.702664375,115774689.0,4,1,2023
2023-01-14,2911.6,0.0,1417457.04959,15013.45619,36.52,0.0,84860.58794,91271.190397,5987.01655,15719.47502,58278.62714,100699.25562,99.067838125,108847608.0,5,1,2023
2023-01-15,2812.0,0.0,1325847.01804,16177.40963,37.83,0.0,80768.20719,113697.35026,8310.08463,14782.506403,45651.414749999996,88619.85281,69.90864822916667,106936506.0,6,1,2023
2023-01-16,2827.2,0.0,1446620.98092,17601.178640000002,39.74,0.0,142998.49294,94266.217488,4084.9139,16524.406386,57805.07458,100349.78016,105.48207774305557,118978212.0,0,1,2023
2023-01-17,1019.600002,0.0,1413422.57572,19192.92892,36.54,0.0,133036.62591,140076.992055,8134.50656,17041.300001,58641.88969,115268.22109,95.26187937499999,117467142.0,1,1,2023
2023-01-18,2986.8,0.0,1427197.14609,11392.343270000001,37.879999999999995,0.0,131565.66819,182156.391173,7212.59492,17645.199998,54173.4197,82118.79442,64.7138596875,115262340.0,2,1,2023
2023-01-19,3182.000001,0.0,1453544.1813,10692.26986,37.5,0.0,111643.28318,229236.223046,8018.7224,18443.137572,60082.21941,69750.9417,64.16526350694444,116009510.0,3,1,2023
2023-01-20,3240.0,0.0,1478169.5939,217.53216000000003,36.809999999999995,0.0,91066.44156,211879.294738,6404.69688,14892.162578,51004.78711,85882.15202000001,61.94125489583333,116689913.0,4,1,2023
2023-01-21,3252.5,0.0,1379479.39927,217.53216000000003,38.06,0.0,77064.48421,215224.970263,8292.7374,13951.343566,49163.50694,108540.52799,53.314473125,107076122.0,5,1,2023
2023-01-22,3259.1,0.0,1443683.60861,4982.90846,34.06,0.0,74421.08314,199038.613765,6004.9615,18308.099962,53738.51193,84632.04715,70.19376364583333,106041259.0,6,1,2023
2023-01-23,3451.400002,0.0,1541981.23705,15602.14531,36.99,0.0,109500.6704,217882.882496,6495.11263,20364.918896,60582.34689,55967.2083,104.34473881944444,117476989.0,0,1,2023
2023-01-24,3861.899999,0.0,1627868.28979,21075.66665,35.51,0.0,120481.61508,203007.813891,5376.32236,19694.687529,57850.00956,53999.80702,112.44109506944444,121170050.0,1,1,2023
2023-01-25,3440.5,0.0,1597375.25317,22790.19775,39.86,0.0,137749.15395,227006.78854500002,7145.08956,19318.737504,53589.89451,37652.48426,119.47742847222223,127113654.0,2,1,2023
2023-01-26,3345.1,0.0,1557651.81943,29542.604900000002,41.660000000000004,0.0,144444.29016,233379.517566,7557.40085,14020.506065,46960.13224,47789.08194,177.4199527083333,121120326.0,3,1,2023
2023-01-27,2724.499994,0.0,1639633.1060600001,16915.11109,40.64,0.0,159344.17723,155439.501136,4003.38381,10122.212505,47021.14222,54751.64847,118.52366072916668,131340280.0,4,1,2023
2023-01-28,3462.9,0.0,1575275.82004,28540.84214,39.81,0.0,145217.62356,211514.65607199998,8088.50298,17040.631257,51940.88221,62161.22941,109.63061559027778,120060920.0,5,1,2023
2023-01-29,3451.4,0.0,1544507.48927,37945.88694,42.18,0.0,126204.40132,256015.911139,8372.82427,19561.468752,49822.02227,47213.34283,110.68101684027778,119107255.0,6,1,2023
2023-01-30,3472.8,0.0,1614161.88996,48440.08322,46.25,0.0,151179.68088,225607.170553,5896.8288600000005,19214.412455,59838.3421,44233.89032,130.4084976388889,130206603.0,0,1,2023
2023-01-31,3497.4,0.0,1650442.6798100001,39204.95859,46.12,0.0,170810.56364,156228.67605799998,4763.90049,20978.47504,67772.61205,42482.85806,285.66764996527775,130849256.0,1,1,2023
2023-02-01,3398.900001,0.0,1645707.11643,35411.765999999996,0.0,1432.99448,209461.15636,167551.099421,6884.31032,19776.893723,62705.38951,24615.46445,152.28216503472223,133556769.0,2,2,2023
2023-02-02,3208.4,0.0,1640987.65484,36693.43945,5.07,3858.88226,260832.60918,189517.662563,4440.18453,17925.993889,54157.91478,42607.31585,135.27735760416667,135430706.0,3,2,2023
2023-02-03,1649.8,0.0,1594634.90743,55971.28484,31.52,21796.34276,272070.8582,190542.672149,6967.094059999999,19168.65636,51261.46963,31536.57228,124.37066425692855,142091171.0,4,2,2023
2023-02-04,2894.3,0.0,1556289.19023,10794.0422,32.94,0.0,125853.90284,159436.019237,6904.36313,17968.074849,47229.67962,27166.90755,94.02092857638888,130372010.0,5,2,2023
2023-02-05,2938.6,0.0,1497770.1786,15020.064110000001,30.419999999999998,0.0,111484.55954,203154.09228799999,7946.33891,15869.518818,39755.18735,61538.70076,89.72948274305556,122407444.0,6,2,2023
2023-02-06,3194.499998,0.0,1593819.16583,15266.24844,30.39,0.0,114392.3175,193232.567395,8116.27645,11878.212458,71255.94178,98634.13022,110.61362461805555,126988618.0,0,2,2023
2023-02-07,18.9,0.0,1580107.11793,8817.71521,42.32,0.0,106893.6448,200735.963582,7057.11138,18821.737438,50104.52472,88132.85233,101.99352486111111,123554135.0,1,2,2023
2023-02-08,0.0,0.0,1519744.5203200001,4627.28298,30.08,0.0,96251.02077999999,210820.093394,7375.40334,19873.462356,51947.96985,102541.32198,89.01085534722222,122810514.0,2,2,2023
2023-02-09,0.0,0.0,1601831.29622,156.62592,31.549999999999997,0.0,121979.94443,173914.293843,5667.37303,20437.881321,47535.60474,81900.82697,101.30725482638888,123027754.0,3,2,2023
2023-02-10,0.0,0.0,1579360.40575,2761.04003,20.810000000000002,0.0,89902.39113999999,255396.869014,8407.95059,19740.700126,51531.88933,54406.48268,83.44209399305556,121342861.0,4,2,2023
2023-02-11,0.0,0.0,1499398.53621,8944.288260000001,20.84,0.0,81744.24250000001,224531.13355,9396.98831,18225.474983,40706.17715,46247.340840000004,62.027875520833334,116637567.0,5,2,2023
2023-02-12,0.0,0.0,1527069.31804,17237.20654,20.05,1507.02111,139580.12401,264230.091225,9182.14351,17650.96871,43253.88202,87784.00885,84.69738458333333,123687897.0,6,2,2023
2023-02-13,0.0,0.0,1681573.29443,20427.37841,19.86,3622.1634599999998,160892.81386,270282.57037000003,9338.50444,17270.037424,50941.34478,50610.63353,113.05350774305555,134764879.0,0,2,2023
2023-02-14,0.0,0.0,1665862.33585,13773.426640000001,7.32,0.0,102939.53078,168386.761193,5323.0101700000005,14570.14374,41083.59223,93447.33835,95.20303340277776,131020898.0,1,2,2023
2023-02-15,0.0,0.0,1593184.79493,2918.00352,21.240000000000002,0.0,101494.30327,175406.17798500002,8800.99546,16530.037483,42907.58474,113178.23506,77.33400128472222,123212726.0,2,2,2023
2023-02-16,0.0,0.0,1596393.00862,16390.73245,22.939999999999998,0.0,101816.48245,188613.12361,9373.4372,15192.437683,56635.08698,114352.59808,90.57914149305554,120970456.0,3,2,2023
2023-02-17,784.8,0.0,1592548.10987,101.51711999999999,20.599999999999998,0.0,131469.69411,180860.82405,8161.11093,15784.69375,47865.47714,89376.29067,80.40163968750001,120067945.0,4,2,2023
2023-02-18,4264.300004,0.0,1575850.72488,11937.89443,36.730000000000004,0.0,104583.52002,189531.544014,8713.10882,17490.612562000002,61752.32931,53686.13598,81.08223190972222,114097390.0,5,2,2023
2023-02-19,4222.6999940000005,0.0,1519165.58966,7716.18947,20.759999999999998,0.0,99659.77119,190522.405886,7457.7388,17771.481194,57520.0944,65052.2608,87.75711579861111,115707871.0,6,2,2023
2023-02-20,1026.299987,0.0,1611928.92031,13333.45573,0.03,0.0,132844.57425,148178.027219,6384.44411,17291.193651,51743.97976,89685.36718,114.95211944444445,125315385.0,0,2,2023
2023-02-21,0.0,0.0,1646871.51261,26.10432,0.0,0.0,103758.01608,144311.748306,6515.24111,17879.481238,48592.85987,89909.58834,89.13892947916666,124162318.0,1,2,2023
2023-02-22,0.0,0.0,1578554.36823,26.10432,20.880000000000003,0.0,101897.94032,179973.496611,8106.61892,20789.768776,46654.06964,75638.69445,66.6889778125,121804946.0,2,2,2023
2023-02-23,0.0,0.0,1549142.75958,13882.62186,22.61,0.0,80682.72343,170898.370799,7346.45143,21243.550031,59338.6492,92255.69003,62.672586388888895,119875234.0,3,2,2023
2023-02-24,0.0,0.0,1565053.82271,16054.95581,20.41,0.0,76742.00297,208028.060601,7868.44627,20152.300014,43072.55962,101769.61279,51.90612677083333,118537618.0,4,2,2023
2023-02-25,3756.499995,0.0,1481079.16736,6440.27357,20.25,0.0,56172.09953,193234.76555100002,7834.85314,19282.862612,58562.509430000006,115682.60367,31.691163298611112,110948638.0,5,2,2023
2023-02-26,3810.099969,0.0,1470556.2537,6896.39943,21.08,0.0,67197.31481,162598.359405,7433.94161,20346.825033,44552.96214,92114.38542,48.82479347222222,112194554.0,6,2,2023
2023-02-27,3751.999996,0.0,1577975.61187,6346.29084,22.43,0.0,138482.21179,184336.606703,8508.86349,20496.518559,44707.99981,72030.87739,85.78644215277778,124268862.0,0,2,2023
2023-02-28,0.0,0.0,1570738.55254,4692.16029,21.91,0.0,158611.4672,218897.330043,6716.37184,18572.300178,48551.54712,43967.69421,79.9632945486111,125009242.0,1,2,2023
2023-03-01,0.0,0.0,1552599.89874,20414.999490000002,21.98,0.0,179581.95481,182218.282819,7300.89085,18522.800131,56704.75466,37447.15651,205.43664888888887,125631116.0,2,3,2023
2023-03-02,2619.000001,0.0,1627234.49846,15406.01425,20.080000000000002,0.0,170349.20975,154476.013477,4807.64229,18080.362506,49069.08733,73292.19055,103.27655083333333,127614336.0,3,3,2023
2023-03-03,4014.800006,0.0,1613095.4791,18056.33597,20.12,0.0,136784.00302,161277.178013,7460.46999,15639.62498,52406.009640000004,55553.10636,81.68492177083333,124305693.0,4,3,2023
2023-03-04,454.6,0.0,1563654.09018,6362.87643,21.92,0.0,124453.51614,167414.748241,9067.03681,17029.987398,53283.08462,59873.39835,75.75841118055556,113079127.0,5,3,2023
2023-03-05,0.0,0.0,1497672.88678,7033.51238,23.279999999999998,0.0,96240.55772,202097.255199,8947.84394,17330.818707,46554.41221,84469.89185,59.187550416666674,111347211.0,6,3,2023
2023-03-06,0.0,0.0,1616326.38398,29680.72454,19.36,0.0,140138.56904,211546.049666,9131.38172,18273.762352,51296.20972,60348.60419,83.48510413194444,122868680.0,0,3,2023
2023-03-07,0.0,0.0,1676994.1872,33113.0575,31.249999999999996,0.0,166154.68533,156932.791902,7114.70044,17634.187344,50346.367289999995,36887.99314,83.65491083333333,127784988.0,1,3,2023
2023-03-08,0.0,0.0,1729658.97371,24241.21099,27.72,0.0,191061.94646,98574.963017,3404.17152,19344.875119,47557.3499,26638.33681,83.66426659722222,135934997.0,2,3,2023
2023-03-09,0.0,0.0,1717848.20325,30216.84204,63.11,0.0,190130.79782,82667.597167,2440.63734,19351.487591,46975.76237,20982.44105,101.58703309027777,132856634.0,3,3,2023
2023-03-10,0.0,0.0,1706073.40856,9433.98859,34.33,0.0,119854.62721,98656.673129,2713.0204,18870.712516,58044.75222,67693.54162999999,96.05959065972222,128862556.0,4,3,2023
2023-03-11,0.0,0.0,1628367.05017,33501.51341,61.71,0.0,83741.57728,114178.726277,2014.82962,17377.918665,61442.00452,68492.87672,96.69441642361112,122750226.0,5,3,2023
2023-03-12,0.0,0.0,1536773.43818,43684.90011,61.52,0.0,88044.31797,132220.564082,3134.8624999999997,19685.600118,49392.81479,33028.65612,94.27145159722222,123681912.0,6,3,2023
2023-03-13,0.0,0.0,1573124.5816900001,49414.75776,34.69,0.0,131923.44299,150740.568307,6180.51838,20156.112563,58280.09459,17115.93067,106.41221142361111,129831052.0,0,3,2023
2023-03-14,0.0,0.0,1564858.06634,50435.93973,35.480000000000004,0.0,149003.15866000002,185350.103897,7078.14095,18449.981218,52721.62464,42825.83882,115.60743798611111,126184665.0,1,3,2023
2023-03-15,0.0,0.0,1630979.47371,28591.212750000002,62.269999999999996,0.0,196066.01484,164546.254046,5562.89573,17803.350028,47280.44973,31597.60206,113.60337243055555,127458727.0,2,3,2023
2023-03-16,0.0,0.0,1641415.29705,44374.585250000004,61.75,8533.82003,222523.43908,193833.42779699998,7577.55262,18031.450048,41211.34902,12485.79548,523.8848385416667,131160702.0,3,3,2023
2023-03-17,0.0,0.0,1672209.11126,39650.2603,61.7,10911.17857,222102.20305,209570.14476999998,8592.77185,17318.275029,53865.354550000004,37215.06709,288.55015062499996,134853958.0,4,3,2023
2023-03-18,0.0,0.0,1570762.51615,28960.30303,61.95,1504.8190499999998,153215.40571000002,224199.860481,8548.85361,16002.431297000001,51325.53223,82540.44265,94.99451569444444,123588879.0,5,3,2023
2023-03-19,0.0,0.0,1579004.2853299999,23479.27462,60.17,0.0,125538.72800999999,226559.59829300002,8707.79544,15967.474924,45389.2023,99942.11185,127.83952975694444,119827739.0,6,3,2023
2023-03-20,0.0,0.0,1625146.8228,11444.50986,59.16,0.0,131092.6766,203879.10751899998,9367.68762,17980.031206,46475.18475,80120.56827,75.50830996527777,127524313.0,0,3,2023
2023-03-21,0.0,0.0,1506276.13429,15457.13147,32.589999999999996,0.0,121669.91848,191584.165628,6604.74033,17025.062562,46332.06976,103807.17338000001,66.83018409722222,125909270.0,1,3,2023
2023-03-22,0.0,0.0,1558954.80184,31838.463200000002,42.77,0.0,150203.0922,130520.795155,3372.99723,18489.118746,48722.84973,80847.47499,85.51812072916668,125119144.0,2,3,2023
2023-03-23,0.0,0.0,1509249.64026,20279.04475,40.760000000000005,0.0,127190.31104,178532.726816,8409.25147,17764.556217,52153.95978,82129.98948,69.65451625,121460812.0,3,3,2023
2023-03-24,0.0,0.0,1562343.05021,16562.88834,42.9,0.0,133272.63916,178957.891113,6279.09161,17771.806322,54429.35471,48915.09791,85.72066277777778,122480575.0,4,3,2023
2023-03-25,0.0,0.0,1555433.97501,15398.59915,43.3,0.0,47938.81435,224592.855003,7590.1569,17940.531064,56886.94951,62462.98204,77.74545527777778,116249407.0,5,3,2023
2023-03-26,0.0,0.0,1528627.2544200001,16076.36849,42.28,0.0,67069.49948,218961.22399899998,7260.05662,16886.512534999998,50534.48719,67182.16612,91.4424338888889,114980457.0,6,3,2023
2023-03-27,0.0,0.0,1600219.0363,53031.43421,42.95,2802.9418499999997,97025.4274,183677.15182600002,0.32561999999999997,17030.625021,54166.33718,62299.86386,152.83328281250002,125411320.0,0,3,2023
2023-03-28,0.0,0.0,1637123.45346,56470.66561,43.13,5633.11194,133396.47153,158200.888145,0.0,17109.056394,49784.82232,36107.71064,231.79430624999998,129861313.0,1,3,2023
2023-03-29,0.0,0.0,1638663.50516,32759.79059,41.38,853.0055600000001,112017.94255,115656.375477,0.0,17452.649903,46355.80987,32186.19147,149.48958503472224,134043485.0,2,3,2023
2023-03-30,0.0,0.0,1595669.94239,15261.53309,41.53,0.0,95042.50248,147218.598715,1341.0994,19008.950111,53112.79976,46829.59926,116.25993597222221,128377550.0,3,3,2023
2023-03-31,0.0,0.0,1483396.00764,16950.89799,41.57,0.0,102156.47062000001,192959.169046,9087.25472,16235.918760999999,43772.57216,43466.16061,76.82019486111112,118882758.0,4,3,2023
2023-04-01,0.0,0.0,1462319.29552,24024.54642,42.1,0.0,86990.08802000001,117812.526278,2235.33274,13326.637512,52079.35211,13668.716970000001,155.1148948263889,112037796.0,5,4,2023
2023-04-02,0.0,0.0,1382715.93166,19409.92018,43.59,0.0,81704.27269,172005.622642,8486.85077,13853.668717999999,50328.42969,12383.50747,116.36121368055554,109821777.0,6,4,2023
2023-04-03,0.0,0.0,1431957.57481,28316.87686,42.43,0.0,95525.91699,174938.882706,7737.21265,15268.468709,53543.822290000004,43718.73744,137.11770711805556,118987059.0,0,4,2023
2023-04-04,0.0,0.0,1453415.646,32650.24529,40.25,0.0,84909.91144,185648.51415899998,7993.00822,17167.093715,63579.27438,25281.17105,152.78836340277778,117925341.0,1,4,2023
2023-04-05,0.0,0.0,1407475.5018500001,44658.09141,41.900000000000006,0.0,91568.52737,213814.246221,8981.50452,16476.212586999998,57473.652050000004,29601.41672,187.63072131944443,116636439.0,2,4,2023
2023-04-06,0.0,0.0,1454707.34876,27208.46704,46.43,0.0,108482.71636,178034.750553,5604.99337,18268.887347,55372.80723,35742.52861,107.71327934027778,117015718.0,3,4,2023
2023-04-07,0.0,0.0,1441710.0982300001,16957.15862,41.150000000000006,0.0,57666.22195,150230.549255,4688.9245200000005,18096.112546,57893.7321,78082.72032,84.76824829861111,110963442.0,4,4,2023
2023-04-08,0.0,0.0,1326351.81579,12131.205779999998,42.25,0.0,60896.07949,115516.017548,9233.18663,16538.862516,48300.81213,66102.00767,31.239558541666668,109355242.0,5,4,2023
2023-04-09,0.0,0.0,1300895.00858,8827.76678,43.95,0.0,50826.33369,132265.181976,9230.49219,16096.162361,52077.28191,85448.13775000001,24.54002065972222,104655373.0,6,4,2023
2023-04-10,0.0,0.0,1346879.5931,21904.14167,41.32,0.0,62960.06249,158028.596381,8330.54876,15736.874956,46989.79218,51477.27599,62.17069336805556,102001616.0,0,4,2023
2023-04-11,0.0,0.0,1294730.18451,45189.2349,42.52,3013.03832,81574.42188,211044.122547,9067.28121,17974.225124,54316.89207,52085.63339,102.33768093750001,107715556.0,1,4,2023
2023-04-12,0.0,0.0,1346229.43067,38957.09521,43.94,7231.60557,107909.02654,212185.094554,8001.7557,17756.518681,44923.77729,35713.75828,182.81074243055556,109339569.0,2,4,2023
2023-04-13,0.0,0.0,1356361.65449,33878.52412,41.480000000000004,2634.0294,97434.44209,216382.604824,8996.629359999999,16783.818808,47402.76971,86939.96628,90.94474086805555,110866287.0,3,4,2023
2023-04-14,0.0,0.0,1406738.81863,33560.94531,42.550000000000004,3102.99609,71346.63781,216115.62366900002,8586.41438,16966.956219,55757.06198,33058.825710000005,87.51818447916666,111493423.0,4,4,2023
2023-04-15,0.0,0.0,1352056.69146,17924.70676,43.12,1735.01286,65145.208230000004,210903.539501,8269.82639,17517.881484999998,54951.28703,49344.582819999996,87.16134631944443,105279868.0,5,4,2023
2023-04-16,0.0,0.0,1365312.49531,37750.79206,54.449999999999996,3427.9994,70135.91398,165728.128307,5051.02751,16388.150004,46567.70977,52461.73548,123.30844986111111,107435846.0,6,4,2023
2023-04-17,0.0,0.0,1476540.94801,54120.86468,44.36,12379.5712,107088.80264,150760.733119,7220.51267,11344.118734,48679.66478,38704.144850000004,137.6794532986111,118680331.0,0,4,2023
2023-04-18,0.0,0.0,1466763.83481,37985.85109,43.82000000000001,0.0,78894.9332,155081.230191,8431.06182,13206.53755,46210.14478,95275.4291,107.39490156250001,115510954.0,1,4,2023
2023-04-19,0.0,0.0,1462766.44549,35458.11758,43.1,0.0,76301.45954,200128.484496,7750.85649,12444.193782,54473.74962,58308.93329,133.16102309027778,114599406.0,2,4,2023
2023-04-20,0.0,0.0,1445221.01809,47080.33479,45.86,0.0,85528.81954,198645.127301,4572.39482,12747.987521000001,45243.5423,74298.75667,118.12381270833333,114268514.0,3,4,2023
2023-04-21,0.0,0.0,1435697.82635,33044.83616,92.18,0.0,101879.26493,205154.917354,5893.22724,10766.24986,51374.20224,109713.08217000001,117.89381663194445,113642132.0,4,4,2023
2023-04-22,0.0,0.0,1382700.99778,13345.2695,55.41,0.0,62539.09901,185892.889138,7756.0831100000005,10849.4624,44940.01485,123761.53313,65.95009739583334,106834236.0,5,4,2023
2023-04-23,0.0,0.0,1359016.025,8272.36204,57.98,0.0,57064.37509,167941.4354,8536.28296,12118.375012,47703.44975,114041.5836,64.50938708333332,104442957.0,6,4,2023
2023-04-24,0.0,0.0,1424084.4098399999,15589.24534,74.71,0.0,87461.82953,162078.841588,7263.1773299999995,15188.181233,72636.5166,143792.69737,84.58867402777777,114419333.0,0,4,2023
2023-04-25,0.0,0.0,1390586.6050500001,16731.94896,50.43,0.0,65487.84342,175065.345736,6658.58964,14897.306246,57858.01704,115930.56217,81.38122187500001,105256548.0,1,4,2023
2023-04-26,0.0,0.0,1418705.82024,12685.34041,42.57,0.0,71907.87095,181721.199707,5388.4282299999995,14993.968865,51536.41214,124097.55243,91.72632385416667,112959655.0,2,4,2023
2023-04-27,0.0,0.0,1421031.93358,5969.13194,43.69,0.0,129460.71324,189213.608123,7461.38506,15607.337521,49513.25227,110036.74575,96.12573732638889,113725775.0,3,4,2023
2023-04-28,0.0,0.0,1410942.31468,32557.66915,43.83,0.0,143405.18285,182771.391282,6397.17995,16595.125064,50992.62981,107475.97379,117.61923399305556,111482044.0,4,4,2023
2023-04-29,0.0,0.0,1402484.45386,43948.56177,43.97,0.0,109077.78169999999,119357.252942,3751.18807,19199.987676,70481.82935,67214.91711,171.27085347222223,106151797.0,5,4,2023
2023-04-30,0.0,0.0,1383735.80997,33682.831940000004,41.04,3661.01059,117010.93651,138377.40062,5659.74682,17606.093655,73792.84432,35936.82302,176.96430850694443,102494771.0,6,4,2023
2023-05-01,0.0,0.0,1294110.4176100001,30679.97556,40.8,0.0,164013.17417,170815.385122,8087.05196,15194.331328,52104.09461,74191.38339,137.72464399305554,100856397.0,0,5,2023
2023-05-02,0.0,0.0,1392201.23292,39572.52031,42.9,0.0,154013.51076,141205.300895,4930.87097,12551.818806,43968.68983,72006.44053,140.08483493055556,109587595.0,1,5,2023
2023-05-03,0.0,0.0,1314118.8969700001,31265.05719,0.0,0.0,142608.61614,182701.505713,7470.1744499999995,13891.131222,40287.61729,81462.00078,102.94228208333334,109702642.0,2,5,2023
2023-05-04,0.0,0.0,1352401.92935,47739.23604,42.51,0.0,179367.84334,193683.803552,8652.84827,15995.425018,39883.69231,86645.56619,130.04119263888887,108878973.0,3,5,2023
2023-05-05,0.0,0.0,1383388.1294200001,30161.50182,44.4,0.0,177488.67799,206205.787131,8383.15078,13441.893747,42270.11477,82235.51718,133.14834420138888,110533662.0,4,5,2023
2023-05-06,0.0,0.0,1374511.20833,31498.89882,42.9,0.0,149950.01654,166602.594372,7457.33201,13534.862323,46156.21706,65811.0666,134.44415340277777,103305213.0,5,5,2023
2023-05-07,0.0,0.0,1413662.3561800001,22400.256419999998,43.87,0.0,134370.11878,133593.170876,5573.46952,12638.074964,43431.37472,97169.59722,114.45978746527777,103058210.0,6,5,2023
2023-05-08,0.0,0.0,1317470.2116,36931.77612,42.49,4017.24251,184001.28286,171915.379972,8847.65409,12721.962531,34585.1023,174744.93514000002,84.48355451388889,110678656.0,0,5,2023
2023-05-09,0.0,0.0,1328263.83697,48504.10993,43.04,1560.0182,202453.64809,192803.449503,8805.77488,13013.256206,35012.94228,114315.09742,125.19743861111111,110959157.0,1,5,2023
2023-05-10,0.0,0.0,1335497.38416,52834.41028,41.79,0.0,210301.71401,195080.686547,8379.64847,11975.331057,39805.894720000004,90257.75543,160.98980454861112,111536417.0,2,5,2023
2023-05-11,0.0,0.0,1365804.58929,36209.36305,42.87,0.0,160456.31297,172265.719369,7436.7982999999995,14062.618584,37851.02976,155994.7664,128.259354375,112962760.0,3,5,2023
2023-05-12,0.0,0.0,1407372.75202,20257.45404,41.08,0.0,164691.08956,158838.728513,7501.83234,13347.825018,44480.062229999996,144551.12691,152.0600942361111,112740774.0,4,5,2023
2023-05-13,0.0,0.0,1374007.2732,16267.8663,41.22,0.0,110361.78228,162105.453338,6724.75218,15393.418771,37057.29725,157541.48606,121.11899013888889,106828387.0,5,5,2023
2023-05-14,0.0,0.0,1463994.55563,18946.84465,46.480000000000004,0.0,134907.50555,130907.15611,4097.84346,14639.637526999999,31296.37485,155412.63813,127.47482413194444,106832515.0,6,5,2023
2023-05-15,0.0,0.0,1504899.19201,29927.368270000003,43.64,900.00544,164011.18527,102378.086555,2233.95359,12165.062477,35836.7824,126455.98758,159.05918715277778,116047287.0,0,5,2023
2023-05-16,0.0,0.0,1430480.81242,44735.96151,43.18,0.0,202258.66968,123481.295365,3489.4331199999997,11958.418728999999,38780.01729,62871.40722,193.804735625,116533724.0,1,5,2023
2023-05-17,0.0,0.0,1406193.31911,43164.70333,44.339999999999996,0.0,193928.7538,184811.499223,6146.94668,12211.187463,36068.52991,62384.11842,201.3594309027778,112494589.0,2,5,2023
2023-05-18,0.0,0.0,1397957.84825,60994.04603,42.85,7551.649359999999,173110.67553,191849.860617,7535.0240300000005,11024.568729,35860.04724,56930.61414,143.23528267361112,111699899.0,3,5,2023
2023-05-19,0.0,0.0,1364250.44988,60446.49846,42.5,4817.59189,202057.86263,208644.873652,7933.63919,11160.168825,38814.95222,54275.73565,146.8491540277778,111378161.0,4,5,2023
2023-05-20,0.0,0.0,1317326.85891,34048.87045,42.35,0.0,114645.92095,188891.746633,8376.80145,14082.174964,48557.352,65991.69879,185.2777267708333,105524402.0,5,5,2023
2023-05-21,0.0,0.0,1279642.12374,22564.25894,43.0,0.0,119214.82579,154739.050895,8174.62862,12575.437543,31116.787350000002,159805.81314,82.90603770833333,104730342.0,6,5,2023
2023-05-22,0.0,0.0,1352294.36462,45704.916529999995,42.269999999999996,1800.0108799999998,189493.27896,193756.641429,8102.9791000000005,12790.793723,35082.61981,102040.91583,149.49401430555557,113222155.0,0,5,2023
2023-05-23,0.0,0.0,1309980.06003,49867.72105,44.42,2641.0220799999997,248269.24315,177663.920936,8191.20835,13707.168799,49570.83457,70366.68465,209.28196701388887,113220818.0,1,5,2023
2023-05-24,0.0,0.0,1417973.70441,51380.20484,44.230000000000004,3796.42872,184979.83957,179473.068346,7934.00692,13948.756221,34751.56228,69525.063,477.35737763888886,112730384.0,2,5,2023
2023-05-25,0.0,0.0,1402437.11546,54556.79399,46.19,6481.648279999999,183707.42048,168640.512251,7853.41759,14950.475025,42504.49215,53658.57667,346.266705,112474701.0,3,5,2023
2023-05-26,0.0,0.0,1350420.64593,41151.30282,41.92,1428.99199,206204.57318,184184.896897,8113.7073,15803.206229,41372.83476,114037.6933,120.58215614583332,112152463.0,4,5,2023
2023-05-27,0.0,0.0,1361694.90361,26808.98756,41.410000000000004,0.0,123884.14480000001,190983.142135,8200.61003,14321.24991,50488.82195,78012.75651,190.23004440972224,107406586.0,5,5,2023
2023-05-28,0.0,0.0,1331957.11952,26477.96225,43.94,0.0,116442.07772,179230.464345,8149.8951799999995,14612.462532,40863.85718,80219.89038,88.54871506944444,106778457.0,6,5,2023
2023-05-29,0.0,0.0,1322808.94323,35459.460940000004,43.62,1118.99487,156922.08969,185627.850855,8275.44235,16431.012497,32913.49967,116544.27644,109.09840322916666,115799794.0,0,5,2023
2023-05-30,0.0,0.0,1270459.97671,51184.20858,42.82,1797.0450500000002,183064.34431000001,187467.143024,8027.03146,17311.806331,28918.83478,98086.14754,397.80309375,114846541.0,1,5,2023
2023-05-31,0.0,0.0,1335558.80401,61523.43352,40.660000000000004,4304.91359,168375.55007,153966.544371,7737.96132,17214.218582,29785.88222,46531.10429,118.6996382986111,115230360.0,2,5,2023
2023-06-01,0.0,0.0,1353771.49107,62961.14972,40.42,0.0,159129.29561,174275.480933,7566.8277,17798.068846000002,30237.40233,60433.616780000004,113.51300003472222,113852993.0,3,6,2023
2023-06-02,0.0,0.0,1367453.5356100001,42312.31808,40.94,721.97935,136155.42495,169209.982738,7663.0406,18012.318705,46229.08709,72402.46075,118.25353722222222,113079754.0,4,6,2023
2023-06-03,0.0,0.0,1339701.46014,17516.07548,43.5,0.0,110162.49713,110422.53451,5870.95115,18139.450138,41895.6647,86295.50258,96.50261611111112,109341068.0,5,6,2023
2023-06-04,0.0,0.0,1300120.59035,16272.459,42.79,0.0,109086.67459,88032.63608,1460.88416,17753.787395,29081.624920000002,125947.52429999999,86.81523204861111,110121491.0,6,6,2023
2023-06-05,0.0,0.0,1328646.44282,23566.67383,41.04,2513.9918199999997,131303.61762,88189.775955,2985.06513,17524.837493,36379.81731,149926.55765,89.73508277777778,118296218.0,0,6,2023
2023-06-06,0.0,0.0,1360893.152,29164.30475,42.25,3395.00174,140533.58522,116824.759093,3502.2764,16808.143819,32686.807399999998,158488.05039,96.37074958333334,116487938.0,1,6,2023
2023-06-07,0.0,0.0,1306162.19123,29275.133560000002,41.18,2465.99457,155145.81067,118701.226905,5974.41778,15569.356361,27380.832290000002,133437.18324,79.81475513888888,115690394.0,2,6,2023
2023-06-08,0.0,0.0,1339769.88736,26271.53897,41.84,733.9999899999999,149359.433,147174.410075,7134.11324,16214.92509,29676.50985,74615.71726,96.93289822916665,114933773.0,3,6,2023
2023-06-09,0.0,0.0,1277876.95177,31622.32214,46.19,922.4349100000001,122468.11195,149365.30125699998,7145.73671,17271.199967,29050.44479,59000.24357,82.60517666666667,111582517.0,4,6,2023
2023-06-10,0.0,0.0,1274814.72589,29572.69114,42.78,0.0,96663.47816,152649.750538,7458.15505,17826.743665,33433.62705,91539.4869,81.8054484375,106252232.0,5,6,2023
2023-06-11,0.0,0.0,1324843.89723,37095.141560000004,42.02,0.0,99769.73413,124783.242133,5527.60563,17786.937521,33287.94723,86531.14267,93.36935854166666,107116109.0,6,6,2023
2023-06-12,0.0,0.0,1343096.15051,47764.04201,44.07,4194.32653,150548.41048,141422.246527,6947.54928,17203.393899,25184.07984,71610.90344,296.1031298958333,115732902.0,0,6,2023
2023-06-13,0.0,0.0,1305419.88626,24396.90295,42.74,4020.53675,152896.72314,129620.421381,5755.0638,15691.493879,22656.03236,65968.63979,106.68995552083334,114412321.0,1,6,2023
2023-06-14,0.0,0.0,1404254.616,24622.97231,46.74,0.0,136515.62821,133108.127397,7413.01419,15391.53131,24135.43975,87797.97759,63.83749364583333,114237370.0,2,6,2023
2023-06-15,0.0,0.0,1453722.21704,30047.54436,42.47,0.0,149053.56113,144102.981694,7334.65393,14564.462544,29207.14957,87446.94039,68.28314173611112,116400906.0,3,6,2023
2023-06-16,0.0,0.0,1486026.5129200001,26050.91641,40.87,0.0,129937.99710000001,153291.324035,7275.1512,12867.462425,28540.907209999998,84164.31771,75.8886275,116225067.0,4,6,2023
2023-06-17,0.0,0.0,1381186.12497,23400.59593,42.370000000000005,0.0,134955.87928,140233.59214999998,7466.5345,11191.25636,33927.36458,54401.51287,93.35700524305555,108835028.0,5,6,2023
2023-06-18,0.0,0.0,1390021.97413,21402.5195,42.760000000000005,0.0,97818.06092,139081.795152,6698.158649999999,12733.937554,25279.10969,59762.426210000005,72.88895277777777,106502857.0,6,6,2023
2023-06-19,0.0,0.0,1423172.42326,37110.304260000004,45.06,721.82394,174083.16479,150435.799725,7397.34194,13758.78752,29641.51979,50943.94376,194.989495625,114540604.0,0,6,2023
2023-06-20,0.0,0.0,1457566.55732,49649.68605,42.68,2014.7386,228936.84533,152570.146046,6054.43585,14456.574873,30146.24971,93862.80849,134.89191375,116799094.0,1,6,2023
2023-06-21,0.0,0.0,1459256.42127,55604.77985,11.600000000000001,0.0,222277.77833,166791.442201,7194.2541,13914.625096,33972.03216,81795.03687,190.8070689583333,118066387.0,2,6,2023
2023-06-22,0.0,0.0,1505123.6601800001,46732.7056,51.910000000000004,1685.13145,201999.85542,134246.35670899999,2446.1865900000003,15061.774914,24087.13482,85027.4055,120.34545656249999,118688974.0,3,6,2023
2023-06-23,0.0,0.0,1438072.58582,24259.28282,50.480000000000004,0.0,140121.56585,152024.242657,4423.0287,16737.943945,24982.00722,98330.53914000001,85.93233125,114589973.0,4,6,2023
2023-06-24,0.0,0.0,1303181.61604,20357.569629999998,40.53,0.0,96294.93117,177162.878612,7475.35046,16872.599861,25752.747190000002,55219.51006,68.46185402777778,104137578.0,5,6,2023
2023-06-25,0.0,0.0,1254494.27279,6565.01217,41.42,0.0,99315.63439,166469.22617,6685.64737,17220.243774,24474.44234,80658.8411,64.27110552083333,100068264.0,6,6,2023
2023-06-26,0.0,0.0,1292914.65297,30481.43877,41.99,1123.01702,129506.67941,149656.550786,7351.90675,17273.662482,27372.654720000002,119347.99387,77.02921552083333,108013712.0,0,6,2023
2023-06-27,0.0,0.0,1321417.58205,46468.8622,51.5,1337.0328399999999,159574.45184,139740.466563,6919.64183,16647.106242,23306.92989,103215.19476,76.80668447916666,107516107.0,1,6,2023
2023-06-28,0.0,0.0,1340780.1282,44257.50438,42.68,2219.00075,181597.60805,152779.386421,6440.111169999999,16357.700131,25142.84732,74318.1048,95.98096472222223,109538067.0,2,6,2023
2023-06-29,0.0,0.0,1373046.9813,24097.96834,40.8,0.0,164706.63299,107499.250297,1674.9520499999999,16450.487638,21145.11986,129324.42803000001,87.40914631944445,111268556.0,3,6,2023
2023-06-30,0.0,0.0,1388202.90303,18326.741850000002,43.27,1292.00141,135399.70209,176144.829901,7970.02655,16476.837525,29870.52708,138726.7117,68.89206930555555,109634589.0,4,6,2023
2023-07-01,0.0,0.0,1510786.04577,6340.15552,40.83,0.0,118549.18434,132808.329722,3230.8919699999997,16154.668734,32903.81462,131643.78308,113.20204305555556,105356271.0,5,7,2023
2023-07-02,0.0,0.0,1497571.38508,16340.46934,44.04,0.0,131745.50624,123386.30385099999,4300.18406,13760.581211,23033.49986,129183.46687,94.0288232638889,105116332.0,6,7,2023
2023-07-03,0.0,0.0,1577207.65689,41012.97752,42.21,0.0,202642.47069000002,42310.93508,1103.62159,13091.456145,37638.84723,134980.85237,159.7448087152778,119418262.0,0,7,2023
2023-07-04,0.0,0.0,1582441.05582,54741.513510000004,38.64,0.0,241719.99003,43211.010839,1150.11177,13528.381336,32392.7748,86376.64379,148.7339142361111,119531641.0,1,7,2023
2023-07-05,0.0,0.0,1483970.04549,13053.02728,38.19,0.0,140320.07919,135324.449427,5532.33277,13736.418855,21859.58737,31456.07604,87.47990826388889,115221666.0,2,7,2023
2023-07-06,0.0,0.0,1473892.3043,8166.47264,40.230000000000004,1067.99245,126361.5137,124705.093982,3544.83694,13629.368724,24071.55229,62774.20226,79.49433052083333,113843122.0,3,7,2023
2023-07-07,0.0,0.0,1396136.47594,6467.87657,43.46,2261.46553,87622.57043,158100.517297,7756.84752,14040.043602,24981.05724,114954.56832,41.95875288194444,112876609.0,4,7,2023
2023-07-08,0.0,0.0,1326533.00937,12979.25771,44.76,0.0,64477.99026,158842.010444,7829.152590000001,14667.56251,34881.49448,127816.10191,39.501043645833334,107801116.0,5,7,2023
2023-07-09,0.0,0.0,1320010.83214,15718.36359,44.21,0.0,74063.78329,168779.893018,5740.34904,14846.331315,28599.24218,134105.6038,44.04279586805555,107927888.0,6,7,2023
2023-07-10,0.0,0.0,1428923.52248,34224.31764,40.800000000000004,0.0,111198.08688,183619.119711,7561.5015300000005,13150.381175,26285.68466,109718.20454,58.84538798611111,116428819.0,0,7,2023
2023-07-11,0.0,0.0,1445125.85907,40111.11177,41.36,0.0,209343.50639,173220.489686,7549.9675099999995,14077.618788,24788.09222,81755.17351000001,78.67770572916666,115740937.0,1,7,2023
2023-07-12,0.0,0.0,1506767.12394,21519.12758,42.76,0.0,188798.86336,154557.925582,6592.11464,14994.581236,23196.51473,102978.17263,71.5659348263889,118465703.0,2,7,2023
2023-07-13,0.0,0.0,1445053.15797,19587.8665,42.57,0.0,156128.38472,149938.504329,4545.21531,15248.343806,23698.25224,138625.68103,68.05696697916666,117180616.0,3,7,2023
2023-07-14,0.0,0.0,1417766.99026,13142.462860000001,42.0,0.0,98613.20703,181946.425948,7310.22031,16043.818774,34415.41195,122583.43145,42.34514625,115502598.0,4,7,2023
2023-07-15,0.0,0.0,1431417.42863,95.71392,42.83,0.0,100075.42514,178724.198454,7124.59047,15339.850033,32842.03711,75883.03467,62.456042777777775,108387604.0,5,7,2023
2023-07-16,0.0,0.0,1417161.91482,6595.74885,45.99,0.0,111251.14045,150769.145147,5961.34086,14442.250005,28982.35717,79644.46184,69.7471929513889,106879744.0,6,7,2023
2023-07-17,0.0,0.0,1488371.21614,15150.54933,40.2,0.0,168832.98097,127148.57550199999,5328.71903,14639.331274,27975.55721,120580.66123,94.30753788194444,118610311.0,0,7,2023
2023-07-18,0.0,0.0,1507100.31287,11802.98037,41.74,0.0,128805.85609,116994.292883,3425.9656,14152.831205,22091.7574,65673.68845,82.76971097222223,118225948.0,1,7,2023
2023-07-19,0.0,0.0,1436247.09549,19301.96252,40.45,0.0,156547.60441,158359.738536,7555.52413,13289.662447,29886.57224,99770.45423,64.00634590277778,114537972.0,2,7,2023
2023-07-20,0.0,0.0,1396338.37612,21846.03947,40.69,774.99612,163746.05662,182917.56557,7526.20873,12731.906275000001,27481.87973,70590.80739,56.48377986111112,115799559.0,3,7,2023
2023-07-21,0.0,0.0,1452716.98532,21032.51875,40.75,0.0,170385.14721,166838.902995,6394.66878,14148.199957,28816.527140000002,54802.490639999996,82.21534899305556,113575215.0,4,7,2023
2023-07-22,0.0,0.0,1406971.35919,8339.22754,44.440000000000005,0.0,109521.95163,158620.45450300002,8350.04985,15174.818851,28685.19956,76532.42897,57.28138649305556,107244920.0,5,7,2023
2023-07-23,0.0,0.0,1413806.72224,6019.57688,41.93,0.0,106785.23251,163213.55897399999,7546.35877,14477.581264,28674.19465,46197.00994,78.0085357986111,109077472.0,6,7,2023
2023-07-24,0.0,0.0,1543896.77927,20628.34475,42.32,0.0,163967.52455,96029.660888,2713.8207899999998,16149.074977,30211.41463,89086.51179,114.85852829861112,122436803.0,0,7,2023
2023-07-25,0.0,0.0,1384861.84021,25319.53998,43.38,0.0,143071.04923,164073.448921,8255.45821,15383.056245,37564.43698,137330.59644,100.80396743055555,116861709.0,1,7,2023
2023-07-26,0.0,0.0,1450009.90275,20066.96653,43.24,0.0,153585.62791,168346.796476,8168.91875,15780.28757,34255.8696,141599.03892,99.5124420486111,117868436.0,2,7,2023
2023-07-27,0.0,0.0,1442624.55249,19793.09806,44.35,0.0,136139.05355,153015.15742499998,7973.39409,14822.837373,17769.7475,118662.30415,71.26250861111112,116788662.0,3,7,2023
2023-07-28,0.0,0.0,1423092.71693,19514.3822,40.2,0.0,142561.29736,183026.794022,8089.18397,15384.656337,27507.78481,62840.42366,71.5321965625,113438755.0,4,7,2023
2023-07-29,0.0,0.0,1371108.30784,9499.76321,40.56,0.0,91784.81796,193195.952789,8098.86089,16043.943736,29382.357210000002,55066.16181,56.70901895833333,105271466.0,5,7,2023
2023-07-30,0.0,0.0,1379158.67243,7766.39298,39.36,0.0,90741.80257,156573.446025,6908.33278,14610.631094,21009.777280000002,53968.06444,41.585509340277774,104178146.0,6,7,2023
2023-07-31,0.0,0.0,1389667.324,13088.83631,42.290000000000006,0.0,117783.88661999999,191717.86344299998,6138.4504,15534.674989,31953.75959,62453.14016,64.29343784722222,112566326.0,0,7,2023
2023-08-01,0.0,0.0,1395228.32501,54951.44941,42.81,1397.84736,162761.59773,162391.078535,7836.53616,16771.231271,35244.872,87636.77382,150.30693281249998,111784463.0,1,8,2023
2023-08-02,0.0,0.0,1419514.74284,16655.50406,42.910000000000004,6271.68792,121342.20157,165676.141263,7607.48459,19223.28762,27657.78729,165388.27297,74.78791034722222,114263805.0,2,8,2023
2023-08-03,0.0,0.0,1363582.07553,14461.27935,40.06,0.0,98557.22901,159133.943137,7028.41457,19599.206337,42297.38957,154861.58983,50.21067277777777,114473224.0,3,8,2023
2023-08-04,0.0,0.0,1348373.41447,2501.0016400000004,46.22,0.0,90357.24799999999,195088.589068,6225.50539,18406.06886,38590.40715,122931.35112,44.11952854166666,113968524.0,4,8,2023
2023-08-05,0.0,0.0,1358542.14714,6343.85465,42.83,0.0,93758.8971,172676.744677,7916.56341,17716.300028999998,39538.10464,103712.03821,43.581006423611115,105650428.0,5,8,2023
2023-08-06,0.0,0.0,1398107.91118,10653.871589999999,39.9,0.0,97521.56521,209103.627377,7914.11699,17892.768606,42840.43463,98650.70673,69.37386232638889,105274727.0,6,8,2023
2023-08-07,0.0,0.0,1414083.80104,30386.67063,44.43,0.0,122916.59464,194071.848693,6169.10103,19457.587419,41692.90477,94613.10139,81.03189350694444,113557406.0,0,8,2023
2023-08-08,0.0,0.0,1392648.05616,22754.45285,40.0,0.0,130409.13104000001,192509.895139,6400.67678,19692.881139,40025.29211,111377.56972,95.45728795138889,113259101.0,1,8,2023
2023-08-09,0.0,0.0,1338950.4031,6156.71028,40.58,0.0,103490.00499,195397.570131,7842.90731,19114.274883,39136.16224,107303.40474,55.844946354166666,112648114.0,2,8,2023
2023-08-10,0.0,0.0,1308608.77287,15824.79752,37.419999999999995,2244.0531,114979.02656,188708.038593,7506.26679,17753.931147,46270.84957,64568.04225,84.39517288194445,110793193.0,3,8,2023
2023-08-11,0.0,0.0,1379266.90586,10764.11593,40.97,0.0,116980.79248999999,169803.192305,7641.5484,16991.943745,38344.85975,55860.15384,52.384317395833335,108188063.0,4,8,2023
2023-08-12,0.0,0.0,1328716.9133900001,2422.9624,39.08,0.0,106148.07718,170230.843798,6710.29517,17528.931146,48478.85458,46392.88188,47.78972684027778,100306094.0,5,8,2023
2023-08-13,0.0,0.0,1340122.01039,6427.0558,40.3,0.0,101315.60162,158188.174303,8111.66605,17164.48764,53698.12939,53938.17543,52.04571673611111,98143031.0,6,8,2023
2023-08-14,0.0,0.0,1359674.84545,36257.8338,40.2,0.0,90411.70915,195331.506215,7971.63076,15985.731313,54298.41424,65980.794,93.68852628472222,105215897.0,0,8,2023
2023-08-15,0.0,0.0,1399764.01035,32790.92125,40.53,2607.00074,146480.03254,216870.275581,6500.19291,17102.249905,45038.529650000004,103573.62958,134.09355791666667,106365494.0,1,8,2023
2023-08-16,0.0,0.0,1306732.48728,23837.06482,42.3,2125.98519,147646.5746,183043.877007,7495.039949999999,18472.618628,26271.09,59151.62531,101.62013177083332,104306630.0,2,8,2023
2023-08-17,0.0,0.0,1316468.88197,25647.419139999998,40.47,5374.71558,149482.72662,193855.113831,5197.61705,16807.468628,28409.8725,97229.68261999999,95.70982635416668,108247200.0,3,8,2023
2023-08-18,0.0,0.0,1361011.3086899999,9718.81166,41.49,0.0,138241.28561,160341.2597,2868.25034,17298.150006,28285.8275,108607.96718,61.491960937500004,108017783.0,4,8,2023
2023-08-19,0.0,0.0,1252070.1128,5507.81146,38.6,0.0,73866.60539,139811.099553,7955.06099,18358.600124,31923.81228,152680.1087,27.05934402777778,99890232.0,5,8,2023
2023-08-20,0.0,0.0,1242113.4430200001,18401.39843,40.2,0.0,86974.88507,161034.901349,8062.19959,19007.018719,46555.56699,110608.47569,57.31844243055556,99446147.0,6,8,2023
2023-08-21,0.9,0.0,1326905.14665,34419.7906,46.1,2305.99282,126735.30809,186296.070028,7999.10018,18231.899961,32109.6898,75186.12143,70.14293774305555,109052987.0,0,8,2023
2023-08-22,560.4,0.0,1399925.73354,24726.42382,42.11,0.0,130402.42023999999,181594.74121900002,7484.70266,18646.518914,33346.94225,76041.31752,68.82866409722222,108697574.0,1,8,2023
2023-08-23,2433.6,0.0,1395696.1972,25750.2917,40.93,0.0,111032.40467999999,192287.213498,8371.169460000001,14821.274953,38026.72211,112178.25694,60.839959236111106,107833516.0,2,8,2023
2023-08-24,2699.8,0.0,1414606.86387,5867.65733,40.629999999999995,0.0,146649.46597,195408.190219,8375.450270000001,14563.275022,49386.28944,106246.03086,51.663643541666666,107925914.0,3,8,2023
2023-08-25,3221.900009,0.0,1408195.98081,13979.35303,40.39,0.0,133455.77192,190956.94421,6848.03765,18699.787366,50432.86939,121635.26087,49.74318836805556,107468199.0,4,8,2023
2023-08-26,0.0,0.0,1382846.77818,52.20864,46.019999999999996,0.0,110133.31685999999,203406.071375,8509.42068,19818.456265,51068.54189,136690.91244000001,42.895861840277774,100882856.0,5,8,2023
2023-08-27,0.0,0.0,1368844.42014,5401.30954,43.4,0.0,112433.51366,174275.688824,7959.85992,19605.543579,45605.03445,129646.54751,42.588614201388886,99877837.0,6,8,2023
2023-08-28,63.5,0.0,1417926.01555,16299.955320000001,41.32,0.0,143446.04296,188795.796567,6148.65388,20453.187433,49632.87192,113417.42013,74.80941184027778,108461821.0,0,8,2023
2023-08-29,3571.200001,0.0,1401685.31537,8858.512560000001,41.4,0.0,108492.32049,203934.481386,7138.38933,19427.600106,42748.46948,104936.22186,55.76975506944444,105991526.0,1,8,2023
2023-08-30,3442.899997,0.0,1402493.43753,10952.18805,46.370000000000005,0.0,102148.8245,192165.605176,8054.33625,18682.681245,35565.5995,95415.622,62.876464999999996,106075027.0,2,8,2023
2023-08-31,593.5999979999999,0.0,1421161.22663,15709.7122,38.54,808.71865,95516.88079,188304.614921,8084.0145999999995,8663.806312,36728.80698,62518.96602,44.07916059027778,105633016.0,3,8,2023
2023-09-01,0.0,0.0,1413986.2010000001,32992.29374,40.2,0.0,108161.00435999999,177133.142512,9411.09307,12563.074934,43678.89924,81508.44443,60.20341194444444,105845992.0,4,9,2023
2023-09-02,0.0,0.0,1353530.93429,19534.64059,43.36,0.0,102106.89504,183358.758582,9025.34176,17457.706181,42042.31194,83606.59363,52.25877885416667,100984477.0,5,9,2023
2023-09-03,1088.0,0.0,1317164.74366,7465.08905,40.32,0.0,46729.089179999995,169169.45142,7019.33238,17378.587411,52102.22148,125333.19031,38.52272979166667,99913469.0,6,9,2023
2023-09-04,3773.299988,0.0,1402237.54289,22866.62767,40.64,0.0,88110.57519,202373.784731,5911.97931,19072.931142,47997.624,123957.24164,182.9333917013889,108728301.0,0,9,2023
2023-09-05,2807.899998,0.0,1320042.85435,16980.79597,41.41,0.0,100224.56915,131346.72254,8184.38308,18932.693778,33142.57199,119666.0304,44.89839833333334,106913745.0,1,9,2023
2023-09-06,2367.8,0.0,1331608.95589,8794.8819,42.83,0.0,69095.50773,169478.019006,8016.37815,17406.562521,41076.47444,69677.44966,123.62300604166666,106510371.0,2,9,2023
2023-09-07,3384.2,0.0,1343573.12804,7858.80337,46.61,0.0,78900.76539,150457.162722,8100.31992,15496.518632,32242.621900000002,135299.97117,52.82846753472222,107338577.0,3,9,2023
2023-09-08,3410.599999,0.0,1354349.70999,7884.01128,41.16,0.0,87355.70948,162682.996392,5830.61757,16319.168637,37822.37188,105346.28129,57.799848125000004,108286060.0,4,9,2023
2023-09-09,690.499991,0.0,1294357.9709,4857.61655,40.92,0.0,81463.66617,119577.277834,8654.85794,16605.606234,44356.641840000004,149492.26945,36.304606319444446,98500669.0,5,9,2023
2023-09-10,0.0,0.0,1347031.9159900001,11311.21964,40.879999999999995,0.0,76901.56145,164880.591755,8311.37206,17396.806161,49215.75683,128078.52917,48.536735972222225,100271503.0,6,9,2023
2023-09-11,0.0,0.0,1383446.02081,28928.87944,40.85,0.0,89994.25552,194543.729853,8022.22238,15251.350148,50535.50193,157210.56444,76.209311875,107656347.0,0,9,2023
2023-09-12,0.0,0.0,1342843.8019,15944.13297,38.879999999999995,0.0,94463.17441,202023.387382,9378.351059999999,18629.049964,49942.346900000004,137736.49429,65.26245267361111,106798801.0,1,9,2023
2023-09-13,0.0,0.0,1375817.59303,11406.4898,42.3,0.0,86279.5179,177756.090687,7443.26423,17352.018663,48499.33695,108503.30411,65.93735295138889,106495512.0,2,9,2023
2023-09-14,0.0,0.0,1338140.23768,2068.45086,40.2,0.0,75261.1751,195840.062314,7638.06177,19158.381283,42661.42704,116015.72743,39.6132253125,105561384.0,3,9,2023
2023-09-15,0.0,0.0,1336472.7052499999,60.90912,40.2,0.0,82560.24841,176042.592857,9390.492269999999,19270.050048,49339.54915,108661.94334,29.366615729166668,104781258.0,4,9,2023
2023-09-16,0.0,0.0,1243315.03406,6627.01031,44.22,0.0,84925.17447,103864.66737,8731.26256,19970.418813,52063.57913,86249.38458,24.6148903125,96907122.0,5,9,2023
2023-09-17,0.0,0.0,1224619.26248,60.90912,41.61,0.0,90029.88944,133874.130049,8642.192860000001,19370.849949,43399.05452,91117.01279000001,34.32063263888889,94948834.0,6,9,2023
2023-09-18,0.0,0.0,1283321.37693,20928.13149,41.769999999999996,0.0,97410.53354,199003.696047,9085.19507,17940.487656,55411.1318,93278.66271,54.387748125,103562092.0,0,9,2023
2023-09-19,0.0,0.0,1246988.20904,9779.09932,40.34,0.0,109968.73812,232243.420318,9347.69481,18250.149952,47064.87437,111320.50193,45.66417701388889,104036734.0,1,9,2023
2023-09-20,0.0,0.0,1214370.63551,8538.65873,40.96,0.0,105836.94183,229060.215681,9035.3021,17953.481322,55725.26421,65510.60449,38.803973506944445,105231796.0,2,9,2023
2023-09-21,0.0,0.0,1254802.32054,22923.46186,40.209999999999994,0.0,116855.81179,214826.899806,8653.53552,17875.768816,56421.0917,105989.12444,46.88053934027778,109893737.0,3,9,2023
2023-09-22,0.0,0.0,1260614.84548,14297.147050000001,40.2,0.0,126474.17348,232448.428603,7919.45388,16317.000158,36553.20722,163571.44058,43.49567138888889,106711394.0,4,9,2023
2023-09-23,0.0,0.0,1249659.55426,8986.89553,41.88,0.0,70594.25856,202817.024379,9065.71016,17003.243749,51534.07667,161344.46882,28.598250277777776,98970811.0,5,9,2023
2023-09-24,0.0,0.0,1273204.71662,4306.94781,43.76,0.0,74957.10841,158317.472344,8609.88277,18596.531243,52808.50179,140287.26252,25.954497812499998,97359000.0,6,9,2023
2023-09-25,0.0,0.0,1318788.61593,17209.15868,41.46,0.0,79520.41424,212293.690482,9075.98009,19613.406218,65195.10902,100951.8468,32.20231315972222,103752829.0,0,9,2023
2023-09-26,0.0,0.0,1274113.92168,19391.82712,42.09,0.0,100156.95294,192450.510607,9102.84784,18946.168582000002,61548.72404,91975.26699,36.76421197916667,102004203.0,1,9,2023
2023-09-27,0.0,0.0,1321693.4512,14020.5294,40.75,0.0,92401.45998,195964.677947,8468.2174,19403.525066,57357.72151,76752.01911,35.68290736111111,103623171.0,2,9,2023
2023-09-28,0.0,0.0,1391325.95105,16227.03391,4.16,0.0,82916.84019,187154.510474,5644.6513,18972.419034000002,54661.68431,114043.29293,42.36004402777778,106173639.0,3,9,2023
2023-09-29,0.0,0.0,1324365.7560999999,3356.60566,0.0,0.0,85788.79954,189057.662144,7935.1799200000005,19403.349967000002,51861.2418,129180.35023,32.608578368055554,104564536.0,4,9,2023
2023-09-30,2896.699997,0.0,1234197.62932,98.61696,0.0,0.0,66228.38864,151297.555968,8718.07495,15421.631261,49395.6244,104753.47578000001,26.61954017361111,97482001.0,5,9,2023
2023-10-01,3614.8,0.0,1171697.08556,8188.31856,0.0,0.0,62023.61289,112501.884645,8812.59823,17625.481187,44877.30436,122948.05114,10.65129138888889,95650677.0,6,10,2023
2023-10-02,1297.900005,0.0,1194879.9626200001,11036.69875,0.0,0.0,55052.53698,158710.181658,8846.87605,18381.962494,55604.601630000005,100975.32973,23.75960527777778,96898351.0,0,10,2023
2023-10-03,1415.000002,0.0,1199485.74778,7006.92898,0.0,0.0,73189.56858,212072.148499,9198.75879,18523.993753,60529.63167,133543.81589,49.040035277777775,105242318.0,1,10,2023
2023-10-04,3782.599998,0.0,1213175.80582,8732.34139,0.0,0.0,84513.83127,237817.951847,8141.59808,14825.581338,55755.76689,106053.93897,67.55567802083333,107938119.0,2,10,2023
2023-10-05,3613.5,0.0,1208591.08898,17283.754680000002,41.7,0.0,119096.56104,179050.419845,5892.49732,17635.587451,44648.54696,56685.35659,42.96284680555556,108246768.0,3,10,2023
2023-10-06,3813.7999999999997,0.0,1199211.56168,6308.22301,40.93,0.0,126154.36143,209261.48787399998,9809.37703,18302.131237999998,38943.81951,85619.796,27.243995520833334,103532230.0,4,10,2023
2023-10-07,3985.2,0.0,1153828.10739,63.80928,38.6,0.0,66632.76092,230006.964661,8308.44225,18780.468732,58922.70935,119993.28879,38.962267743055556,98442417.0,5,10,2023
2023-10-08,3965.4,0.0,1184437.47909,63.80928,40.989999999999995,0.0,53739.96351,189952.032981,8599.15634,17374.974876,50474.97935,134569.30704,33.623583923611115,97440639.0,6,10,2023
2023-10-09,4133.500002,0.0,1290711.66096,63.80928,42.25,0.0,70619.07881,207000.190673,8775.10188,15642.762443,51055.79681,104835.66145,32.07903357638889,104644005.0,0,10,2023
2023-10-10,4039.99999,0.0,1317535.21764,2895.83738,40.239999999999995,0.0,98108.85437,170413.684166,8214.07195,15183.356259,24324.14995,81948.01788,40.28928326388889,103442248.0,1,10,2023
2023-10-11,3839.700001,0.0,1297316.32241,2540.57132,41.300000000000004,0.0,96253.963,179561.982702,7661.45206,15760.699865999999,18435.09,99280.98387,33.548394270833334,104941396.0,2,10,2023
2023-10-12,4215.800005,0.0,1252442.01267,3853.38584,42.260000000000005,0.0,103683.64325,174418.251015,8987.58598,14633.462492999999,18271.9975,137873.74792,18.692693819444443,105699091.0,3,10,2023
2023-10-13,4568.300007,0.0,1233322.70092,84.11328,41.0,0.0,82596.53193,200207.766083,9638.298,13954.774963,35036.18957,137556.40061,16.03481607638889,107050653.0,4,10,2023
2023-10-14,2349.9999900000003,0.0,1215242.69958,84.11328,41.14,0.0,51044.98109,182151.01921,9530.22951,16832.743719,55301.21407,95313.49423,16.510363784722223,100826527.0,5,10,2023
2023-10-15,4080.299999,0.0,1251054.04183,3345.5961899999998,42.41,0.0,49248.23933,211147.883027,9166.357610000001,16170.575127,56824.31657,65996.23300000001,29.42569642361111,100789502.0,6,10,2023
2023-10-16,4196.200003,0.0,1298569.80958,1680.3632699999998,40.47,0.0,90008.41647,237474.647638,8321.79217,15016.737528,54406.27653,121583.15155,86.62729211805555,113034805.0,0,10,2023
2023-10-17,3559.700003,0.0,1216057.06301,84.11328,40.27,0.0,68164.30208,256099.463736,9886.81814,13162.674899,44937.24436,112400.17074,39.16601704861112,104877685.0,1,10,2023
2023-10-18,3948.900011,0.0,1244576.0474099999,11751.43924,40.160000000000004,0.0,75285.05666,247138.887435,9582.97401,9823.725036,53003.11421,105460.39121,71.21401350694445,106282462.0,2,10,2023
2023-10-19,4047.900001,0.0,1325779.1725299999,7788.562690000001,39.37,0.0,78789.98191999999,254947.005814,9390.4014,14249.762524,39864.444410000004,61326.2544,54.193835347222226,105472732.0,3,10,2023
2023-10-20,4319.100004,0.0,1316794.3818,2340.13212,40.2,0.0,62297.861880000004,257531.221365,9338.32465,17542.212316,45178.97185,63947.52895,34.19116621527778,104828806.0,4,10,2023
2023-10-21,4174.200001,0.0,1293152.3042000001,4162.79188,0.0,0.0,34541.68057,199604.29878,8882.56402,17490.924954000002,56513.09652,60256.12296,28.64892253472222,100104987.0,5,10,2023
2023-10-22,3193.000001,0.0,1269032.62186,3326.29027,42.21,0.0,65280.01731,186363.879739,8490.56028,17307.056006,38282.44197,68482.84511,17.656457604166665,103085954.0,6,10,2023
2023-10-23,3840.7000009999997,0.0,1316999.79941,13219.65237,43.64,0.0,102277.46219,260997.334801,8708.52189,17566.93744,50940.55934,36953.61161,33.39438784722223,117159482.0,0,10,2023
2023-10-24,4147.300003,0.0,1357660.75606,15075.70808,43.239999999999995,0.0,106996.68363,261433.331648,8767.43819,17726.474917,48289.69188,49683.84123,45.69744677083333,116868530.0,1,10,2023
2023-10-25,4056.1,0.0,1343987.18635,10159.37947,40.55,0.0,107784.03255,242776.563461,8692.49684,16926.456181,42895.77441,63089.14071,32.7187871875,119200333.0,2,10,2023
2023-10-26,4053.299999,0.0,1367314.44998,12428.01144,41.11,0.0,89647.23072,270591.974656,7941.49324,16131.150021,47588.55188,83936.72956,56.852122187499994,115740941.0,3,10,2023
2023-10-27,3881.200002,0.0,1355062.5398,72.51264,45.85,0.0,69533.68784,263875.574267,9159.19905,17536.049964,54940.94662,113432.84881,41.50248548611111,110946549.0,4,10,2023
2023-10-28,4672.90001,0.0,1244911.31551,72.51264,40.84,0.0,49355.23752,226539.81667600002,9814.59677,17845.937485,48606.70441,103761.77746,17.505189895833336,98936350.0,5,10,2023
2023-10-29,1198.799995,0.0,1263029.32316,72.51264,40.0,0.0,49118.49476,169956.648185,8292.39183,17515.006064,55462.03151,93657.33522,30.05204048611111,96086832.0,6,10,2023
2023-10-30,3982.499991,0.0,1266122.9227,5349.4273299999995,41.970000000000006,0.0,95294.40746,211167.806999,9220.77939,16562.668716,37789.55703,105168.4319,26.291246388888883,105407025.0,0,10,2023
2023-10-31,4081.200002,0.0,1273804.70814,13606.75297,40.2,0.0,102933.8322,220759.69608,8784.75119,15962.581176,44317.89193,113415.84696,52.41572899305555,114047238.0,1,10,2023
2023-11-01,3992.200005,0.0,1301657.88166,5350.70391,42.739999999999995,0.0,103804.63086,238256.200071,6960.6538199999995,14378.324996000001,39858.52933,95374.21281,56.32135798611111,111120855.0,2,11,2023
2023-11-02,3684.400006,0.0,1273100.50868,127.62144,41.69,0.0,88912.81091,252817.757144,9255.77946,13295.831223,43047.03687,122905.76012,47.4619984375,107690793.0,3,11,2023
2023-11-03,4109.300005,0.0,1366127.39963,127.62144,40.62,0.0,63145.89829,193730.871748,4703.31838,14276.081208,36923.9972,147541.63498,57.020806562500006,107977929.0,4,11,2023
2023-11-04,2972.200002,0.0,1331926.55321,127.62144,40.2,0.0,33308.43923,224625.402606,7897.92751,13784.24984,44830.16692,137806.79672,36.87250378472222,103220954.0,5,11,2023
2023-11-05,0.0,0.0,1416702.38919,127.62144,36.25,0.0,51394.99699,183310.906064,4478.69069,13067.474981,45720.18952,110961.53351000001,54.067659722222224,103270398.0,6,11,2023
2023-11-06,0.0,0.0,1432635.4414899999,127.62144,38.800000000000004,0.0,93469.29411,188219.267169,4900.36304,12334.181348,41289.33216,117629.74345,59.33662052083333,110024395.0,0,11,2023
2023-11-07,110.3,0.0,1334184.51252,127.62144,41.059999999999995,0.0,103265.1963,223918.901445,8165.2569,14382.937455,41148.22205,115356.6829,53.475047187499996,107405624.0,1,11,2023
2023-11-08,1153.9999970000001,0.0,1390807.90989,6065.21118,38.6,0.0,127844.09917,218000.60993900002,7017.76016,14351.700117,41373.30432,94924.01883,91.48997194444445,107385165.0,2,11,2023
2023-11-09,0.0,0.0,1346903.67669,18954.34696,39.4,0.0,168037.15746000002,268602.057584,8990.63852,13253.850006,48119.679430000004,92345.98282,75.58055083333333,107717936.0,3,11,2023
2023-11-10,3661.699999,0.0,1359272.02801,9865.93114,40.63,0.0,140461.49061,291639.578612,8331.88048,13689.487563,53486.871719999996,94158.87792,66.62358829861111,109360672.0,4,11,2023
2023-11-11,3863.000005,0.0,1274634.01732,6624.89903,40.08,0.0,129372.74007,231715.415009,8798.75705,13069.593525,36718.77949,119230.72716000001,86.11148697916667,102923728.0,5,11,2023
2023-11-12,4122.800001,0.0,1277224.58268,15378.11903,40.31,0.0,134894.88664,200029.805154,9098.64155,12987.900084,39638.56937,117846.59915,99.14475541666667,101388434.0,6,11,2023
2023-11-13,4024.900007,0.0,1355898.29795,21810.384710000002,40.2,0.0,152873.6236,290618.679164,8772.65338,13114.162626,47622.7042,86661.1262,63.406558368055556,114842261.0,0,11,2023
2023-11-14,4143.699997,0.0,1373214.73377,32525.13955,38.33,2337.0155299999997,154283.09348,290927.85885,8808.911250000001,10805.774963,59671.04146,92914.14480000001,89.85650940972222,117224137.0,1,11,2023
2023-11-15,4149.399992,0.0,1458273.1273400001,42226.066920000005,40.0,1584.00698,178822.9701,286397.640065,7889.6197,11446.706277,52572.84186,57375.79767,106.55512854166666,123459364.0,2,11,2023
2023-11-16,4354.599989,0.0,1509812.11195,45100.86436,39.89,10443.1591,221841.82835999998,251025.235607,7015.91608,12215.100001,49141.4944,54896.50916,181.45130618055555,128620143.0,3,11,2023
2023-11-17,4350.099994,0.0,1489642.42306,25093.14284,40.15,0.0,204273.50585000002,264446.790208,7750.0392600000005,12806.831246,37043.84466,85049.30584,85.27990236111111,122422090.0,4,11,2023
2023-11-18,4333.099994,0.0,1359921.06735,121.81824,41.05,0.0,86083.21064,201231.890147,8406.14727,15728.750762,43228.46435,139231.52602,42.97426930555556,105974089.0,5,11,2023
2023-11-19,4061.599998,0.0,1399689.54401,11998.277689999999,40.2,0.0,109937.51535,160421.857434,5861.58488,16532.313894,38592.779500000004,137921.47903,67.32991597222222,104525282.0,6,11,2023
2023-11-20,3966.199998,0.0,1616950.0746,12126.97197,0.01,0.0,143641.67638,148118.675828,2685.34616,13877.775152,36548.48469,115641.95434,109.69588083333333,119977874.0,0,11,2023
2023-11-21,4345.600007,0.0,1517453.17936,9443.74073,0.0,0.0,169054.18473,207400.64702,6713.85445,13277.175009999999,38686.52215,88971.74363,99.66336409722221,119891379.0,1,11,2023
2023-11-22,4745.000027,0.0,1476980.02224,3648.3980000000006,0.0,0.0,165667.34417,175725.17362000002,4254.36947,13239.262647,20355.744740000002,85311.46825,79.0408625,120052409.0,2,11,2023
2023-11-23,4019.799999,0.0,1414042.37152,136.32192,0.0,0.0,139327.15673,152532.68753599998,4387.75234,11653.162498,18558.2398,96965.53734,69.15163572916667,116007857.0,3,11,2023
2023-11-24,4103.700005,0.0,1372513.18654,5883.29748,38.96,0.0,157950.10999,168397.078152,4628.15366,12595.068708,23642.47475,118377.69225000001,67.90360256944444,113685924.0,4,11,2023
2023-11-25,4287.099983,0.0,1388253.40631,156.62304,40.44,0.0,138893.29892,126567.167644,3993.60385,12257.756222,11065.34246,74576.86456,69.84171371527778,108298708.0,5,11,2023
2023-11-26,4211.000013,0.0,1252887.82247,156.62304,40.260000000000005,0.0,117767.52499,176496.34511,6192.94478,13513.200027,9600.6824,53974.24811,53.585787118055556,106948656.0,6,11,2023
2023-11-27,46.6,0.0,1363339.9625,14887.2718,6.81,0.0,130091.3404,156642.695873,5595.83742,14279.400189,9258.87494,48009.07107,62.86722628472222,119552430.0,0,11,2023
2023-11-28,3511.799998,0.0,1410235.37723,4427.58548,40.49,0.0,130047.76067,135048.855145,2771.75121,13525.124924,18633.92481,47001.68126,72.57576704861111,123668281.0,1,11,2023
2023-11-29,3985.700006,0.0,1375236.18149,9039.24818,39.690000000000005,0.0,82272.38527,234967.52020600002,6751.9918,13307.962554,27996.28706,67738.34366,42.557449201388884,120483909.0,2,11,2023
2023-11-30,3908.7999919999997,0.0,1350196.96217,21404.85924,36.739999999999995,0.0,104523.3735,263805.359752,9652.53369,14087.474872,40741.94435,48800.7984,41.86527506944444,123990883.0,3,11,2023
2023-12-01,3338.099999,0.0,1467539.37377,20223.9277,40.66,0.0,104703.11831,205961.335817,6583.59577,13061.418671,34800.282,43029.59913,83.49101263888889,129775072.0,4,12,2023
2023-12-02,3512.099999,0.0,1400976.1559899999,22457.61361,40.68,0.0,77306.0613,254790.295743,8641.53196,8276.868817,39214.57189,56688.85001,75.51874670138889,122084493.0,5,12,2023
2023-12-03,0.0,0.0,1392686.89985,32168.842959999998,0.0,0.0,86615.72927,214363.576818,8179.94253,11841.168797,41736.46696,22644.69574,74.94301479166667,118778253.0,6,12,2023
2023-12-04,2486.699999,0.0,1450725.36914,22967.97525,40.36,0.0,84460.90794,300103.461461,9024.63392,15449.207495,50733.961709999996,57398.02796,90.24092277777777,124518214.0,0,12,2023
2023-12-05,4062.500005,0.0,1451771.35734,28190.722289999998,39.79,0.0,107130.37467,287296.92953,8031.36059,18963.348848,44611.97442,100835.13987,106.31548479166668,121172733.0,1,12,2023
2023-12-06,4003.999991,0.0,1407496.63664,24282.93993,41.05,0.0,139559.16735,318115.626573,9242.29962,18417.436999999998,45618.3619,92175.85931,76.64183739583332,122346741.0,2,12,2023
2023-12-07,1075.800004,0.0,1433187.465,27462.80182,40.91,0.0,129569.92242999999,316108.630637,9217.65554,18642.485228999998,46500.73703,93679.43244,93.309474375,121525971.0,3,12,2023
2023-12-08,3757.200002,0.0,1436755.73037,22170.59568,40.26,0.0,133292.79439,307847.836706,9327.948269999999,13211.083461,38226.62968,119427.42881,66.4178196875,121863507.0,4,12,2023
2023-12-09,3864.800001,0.0,1356451.54306,12520.71802,40.849999999999994,0.0,117238.83214,266722.770901,9264.89146,17139.16903,52635.5417,111503.76963,46.4225065625,114498683.0,5,12,2023
2023-12-10,3573.6,0.0,1328683.19906,713.23175,40.629999999999995,0.0,69444.87428,234580.40110299998,9573.51143,17581.33663,49163.8293,151250.01279,21.005191979166664,113015022.0,6,12,2023
2023-12-11,3549.7,0.0,1423719.99624,15770.44597,40.45,0.0,97859.64661,210278.235926,9331.88557,17496.532223000002,45556.19205,131542.44016,69.01741899305556,120151120.0,0,12,2023
2023-12-12,1397.800005,0.0,1445794.68596,13223.867110000001,41.68,0.0,118822.70381,248489.19738300002,9417.78571,17869.601876,45914.57717,125040.84270000001,78.00848614583333,120961154.0,1,12,2023
2023-12-13,0.0,0.0,1425326.96096,15904.25797,40.2,0.0,129170.36581,260004.092642,9241.21357,19575.963042,53386.852100000004,150769.63604,68.72955354166668,122031870.0,2,12,2023
2023-12-14,0.0,0.0,1447852.09412,54103.97963,39.33,6677.42504,215416.79633,251936.632217,8643.30638,19139.191944000002,66116.10955,120898.23926999999,87.78211725694445,127761833.0,3,12,2023
2023-12-15,0.0,0.0,1500633.17681,33146.589570000004,39.66,0.0,188181.1764,237178.43181500002,7832.7692,19654.649025,63194.72691,61823.55673,101.37669680555557,135847948.0,4,12,2023
2023-12-16,3900.600008,0.0,1419369.00627,30797.1147,40.239999999999995,0.0,132405.28675,209966.439807,7881.16705,19631.37528,41762.95716,72408.09604,88.51552927083333,130358903.0,5,12,2023
2023-12-17,3883.299997,0.0,1431521.01931,28799.41239,40.31,2295.03521,150031.16499,247403.697526,7102.8249,17594.8108,45975.03949,118608.26471,99.00121715277778,129552302.0,6,12,2023
2023-12-18,4018.3999989999998,0.0,1480313.82249,40936.70973,34.8,3157.02338,160885.05091,272329.978801,8727.45257,15317.686057,43298.151900000004,131604.39723,123.68193170138888,133941044.0,0,12,2023
2023-12-19,4488.800035,0.0,1412283.31705,26015.99536,40.11,0.0,186959.27559,289754.325773,8541.81787,18406.331139,48329.77201,109861.00424,93.87813819444445,130475607.0,1,12,2023
2023-12-20,5275.800011,0.0,1456877.90206,37440.75952,29.21,0.0,107289.76284,221349.556481,3965.52003,19089.821005,51215.18946,61600.04378,97.81046805555555,129379015.0,2,12,2023
2023-12-21,1445.800009,0.0,1466363.65953,4331.22477,42.79,0.0,163731.73458000002,170367.780942,3952.10209,19260.530967,35758.2898,56150.43103,107.85807746527779,129707470.0,3,12,2023
2023-12-22,0.0,0.0,1404256.20174,2565.7331200000003,41.79,0.0,71487.62762,179501.005084,5090.35234,19426.854354,39532.8146,52021.18593,52.426827430555555,124760103.0,4,12,2023
2023-12-23,0.0,0.0,1371703.41706,11544.74732,40.2,0.0,71793.44892,194863.972923,8000.20513,18442.646996,63989.69152,67565.4415,62.50083645833333,114534334.0,5,12,2023
2023-12-24,0.0,0.0,1384679.11736,75.4128,40.95,0.0,75036.20289,233197.115697,6630.14593,18316.788314,45333.82957,117100.92387,47.19365375,117764438.0,6,12,2023
2023-12-25,0.0,0.0,1300511.85842,13552.5288,41.099999999999994,0.0,56867.34857,128597.116152,7403.56944,18295.382988,61892.80925,91925.22528,36.30107284722222,114794535.0,0,12,2023
2023-12-26,0.0,0.0,1346233.91105,13171.62867,41.33,0.0,79575.39976,194989.33231599999,6902.0924700000005,12847.059242,37807.872090000004,61004.620670000004,45.991850069444446,119155222.0,1,12,2023
2023-12-27,0.0,0.0,1393280.14401,29406.34679,40.269999999999996,0.0,123930.25652,248640.536139,6628.71978,12897.360599,42382.89699,40143.10697,71.86847930555555,130163126.0,2,12,2023
2023-12-28,0.0,0.0,1436253.46221,40752.55843,42.13,2953.0400799999998,147021.1175,300873.391157,8974.52735,14154.325689,45922.14425,25442.80926,263.2873731597222,135220149.0,3,12,2023
2023-12-29,0.0,0.0,1439247.6586,49253.222089999996,38.7,3921.4105799999998,188313.04939,329903.306872,8894.45332,14975.943133,47563.7043,19897.59457,448.96308472222216,138460845.0,4,12,2023
2023-12-30,0.0,0.0,1412496.89186,9691.25603,39.81,0.0,93203.80948,188647.101811,2532.73094,14867.841787000001,39836.2596,64509.896980000005,69.68501555555555,130036443.0,5,12,2023
2023-12-31,0.0,0.0,1351399.42694,9735.65057,40.2,0.0,51299.6654,221400.89992,9042.82239,13977.136504,57882.43928,73191.008,34.690189270833336,113662161.0,6,12,2023
2024-01-01,0.0,0.0,1380702.02382,127.62144,40.25,0.0,62733.60594,230973.147624,7677.22789,11926.702944,33621.3697,103334.88673,45.55722913194444,116059465.0,0,1,2024
2024-01-02,0.0,0.0,1455221.43817,127.62144,42.15,0.0,78995.6987,240850.464409,7263.4278,15549.720732,39990.09459,83147.91039,49.76929104166666,122423097.0,1,1,2024
2024-01-03,0.0,0.0,1434670.16362,17619.8891,39.35,0.0,81123.27685,298697.697874,8880.09502,14923.979752,45753.34196,66480.01941,59.313044999999995,123608086.0,2,1,2024
2024-01-04,0.0,0.0,1489650.93695,15001.012279999999,42.1,0.0,126209.55697,289921.88818300003,7442.4456900000005,15250.724661,47799.2945,46025.55964,70.21878246527778,128916956.0,3,1,2024
2024-01-05,0.0,0.0,1455761.64393,7667.1582100000005,40.56,0.0,75441.47246,273302.594377,6837.80941,15337.124313,44952.09207,68222.10974,55.28605659722222,128667861.0,4,1,2024
2024-01-06,0.0,0.0,1381334.17003,2771.64943,40.17,0.0,34160.18894,239595.949208,7690.05781,16146.735756,50693.75935,119973.80821,40.798438194444444,117110926.0,5,1,2024
2024-01-07,0.0,0.0,1393227.68893,92.81376,40.54,0.0,72159.16248,228684.891621,7536.61136,16422.017096,40030.979699999996,104706.18667,45.67344399305555,113031169.0,6,1,2024
2024-01-08,0.0,0.0,1557255.26514,15438.33922,40.25,0.0,111858.0393,199925.128613,4995.49193,16282.311044,40595.05966,85446.40728,93.13424600694445,126807335.0,0,1,2024
2024-01-09,0.0,0.0,1552648.07511,26927.62546,40.209999999999994,0.0,121721.97411,196887.913223,6021.62993,15579.465177,44889.2045,59205.102,100.75256809027776,133046046.0,1,1,2024
2024-01-10,0.0,0.0,1587417.0644,27513.38323,39.64,0.0,136885.20294,224825.129222,8219.130509999999,16980.945851,43408.20948,55238.777910000004,108.30430444444444,133707586.0,2,1,2024
2024-01-11,0.0,0.0,1527206.21848,11653.13349,42.61,0.0,128267.74748,228439.404599,8390.75451,16830.414246,31471.26236,86565.56458,78.9205096875,129109698.0,3,1,2024
2024-01-12,0.0,0.0,1440964.17844,16680.12084,38.67,0.0,113895.47007,275162.284985,9001.852789999999,15261.303778,36073.29469,135263.65384,70.12702909722222,125973205.0,4,1,2024
2024-01-13,0.0,0.0,1413482.16839,8793.11231,40.97,0.0,92404.35975,252928.656782,7618.44902,18427.675464,47008.68205,87678.13709999999,57.51924423611111,121746636.0,5,1,2024
2024-01-14,0.0,0.0,1382209.14054,19924.3832,41.769999999999996,0.0,85584.27761,254397.098008,8701.41318,18817.90676,52093.02433,63904.14951,70.1751579861111,120294637.0,6,1,2024
2024-01-15,0.0,0.0,1431285.78928,6719.8561,42.550000000000004,0.0,103651.96127,227785.457415,7291.54461,19027.041661,32805.60729,74455.34003,76.50010284722222,128823294.0,0,1,2024
2024-01-16,0.0,0.0,1432771.23246,15032.51953,38.19,0.0,125598.72556,232389.853015,6525.685930000001,14934.305266,29231.6799,89576.74538000001,87.97531190972222,129240473.0,1,1,2024
2024-01-17,0.0,0.0,1533073.10472,31245.21657,40.16,4350.00534,213225.80709,238821.110953,6548.29219,17885.472558,38084.20222,85873.53643000001,118.16786013888888,132328126.0,2,1,2024
2024-01-18,0.0,0.0,1602189.61839,63493.71323,40.44,14225.61677,194974.88484,174054.993113,4909.73401,17254.339702,48684.3044,55716.959989999996,216.42502711805557,138440319.0,3,1,2024
2024-01-19,0.0,0.0,1563716.89185,52668.85654,41.81,6829.17838,204321.52802,202472.991128,5530.90794,18344.650502,40638.48967,32524.584300000002,553.2529370486111,140008444.0,4,1,2024
2024-01-20,0.0,0.0,1568221.8620799999,27089.31511,42.56,5317.99426,176908.13285,190620.263552,6994.38361,17602.537464,43710.35705,46145.8296,130.57498086805555,132486961.0,5,1,2024
2024-01-21,0.0,0.0,1524386.40571,51853.14966,38.87,14331.82755,173928.80011,285488.731928,8610.91335,19041.092992,53164.54201,41321.07806,679.3247637152778,132917685.0,6,1,2024
2024-01-22,0.0,0.0,1601953.64323,46545.85967,38.19,18540.46063,207473.05966,311204.922295,8067.24013,17538.04005,39038.73973,57475.22224,200.67192343750003,147465626.0,0,1,2024
2024-01-23,0.0,0.0,1475691.84006,11437.30633,39.96,0.0,121807.84323,260678.180046,8022.59523,18523.513043,36826.00218,131285.58849,78.88131496527778,139997985.0,1,1,2024
2024-01-24,0.0,0.0,1442264.6682,24446.53659,40.12,5221.0287100000005,142941.29134999998,261356.254447,9205.84817,19582.748672,41708.96455,101431.62538,98.3185873611111,132359078.0,2,1,2024
2024-01-25,0.0,0.0,1464297.69005,31980.959450000002,40.39,6637.73015,200532.45544,222420.33751500002,9407.39837,19182.778077,45485.70953,125290.8479,94.21876951388889,133678071.0,3,1,2024
2024-01-26,0.0,0.0,1476120.44644,42257.63585,38.93,12853.50939,158320.66857,176746.303441,6400.83312,18686.92495,44857.28952,119039.52288,149.0064208333333,136638394.0,4,1,2024
2024-01-27,0.0,0.0,1529763.1654400001,59833.99069,38.78,22580.88988,196140.38547,219624.002341,7408.65161,18374.126776,46175.90709,79406.75544000001,491.2699644791666,144761659.0,5,1,2024
2024-01-28,0.0,0.0,1538721.22994,47102.70192,40.480000000000004,9102.067570000001,226500.84161,154652.924704,5373.09048,18818.821961,35021.35728,44445.35084,215.24596229166664,141545016.0,6,1,2024
2024-01-29,0.0,0.0,1582545.91092,69551.00265,42.21,21576.29981,296745.89943,163522.622446,4997.06931,17716.176713,39016.40718,75111.92153,586.3375588194444,146291724.0,0,1,2024
2024-01-30,0.0,0.0,1509047.10177,58371.13661,24.239999999999995,8156.00722,265530.76029,159979.79819,4191.92618,18817.546709,45614.847030000004,75216.75792999999,136.16409309027776,142076334.0,1,1,2024
2024-01-31,0.0,0.0,1522212.19258,25506.63233,0.0,1694.98787,126629.52172,231096.08885,8278.5399,17991.646014,39931.23217,56207.76561,115.54287434027778,133561525.0,2,1,2024
2024-02-01,6.3,0.0,1469051.62629,35403.78326,40.25,4886.302769999999,128847.96801,256741.093053,9266.33057,17752.845413,44910.71949,56764.388680000004,107.13796086805554,128465796.0,3,2,2024
2024-02-02,2825.300009,0.0,1533916.42444,45967.74394,38.599999999999994,10807.46962,142490.95757,282555.020613,8908.16479,17281.45645,51685.61178,25403.27248,149.3925853125,129182646.0,4,2,2024
2024-02-03,0.0,0.0,1536878.99602,31021.15813,42.33,3549.04336,139853.30497,307417.205578,9377.30206,12676.509676,41209.577079999995,52874.52173,95.56822447916666,125693915.0,5,2,2024
2024-02-04,0.0,0.0,1531288.71706,43671.75085,39.83,10491.40028,194335.56893,281534.876852,8723.211,10265.832045000001,44232.41198,73233.07212,105.70758677083332,128087206.0,6,2,2024
2024-02-05,0.0,0.0,1570467.04458,48209.42098,41.1,17545.39165,233731.73176,271419.236916,8158.37816,13620.133455,41710.4196,55921.44956,156.62075118055554,136386151.0,0,2,2024
2024-02-06,0.0,0.0,1610498.63734,54833.98902,38.17,20909.20895,203080.484,247773.059984,7249.2853,14980.594143,42442.87717,54365.16754,146.48813993055555,142519591.0,1,2,2024
2024-02-07,0.0,0.0,1538178.98167,24587.05763,36.67,0.0,166710.72287,234551.961665,7960.06328,16108.733543,38900.90217,62647.52837,82.96308184027778,141821708.0,2,2,2024
2024-02-08,0.0,0.0,1532970.48071,18313.97815,38.16,0.0,114199.19547,249500.241377,7445.9841,17338.190717,40653.31954,106733.28019,82.4457471875,134957198.0,3,2,2024
2024-02-09,0.0,0.0,1527591.33317,8866.63524,40.0,0.0,110882.93213,251523.994536,5635.99137,18048.84046,49598.24932,64287.39331,81.30901621527778,131293140.0,4,2,2024
2024-02-10,0.0,0.0,1438830.77288,84.11328,38.6,0.0,84769.1566,214700.4765,6224.83996,15937.08831,47377.36445,72688.10963,44.06937486111111,122626426.0,5,2,2024
2024-02-11,0.0,0.0,1417490.73668,4224.16043,40.2,0.0,95494.64068,229811.791409,7357.41673,15169.076839,63247.62409,87095.04097,44.42196979166667,119205273.0,6,2,2024
2024-02-12,0.0,0.0,1547485.09574,24382.489129999998,39.85,0.0,113251.594,279693.523975,8650.88621,17159.732497,51526.88194,129949.65747,88.89316607638888,128463497.0,0,2,2024
2024-02-13,0.0,0.0,1551685.95451,20838.36097,37.89,0.0,126059.92213,206759.889118,4918.23968,17744.116978,37216.567259999996,103384.56487,77.50712118055556,128624670.0,1,2,2024
2024-02-14,1141.200004,0.0,1604002.01803,27589.73834,38.6,0.0,144923.24603,157904.048997,4294.67913,17961.137537,40696.55969,60238.60935,101.61783715277778,131819491.0,2,2,2024
2024-02-15,3946.3,0.0,1586301.36826,6837.6444599999995,0.04,0.0,171111.36539,139138.005041,5869.47906,17880.293061,36409.83478,49678.963709999996,90.65997399305554,133928394.0,3,2,2024
2024-02-16,4752.500024,0.0,1547332.76611,2090.10774,0.0,0.0,131919.05619,129015.212812,5421.4712500000005,17145.897717,30084.33487,97979.09529,79.37849972222222,133173571.0,4,2,2024
2024-02-17,2812.3,0.0,1453858.81751,63.80928,0.0,0.0,95880.08572999999,195788.419702,8300.733690000001,18021.188048,43988.1222,104978.07268,52.098581180555556,120610293.0,5,2,2024
2024-02-18,4183.900019,0.0,1415076.487,4614.73308,0.0,0.0,117276.41374,236127.07351,8147.70065,18555.982675,47700.42703,78259.45689,56.641400624999996,119839535.0,6,2,2024
2024-02-19,5675.500002,0.0,1532659.98031,9489.15957,0.0,0.0,161155.58229,236610.9737,6213.33403,18074.891897,39725.18467,76443.35979,72.64753322916667,128720060.0,0,2,2024
2024-02-20,5027.09999,0.0,1465237.29843,11768.86865,0.0,0.0,161777.98933,232001.783422,7120.08669,19492.633077,40514.72466,72582.64711,117.83318722222221,126339421.0,1,2,2024
2024-02-21,5088.900011,0.0,1501653.14417,20314.89313,38.47,0.0,175867.03850999998,220974.44907099998,7343.30423,20190.450007,48611.0595,66928.48119,82.9098496875,129452897.0,2,2,2024
2024-02-22,5040.799984,0.0,1571649.90846,34250.86817,40.88,6353.05459,208153.29622000002,194910.995193,6971.08649,19931.936714,48221.25691,38832.02811,111.85243083333334,133918024.0,3,2,2024
2024-02-23,5459.399992,0.0,1615380.21356,68321.49211,40.51,13553.50354,239163.67672,181577.991023,5477.1953699999995,19811.658216,43991.12954,28670.67292,318.3715872916667,139538999.0,4,2,2024
2024-02-24,5759.29996,0.0,1622827.76076,19808.2916,40.75,0.0,202455.57723,77174.142205,2681.43549,19845.154701,38478.98472,40933.76262,131.18893260416667,133944913.0,5,2,2024
2024-02-25,3380.90001,0.0,1494717.91949,13231.109040000001,41.09,0.0,106846.73127999999,168161.510938,6952.86926,20454.119964,38834.03222,32537.37266,73.06828670138889,124927629.0,6,2,2024
2024-02-26,4382.999997,0.0,1530014.09429,45197.90104,40.11,12556.322390000001,144108.10696,235591.595088,9001.39092,15492.286428,47037.00945,50327.11484,467.3532205208333,132702241.0,0,2,2024
2024-02-27,2201.200011,0.0,1567217.96428,23266.4822,42.1,0.0,138439.50728,221004.346614,8957.86681,15591.056244,48244.5096,58936.22761,107.60825204861112,130674885.0,1,2,2024
2024-02-28,0.0,0.0,1533170.77824,27604.36464,40.62,0.0,147802.3235,250162.763938,9162.22474,15462.074877,47744.67198,86428.29918,93.34023100694445,131044749.0,2,2,2024
2024-02-29,1747.100011,0.0,1558428.4914,44451.18559,41.01,12305.51712,203633.12914,263218.463499,8828.85944,14165.831347,45336.01958,75152.52941,253.15563854166666,132433092.0,3,2,2024
2024-03-01,4088.4,0.0,1546058.26822,22821.739800000003,41.0,0.0,163937.8391,266136.084892,8116.66746,14751.825026999999,44954.44708,95412.4173,94.64637576388888,132629030.0,4,3,2024
2024-03-02,3462.699996,0.0,1458614.71132,25079.9372,38.870000000000005,0.0,142553.59451999998,261842.302297,9114.42045,14612.193666,40236.29716,75837.24755,74.29234211805556,125615707.0,5,3,2024
2024-03-03,3709.099989,0.0,1532542.9554,29291.76497,38.96,0.0,152744.06906,159277.12200499998,3059.15496,14301.468729,43205.21955,51210.9316,106.72609041666668,127142506.0,6,3,2024
2024-03-04,3841.9,0.0,1578440.6294,18876.93042,40.34,0.0,140218.1436,169652.172203,6201.90029,15437.259396,39936.412150000004,59599.92051,95.89388000000001,132827324.0,0,3,2024
2024-03-05,2959.6,0.0,1473778.34573,10672.158449999999,38.38,0.0,114453.91118,203655.014926,6204.78933,15770.302408,37312.08459,158548.53974,69.64593868055556,125963944.0,1,3,2024
2024-03-06,3850.7999999999997,0.0,1487354.5506799999,21001.38831,39.81,0.0,89697.26272,249347.734141,9285.16429,17458.016719,50395.08439,137279.44522,78.33926090277778,122180460.0,2,3,2024
2024-03-07,3290.300002,0.0,1500036.47806,19671.874630000002,36.830000000000005,0.0,59729.50669,253838.48635700002,8480.73637,19383.748367,48504.04196,120632.68522,84.18624017361111,124228760.0,3,3,2024
2024-03-08,4509.600013,0.0,1541494.72949,6655.09994,37.36,0.0,80547.3954,203074.428385,6642.97796,19863.499679,46799.78694,163527.58606,99.51226395833334,124312903.0,4,3,2024
2024-03-09,1880.200007,0.0,1440403.04733,3548.60924,37.99,0.0,77660.67974,186424.996264,6979.22023,18528.292578,39184.69965,168980.43541,65.6362292361111,116452806.0,5,3,2024
2024-03-10,0.0,0.0,1421466.28815,9335.26387,40.71,0.0,77398.09458,194346.519053,6845.679340000001,17738.712294,42747.74452,175841.49106,63.081986979166665,116256606.0,6,3,2024
2024-03-11,0.0,0.0,1521931.02477,11052.43042,38.52,0.0,97916.88761,218547.064901,5889.51337,18142.300957,53377.92182,160535.74933,85.41175510416667,124927764.0,0,3,2024
2024-03-12,0.0,0.0,1482968.13262,12619.46181,39.97,0.0,87655.83355,244352.513669,9334.21861,16386.503335,49952.71189,129092.15307,68.80545163194445,122524466.0,1,3,2024
2024-03-13,0.0,0.0,1497631.37335,7588.05512,39.059999999999995,0.0,117505.72699,254393.382272,7904.21809,12064.143735,47114.65447,110743.61559,77.89329423611112,122812624.0,2,3,2024
2024-03-14,0.0,0.0,1517390.87646,16469.60086,38.68,0.0,139473.15573,233429.899968,8173.79756,13089.112503,48674.866819999996,78428.71854,87.9443414236111,123859016.0,3,3,2024
2024-03-15,0.0,0.0,1482694.51908,75.4128,38.75,0.0,69630.80873,266338.312915,8953.697,11131.987533,46787.19202,70676.90509,72.61387486111111,125853478.0,4,3,2024
2024-03-16,0.0,0.0,1420930.32103,75.4128,39.050000000000004,0.0,38533.45675,214676.592044,7480.30501,13631.081193,52240.80426,126713.70820000001,59.57629305555556,117174639.0,5,3,2024
2024-03-17,0.0,0.0,1423092.78427,3582.27167,38.52,0.0,38610.66496,234563.129811,6696.59742,13148.831178,44921.29211,134533.22838,60.90927965277778,114600948.0,6,3,2024
2024-03-18,0.0,0.0,1525380.79323,8924.488589999999,39.1,0.0,74141.96751,181125.134475,6290.1659500000005,9146.437617,42125.16958,122336.99185,74.47650937499999,123868082.0,0,3,2024
2024-03-19,897.7,0.0,1453191.49492,10589.34965,36.88,0.0,86278.34624,219706.786776,8070.21755,5395.575112,40936.27208,126169.11972999999,74.12479131944444,124161999.0,1,3,2024
2024-03-20,2474.1,0.0,1503409.58443,12204.84921,40.43,0.0,101128.45754,217973.633388,7913.6529199999995,3011.719055,41294.77458,105053.1783,77.44577680555555,125413047.0,2,3,2024
2024-03-21,0.0,0.0,1444572.58828,2896.70277,38.82,0.0,75054.24603,176784.08643999998,5031.70738,7209.50619,43688.91455,127608.75603,58.102314791666664,125568993.0,3,3,2024
2024-03-22,0.0,0.0,1454160.16519,6185.27797,38.42,130.9698,74263.73243,159877.63208799998,6153.75977,10431.506234,40657.3246,131745.07967,60.767375763888886,122970740.0,4,3,2024
2024-03-23,1514.199996,0.0,1433933.6716,75.4128,38.940000000000005,0.0,76196.76594,133127.681285,4646.2461299999995,13524.449997,36527.59971,120444.77101,67.56868541666667,114817695.0,5,3,2024
2024-03-24,5240.300005,0.0,1452062.90416,3771.79211,38.400000000000006,0.0,82075.58915,99930.758794,1411.4022599999998,12972.524934000001,32158.75481,55298.63939,67.05711246527778,116765637.0,6,3,2024
2024-03-25,4568.999999,0.0,1532376.11007,12727.45846,38.32,0.0,162167.24581,53410.213061,1512.79637,14040.712419,33252.83728,76966.4383,78.25057934027778,123726949.0,0,3,2024
2024-03-26,4577.400002,0.0,1544605.46558,18268.82241,39.87,0.0,172359.51619,91678.346594,1890.4058,13493.268838,35644.45478,51125.22871,101.12699840277777,125502823.0,1,3,2024
2024-03-27,4335.300007,0.0,1477454.88932,19785.13323,38.46,0.0,148625.40745,109958.692578,3289.99942,13717.762572,34781.37476,97551.36674,76.47715482638888,125213961.0,2,3,2024
2024-03-28,4103.0,0.0,1430988.90971,18250.61538,0.44,0.0,71257.02745,121232.643961,4070.27123,14699.306199,38706.80211,135386.16091,65.53411864583333,121536841.0,3,3,2024
2024-03-29,511.700001,0.0,1318712.5991,3811.13947,0.0,0.0,63964.13297,186514.825182,8606.124310000001,15536.624925,51871.27176,155743.15076,52.69430784722223,109262326.0,4,3,2024
2024-03-30,0.0,0.0,1335635.25794,2621.44221,30.79,0.0,71937.9996,192442.509573,7532.43083,14903.531325,42997.9396,123430.13538,49.67610725694445,107503951.0,5,3,2024
2024-03-31,0.0,0.0,1339842.60788,3587.57335,28.2,0.0,49608.42263,198171.807917,7058.69363,14851.256211,56576.70172,111105.84928,48.55937347222223,106650296.0,6,3,2024
2024-04-01,0.0,0.0,1395111.41852,2597.20128,29.07,0.0,69608.92143,189472.8522,7016.81751,15294.956178,46894.18441,95520.06867,53.44337711805556,111412863.0,0,4,2024
2024-04-02,443.5,0.0,1476165.64859,4617.45397,10.7,0.0,78308.14408,218219.031439,8147.698939999999,15445.537543,41709.974630000004,67184.68853,53.8524565625,119399501.0,1,4,2024
2024-04-03,4249.700009,0.0,1563929.74906,24770.439759999997,28.39,0.0,97532.47811,208105.318502,5621.50973,15062.381241,66215.12654,69178.33158,99.47412177083334,123111392.0,2,4,2024
2024-04-04,812.800002,0.0,1596574.04856,10652.45893,26.93,0.0,69999.358,170072.479094,4310.52548,14832.112608,35874.65718,83551.06224,74.78502621527777,123918966.0,3,4,2024
2024-04-05,0.0,0.0,1574307.17144,14572.52395,7.3,0.0,104230.67727,118222.479976,3107.86447,14112.712704,48645.38944,67654.96283,93.02222909722222,124302500.0,4,4,2024
2024-04-06,2486.000001,0.0,1452618.44587,23714.42042,11.12,0.0,67678.15108,100758.59239,2406.2558,14423.287446,54552.54937,14908.05156,111.86951451388889,116948633.0,5,4,2024
2024-04-07,4541.500011,0.0,1344039.0927,23886.29443,38.28,0.0,70633.80464,175756.130372,5506.50932,14406.375014,53618.8643,27905.48731,97.63222673611112,116245797.0,6,4,2024
2024-04-08,4742.199976,0.0,1453980.89726,40801.31813,0.02,0.0,82723.02001000001,226851.56139,8139.45234,14836.893843,49231.46946,30999.32332,96.04863597222221,121326499.0,0,4,2024
2024-04-09,4477.200048,0.0,1400074.54855,16132.96676,0.0,0.0,128583.40258000001,201171.931475,6508.84469,14619.693681,50158.6193,111922.92132,70.22131232638888,118061303.0,1,4,2024
2024-04-10,4125.499997,0.0,1378855.71329,3628.6923699999998,40.2,0.0,120057.65135,182445.362563,8578.66851,15215.681274,46944.49196,140454.57324,43.30024538194444,110751779.0,2,4,2024
2024-04-11,4386.200012,0.0,1371883.38566,11448.723469999999,35.519999999999996,0.0,123467.49007,221495.53006,8448.5143,15484.837344,43833.10454,68554.12974,69.18465055555555,110130353.0,3,4,2024
2024-04-12,4710.300047,0.0,1369069.60985,10853.95811,38.349999999999994,0.0,133216.2139,232324.87259400001,7925.94376,15244.068815999999,48503.79452,85762.05043,70.87957847222222,112464449.0,4,4,2024
2024-04-13,5073.799972,0.0,1389682.9652,18507.0719,38.22,128.00135,123245.75257,194500.395465,7229.23499,14848.406145,55486.30424,96549.90694,78.081170625,107337158.0,5,4,2024
2024-04-14,2654.299995,0.0,1379448.79279,22981.00627,38.0,0.0,102377.52409,187236.16746,7010.36753,15140.62503,57813.61665,114411.50451,82.75346229166666,106583265.0,6,4,2024
2024-04-15,1924.499999,0.0,1457373.39543,29301.791110000002,36.86,393.99721,145245.93163,194435.793279,7296.90916,15420.824997,49122.88692,115412.80725,127.55315913194444,116429843.0,0,4,2024
2024-04-16,5347.199999,0.0,1482090.21257,39590.93266,37.419999999999995,0.0,142578.42936,190612.567892,0.0,14922.468765,66000.09401,123289.91054,123.18996302083333,116928038.0,1,4,2024
2024-04-17,5235.799951,0.0,1522903.05201,29679.15838,10.350000000000001,0.0,146545.11450999998,163669.07997700002,0.0,14390.718855000001,37319.26713,122472.45773,110.2424563888889,118719406.0,2,4,2024
2024-04-18,5277.399988,0.0,1485493.20567,23378.47374,0.01,0.0,152433.44787,180931.442294,4889.8408,14871.900144,33662.61968,77752.24931,103.06714975694445,119288166.0,3,4,2024
2024-04-19,3357.499963,0.0,1427561.40125,6062.55332,38.6,0.0,113121.67072,173831.488888,8095.910449999999,15200.812545,30968.88238,86567.52286,75.00373572916666,115644495.0,4,4,2024
2024-04-20,0.0,0.0,1468944.38534,7219.88868,38.37,0.0,92547.90071,104965.888738,838.49268,14913.374894,34765.14731,88256.65788,82.62201756944445,112191136.0,5,4,2024
2024-04-21,1341.6000119999999,0.0,1436101.73731,23678.20358,40.22,0.0,78726.44592,128674.655085,1610.44901,15337.649979,37977.17977,119541.21629,80.23600045138889,111896331.0,6,4,2024
2024-04-22,2167.200022,0.0,1395924.04019,40768.95999,38.19,0.0,101822.91362,166678.624018,6571.64156,14410.331358,47578.391990000004,157643.07559,78.34242829861111,117107864.0,0,4,2024
2024-04-23,0.0,0.0,1367800.09336,15039.13681,38.31,0.0,92187.42152999999,180566.969534,6273.31108,14481.581343,40702.2197,121881.48,71.55564586805555,117220029.0,1,4,2024
2024-04-24,0.0,0.0,1399258.80151,27951.36669,37.48,0.0,59718.00067,206142.516509,5927.81041,15028.181357,42869.70705,68452.44476,71.98749076388889,115553474.0,2,4,2024
2024-04-25,0.0,0.0,1394989.03546,31992.7262,38.51,0.0,35403.72539,162624.946423,6077.046789999999,14661.899979,57876.83176,69960.18062,69.07321555555556,105883845.0,3,4,2024
2024-04-26,0.0,0.0,1464463.91194,36813.09455,38.55,0.0,68819.16374999999,192600.773166,7315.92045,14870.025054,51913.49937,89689.85677,105.33143625000001,114637443.0,4,4,2024
2024-04-27,0.0,0.0,1374365.15381,28858.37296,38.19,0.0,40830.03198,185908.431913,8434.46578,15265.893843,59923.55429,115847.55978,78.3976389236111,107378155.0,5,4,2024
2024-04-28,0.0,0.0,1382993.88209,27559.02152,22.11,0.0,45384.303230000005,129019.040698,5779.30036,15351.731247,46080.55445,154957.25918,76.2890314236111,107493952.0,6,4,2024
2024-04-29,0.0,0.0,1418654.29798,41668.64685,36.22,8233.2451,76238.34928,197136.32038299998,7056.06085,17731.114694,46058.69952,155111.02428,95.188805,114416883.0,0,4,2024
2024-04-30,0.0,0.0,1461414.91937,55578.09465,36.26,6210.07526,72317.88552,187934.189876,7341.21642,19998.804388,46478.70706,104557.65864000001,101.66546479166668,114648343.0,1,4,2024
2024-05-01,0.0,0.0,1438969.21966,37329.1488,34.74,0.0,60716.64871,157905.947923,7736.8205,20912.410757,36527.03966,100768.59534,76.06001857638888,114809149.0,2,5,2024
2024-05-02,0.0,0.0,1448777.42252,38455.14053,36.18,8314.35075,75861.21192,164242.985744,6984.18028,20520.543117,31777.48234,169888.81551,84.97774861111111,116329616.0,3,5,2024
2024-05-03,0.0,0.0,1526918.41692,33651.88959,37.519999999999996,2049.95727,68953.21698,126147.143674,2802.74151,18577.069443,39933.13459,171257.68723,115.6841507638889,117736126.0,4,5,2024
2024-05-04,0.0,0.0,1494023.79921,27409.77338,36.03,945.0040899999999,60634.27207,174361.668083,5965.25793,15780.824922,36005.76217,162558.21915,95.55860670138888,111519832.0,5,5,2024
2024-05-05,0.0,0.0,1493911.40924,19766.44764,37.31,1147.99003,53742.58015,158800.793886,4652.39071,16238.25012,49241.054430000004,76432.37028,101.10399111111111,109143382.0,6,5,2024
2024-05-06,0.0,0.0,1437817.20116,25340.27779,36.37,0.0,61477.378150000004,150471.538812,4908.15927,13937.34364,42983.437060000004,85078.16451,70.11187381944444,107575161.0,0,5,2024
2024-05-07,0.0,0.0,1469349.083,30890.75599,38.01,3944.0203199999996,59927.0006,136777.579569,5381.76669,17505.045764,57697.4543,125964.14365,115.069529375,116487404.0,1,5,2024
2024-05-08,0.0,0.0,1422842.13102,54528.81755,34.17,7985.0128,69424.84925,152681.261725,7229.02112,19815.460821,45105.52209,149700.94064000002,104.36348392361111,117061229.0,2,5,2024
2024-05-09,0.0,0.0,1497525.8783200001,60424.616350000004,39.28,1440.0218,69906.26279,96718.25120500001,3731.8773199999996,16592.448038,46644.64442,156692.91801,109.25638510416667,117408902.0,3,5,2024
2024-05-10,0.0,0.0,1466003.61042,29776.69492,38.199999999999996,0.0,36768.31524,112636.45422,6521.16924,19523.42543,55895.93432,148376.40992,101.54611309027779,116280956.0,4,5,2024
2024-05-11,0.0,0.0,1473278.1851299999,27812.330579999998,34.75,0.0,34130.2528,128990.489118,2488.45731,20553.699391,58511.79425,91017.45507,88.90686833333332,111692840.0,5,5,2024
2024-05-12,0.0,0.0,1477824.45075,28923.5605,39.47,0.0,45012.84801,136643.111276,4453.79245,19936.637625,45192.90704,70377.4537,94.10875069444444,109527806.0,6,5,2024
2024-05-13,0.0,0.0,1418818.50464,41919.34571,36.81,0.0,69966.49488,131530.059526,7151.35986,20609.029881,45313.99209,99991.7125,79.86971125,112561325.0,0,5,2024
2024-05-14,0.0,0.0,1435550.88738,49409.6316,37.150000000000006,0.0,72438.87094000001,127398.216712,7332.15478,18944.630519,43609.40451,75803.84922999999,98.44020010416666,113197081.0,1,5,2024
2024-05-15,0.0,0.0,1443004.98574,46955.25352,36.18,0.0,72263.4029,125625.755887,6404.76385,18338.02994,42554.88209,134540.14928,98.13185767361112,115979300.0,2,5,2024
2024-05-16,0.0,0.0,1507223.443,43656.5342,36.52,0.0,75228.55721,138843.168726,3939.87837,20784.867967,36009.9122,147584.22826,110.84622,118288300.0,3,5,2024
2024-05-17,0.0,0.0,1465877.54183,25992.99985,34.92,0.0,84288.14847,167037.374236,5578.972220000001,20985.115045,32909.99731,105258.62919,69.9491359375,114925782.0,4,5,2024
2024-05-18,0.0,0.0,1433887.4763800001,7929.42173,36.72,0.0,40081.80004,85688.853655,6874.77335,21501.940152,50097.114480000004,134095.50253,20.904174166666667,105969511.0,5,5,2024
2024-05-19,0.0,0.0,1411824.0346,9989.65697,35.2,0.0,54718.69695,76526.328701,6962.06205,21298.883635000002,43902.76961,138719.01384,31.564904131944445,104498839.0,6,5,2024
2024-05-20,0.0,0.0,1491459.04702,42841.20767,38.18,6156.643470000001,86632.10955000001,151927.067844,7860.239500000001,20457.965546,55657.12924,96749.56588000001,88.23610965277777,112736101.0,0,5,2024
2024-05-21,0.0,0.0,1523955.67779,51696.72352,3.09,1404.01246,87524.37102,189529.15236,7716.24638,20799.38183,55619.82923,88250.76825000001,94.01779381944444,113649489.0,1,5,2024
2024-05-22,0.0,0.0,1540134.5515700001,47294.56942,17.06,0.0,100799.31325,187062.373159,7468.48239,20072.521667,59697.20658,89572.97291,141.35427916666666,114443781.0,2,5,2024
2024-05-23,0.0,0.0,1534501.16309,73639.15164,35.21,0.0,84829.33018,157487.206889,7599.3364599999995,19835.784852,54241.85185,72247.70034,139.83011770833332,113092761.0,3,5,2024
2024-05-24,0.0,0.0,1572225.24423,49033.32173,36.18,0.0,79322.26495,126744.891109,5270.35497,20608.147293,44884.04457,122409.01384,125.64856222222222,113889594.0,4,5,2024
2024-05-25,0.0,0.0,1573094.48218,29192.00764,34.74,0.0,72366.99919,171954.87802899998,6078.87823,20618.329313,48331.35688,130223.86407,93.23364493055556,110402507.0,5,5,2024
2024-05-26,0.0,0.0,1499966.3593000001,16629.15622,35.89,0.0,66706.37844,152769.317895,4979.01653,20381.809258,43296.30698,90786.16215,80.420568125,107007615.0,6,5,2024
2024-05-27,0.0,0.0,1550186.53987,32743.50724,36.18,0.0,77036.10051999999,164424.077988,6125.39446,20953.754161,50515.84192,90516.22132,96.27712881944444,114188407.0,0,5,2024
2024-05-28,0.0,0.0,1610004.56882,34835.67101,36.34,0.0,72279.01656,144862.397273,5345.86849,21043.054466,51393.504460000004,153084.01845,119.26594489583334,115137349.0,1,5,2024
2024-05-29,0.0,0.0,1497970.93251,22442.19442,39.15,0.0,68090.74741,141314.216701,5501.9212,20909.732203,45606.29951,190649.33165,68.20904875000001,115442617.0,2,5,2024
2024-05-30,0.0,0.0,1487647.32048,12761.99083,36.98,0.0,64873.44603,141908.86378800002,3064.58614,21118.292892,32763.1598,170407.46823,64.0537096875,116446533.0,3,5,2024
2024-05-31,0.0,0.0,1533639.59688,39655.02313,37.35,0.0,77901.57605,118978.409121,2053.6573,20833.766316,41209.97457,96578.70323,96.07335423611111,115893851.0,4,5,2024
2024-06-01,0.0,0.0,1638635.62377,30125.3797,42.769999999999996,0.0,83804.50032,50572.913856,686.06737,21159.406584,38479.8146,91620.93637,127.16730965277777,112858548.0,5,6,2024
2024-06-02,0.0,0.0,1514519.80364,27958.29137,33.78,0.0,72208.68513,163188.4995,5366.26476,20891.157152,41137.06955,56483.65634,81.98316055555556,108193392.0,6,6,2024
2024-06-03,0.0,0.0,1521224.51219,51965.99847,34.92,0.0,89363.95251,163037.334765,4781.18409,20490.055062,46552.78198,38012.17817,100.52085381944444,115330395.0,0,6,2024
2024-06-04,0.0,0.0,1539400.93177,63968.5321,36.19,0.0,97788.14403,182493.804561,7324.86032,21152.528716,46375.86443,15041.67881,132.42956607638888,116036854.0,1,6,2024
2024-06-05,0.0,0.0,1625702.23349,62753.84347,0.6699999999999999,0.0,80174.51802,134794.98607,3439.41795,21090.971239,41947.07964,33982.59392,130.9625748611111,117433152.0,2,6,2024
2024-06-06,0.0,0.0,1598765.17734,38959.74004,36.85,0.0,71753.06699,147345.02896199998,6210.27752,19990.955387,42339.44206,12606.4896,95.86276309027778,116960981.0,3,6,2024
2024-06-07,0.0,0.0,1584286.02488,37613.105110000004,0.0,0.0,74369.94454,161366.776207,5524.61093,20595.579676,42127.1745,40339.10271,93.2951259375,115682236.0,4,6,2024
2024-06-08,0.0,0.0,1550194.22567,29774.36507,37.99,0.0,32804.7677,161572.874161,4923.50951,20659.063367,56908.70669,51353.30909,76.2930471875,109622560.0,5,6,2024
2024-06-09,0.0,0.0,1521040.97016,32193.64538,0.0,0.0,49187.6633,160659.838792,4880.8471,21617.628163,48239.90201,53644.83644,74.67478170138888,107451224.0,6,6,2024
2024-06-10,0.0,0.0,1509309.06795,32596.46139,37.480000000000004,0.0,63441.22113,187492.973416,6563.90776,18964.062736,49475.28446,77313.26066,79.04841027777778,115549532.0,0,6,2024
2024-06-11,0.0,0.0,1521051.99046,33531.13434,37.04,3328.00233,72825.15241,185710.678104,6552.78081,17876.299381,44608.09952,43266.02709,75.20019145833334,114814876.0,1,6,2024
2024-06-12,0.0,0.0,1532347.96598,41735.91378,25.939999999999998,0.0,71546.83423,161310.534159,6440.55938,18598.522925,41927.099650000004,106491.40266,74.32873305555556,115208234.0,2,6,2024
2024-06-13,0.0,0.0,1557589.9605100001,69127.76804,4.02,5811.01727,103498.21252,160988.544594,6581.09916,19537.545211,45888.24204,57198.49712,129.41596659722222,116290580.0,3,6,2024
2024-06-14,0.0,0.0,1586624.80983,68822.92112,36.18,4475.38902,94018.11504,178072.655455,5998.84737,19186.588122,45484.36947,17311.142929999998,169.23244159722222,116196198.0,4,6,2024
2024-06-15,0.0,0.0,1524218.46467,53132.14117,35.17,0.0,102760.46087,194671.736054,6852.24362,13603.35299,40539.93711,55639.42425,97.1427232986111,110039491.0,5,6,2024
2024-06-16,0.0,0.0,1484879.96992,41208.95167,36.0,0.0,59690.58288,166498.100603,5363.49728,17436.12353,47050.21944,93235.59418,85.10907899305556,109481544.0,6,6,2024
2024-06-17,0.0,0.0,1511972.68159,77570.60319000001,35.04,2489.00561,96959.60379000001,199704.08996800001,7132.79474,15928.137255,54024.32694,126615.10553,138.96596475694443,119428140.0,0,6,2024
2024-06-18,0.0,0.0,1549946.1189,86785.94286,36.62,13600.31568,124334.34829000001,200463.253166,6938.84551,18645.5244,49133.92701,92943.78628,167.81778166666666,119112775.0,1,6,2024
2024-06-19,0.0,0.0,1588748.51944,78909.30354,36.339999999999996,1966.98741,151101.76423,200165.943046,6674.80013,17411.825651,47566.42693,42542.572720000004,195.19444399305556,118366557.0,2,6,2024
2024-06-20,0.0,0.0,1624156.13755,99870.1275,28.57,21965.95564,197433.91254,147567.502851,2093.65809,15544.678021,41933.05451,37283.83025,278.41855944444444,116874657.0,3,6,2024
2024-06-21,0.0,0.0,1561242.2128,95304.91596,38.89,0.0,167971.94090000002,142208.18912,4994.5371000000005,17304.087878,39903.4997,65409.14581,238.86341725694444,115222787.0,4,6,2024
2024-06-22,0.0,0.0,1605347.72077,72766.95383,36.72,0.0,151398.31853,120205.230306,5407.87896,17231.185249,44882.364480000004,103676.98821,208.96291010416667,112701684.0,5,6,2024
2024-06-23,0.0,0.0,1449302.42896,91873.92612999999,37.83,0.0,108656.70751,192504.091072,6656.21858,17256.620121,42244.05705,62040.06329,178.40583152777776,110150481.0,6,6,2024
2024-06-24,0.0,0.0,1481924.64112,91889.36533,36.629999999999995,0.0,110842.24575,191212.770692,6717.71709,16224.299735999999,48104.31195,71469.78032,159.76790947916666,117640457.0,0,6,2024
2024-06-25,0.0,0.0,1556746.20249,40598.57579,33.64,2399.0017900000003,75019.11584,135130.350729,5327.14378,15280.156563,48729.77946,108193.85059,122.66974913194444,117245381.0,1,6,2024
2024-06-26,0.0,0.0,1458778.6030000001,28805.69203,36.370000000000005,0.0,124759.26875,85292.489753,4637.619110000001,12685.800476,44524.94454,77054.89139,98.48991652777778,116209256.0,2,6,2024
2024-06-27,0.0,0.0,1567639.66516,44750.77684,34.17,1786.99941,196510.81148,71205.805432,3821.01889,17576.271424,51654.24691,29863.42596,119.78272069444444,119375802.0,3,6,2024
2024-06-28,0.0,0.0,1526776.80629,10469.88232,39.74,0.0,64304.0412,117508.894139,5453.29584,17214.078878,42214.31461,67015.92195,81.28141725694445,115719488.0,4,6,2024
2024-06-29,0.0,0.0,1522464.95549,5757.29926,36.57,0.0,41591.40767,99378.762042,3495.6889499999997,16915.861653,42453.05204,135871.83884,61.97147326388889,109858488.0,5,6,2024
2024-06-30,0.0,0.0,1508031.38409,10103.94294,36.59,0.0,70159.0649,130106.951755,3686.5112,15784.776637,41001.55213,107937.92654,67.06593541666666,106799492.0,6,6,2024
2024-07-01,0.0,0.0,1635209.95322,62477.59399,36.18,0.0,148216.20337,84124.225374,642.12996,13524.918957,38497.27966,42574.19182,137.0211978125,119193480.0,0,7,2024
2024-07-02,0.0,0.0,1632855.08484,57250.29827,34.11,0.0,136917.39376,93113.816009,1043.48519,15379.622796,37515.47719,53930.12823,132.27570732638887,122640884.0,1,7,2024
2024-07-03,0.0,0.0,1562621.74267,58983.02181,36.18,1209.0118400000001,157725.86977,156345.066835,5771.87177,14132.795285,36293.6072,109539.421,112.24531979166666,121535195.0,2,7,2024
2024-07-04,0.0,0.0,1481028.34688,54945.79097,38.04,0.0,90005.97051,117417.722651,5316.31296,13690.348985,46791.24953,135193.4946,131.66251340277776,118697114.0,3,7,2024
2024-07-05,0.0,0.0,1377968.19965,39952.03924,36.0,0.0,115790.22228,135056.651705,5520.64724,12056.248111,43350.22213,174273.05407,139.51245784722224,116693350.0,4,7,2024
2024-07-06,0.0,0.0,1392523.73182,23806.43496,36.18,0.0,110989.71718,123382.540026,5411.32136,11593.436624,57393.66954,190086.17615,99.2264354861111,110945961.0,5,7,2024
2024-07-07,0.0,0.0,1365144.77493,9952.0808,36.32,0.0,92943.5374,125094.593993,4320.38614,11410.069712,55563.65464,200268.03768,77.27594413194444,110371452.0,6,7,2024
2024-07-08,0.0,0.0,1540606.71364,50300.76615,34.6,0.0,149878.11847,102897.93772,3381.7153,11651.310743,50674.70222,152464.30447,153.0912845138889,120093782.0,0,7,2024
2024-07-09,0.0,0.0,1520768.5507,60433.69556,36.65,0.0,154814.32618,147751.03793700002,3076.06984,12324.241023,49956.55477,75022.16037,149.25015930555557,117990614.0,1,7,2024
2024-07-10,0.0,0.0,1461062.3937600001,45337.199590000004,36.21,0.0,144995.48044,178426.821235,5910.22347,14798.586554,55029.04957,70976.19055,120.23268128472222,115234281.0,2,7,2024
2024-07-11,0.0,0.0,1405255.10806,43495.90936,37.23,0.0,134939.97187,200523.87718,7371.78099,14557.197514,63941.86205,63289.82951,104.93589791666666,113387158.0,3,7,2024
2024-07-12,0.0,0.0,1426937.7599,48439.63183,42.01,0.0,163746.67246,195551.027206,7561.55124,12335.440996,57846.73194,30323.28952,115.81,112003232.0,4,7,2024
2024-07-13,9.8,0.0,1424764.68009,13861.23298,40.31,0.0,84578.24822000001,173013.262647,5411.02241,11973.558526,52624.69465,109384.96149,95.4212725,107915940.0,5,7,2024
2024-07-14,0.0,0.0,1327574.0444,30348.952709999998,40.61,0.0,102825.00645,163823.683816,6134.39246,12469.384241,57433.37443,106042.46996,78.50009309027777,109529268.0,6,7,2024
2024-07-15,0.0,0.0,1372817.58864,53340.29304,40.52,2101.63373,145364.79335,170010.20955,4826.44569,13754.337027,53713.48705,81449.24118,87.5622854861111,120373012.0,0,7,2024
2024-07-16,0.0,0.0,1352714.6734,59192.92461,1775.38876,0.0,176146.50801,187385.663201,5088.19957,14646.655773,59141.77703,98699.32334,85.74074777777777,123115726.0,1,7,2024
2024-07-17,0.0,0.0,1427110.87554,60504.90234,1778.74444,0.0,205607.19287,173678.888368,3208.68264,13872.677235,53940.76705,112471.07805,128.8676782986111,125039298.0,2,7,2024
2024-07-18,83.30000000000001,0.0,1374392.74108,47159.64362,1882.46962,0.0,245260.00721,169478.048704,4490.14194,12156.173929,49759.60703,106005.21312,124.48262989583333,122721952.0,3,7,2024
2024-07-19,0.0,0.0,1315578.56021,26744.921589999998,1457.19081,3785.0292099999997,110564.38867,203763.20535899999,7849.6942,11426.720673,63675.50933,90702.96139,81.75168864583334,117598380.0,4,7,2024
2024-07-20,0.0,0.0,1234931.44391,4309.57232,1702.43024,0.0,52004.6737,168664.566166,7923.33296,12594.019517,60251.81451,117804.65698,46.69849555555555,108228580.0,5,7,2024
2024-07-21,0.0,0.0,1258606.55137,8508.86716,1228.75949,0.0,70401.80031,142167.375872,7876.83792,13218.87044,49007.954620000004,166465.31883,43.32008302083333,107736926.0,6,7,2024
2024-07-22,0.0,0.0,1314051.54009,37943.2125,124.35215000000001,0.0,125208.90715,220302.941978,7615.43901,12669.926904,63088.79677,113496.79834000001,81.8335109375,115780537.0,0,7,2024
2024-07-23,0.0,0.0,1320578.50513,27935.43412,1242.58387,1353.00849,150539.08526,201598.243287,7571.832420000001,11928.334676,44982.90224,87962.18554,83.06229243055556,114845344.0,1,7,2024
2024-07-24,0.0,0.0,1288028.1292,17910.86153,2066.63322,0.0,119763.82359,191178.671856,7396.025600000001,12121.162952,52068.12188,137951.50767,80.47509697916666,114513565.0,2,7,2024
2024-07-25,0.0,0.0,1332959.91928,12347.11822,1651.4537100000002,0.0,112952.21417,138973.345737,3972.51668,12839.168068,45046.70207,128958.93326,79.48104798611111,114058741.0,3,7,2024
2024-07-26,3620.799993,0.0,1312162.64376,28443.56469,1502.8676999999998,0.0,84778.96287,149277.153372,7218.66529,14085.372965,48640.8745,112224.03889,97.17866402777777,111748592.0,4,7,2024
2024-07-27,3307.799966,0.0,1329373.79152,18338.73917,1593.2217500000002,0.0,70305.07798,104434.018652,4401.05987,15176.416326999999,51120.53707,79162.67812,124.46424781249999,105625124.0,5,7,2024
2024-07-28,1123.200011,0.0,1180792.89817,20333.92314,1781.1511,0.0,85588.95663,139880.333247,7524.146479999999,13966.574123,53641.75701,131199.49191,109.06355302083334,107208598.0,6,7,2024
2024-07-29,0.0,0.0,1251357.02542,68411.08449,1256.1988999999999,0.0,173473.63141,192425.363477,8124.34542,14787.037944,56531.89413,165032.27654,228.69353569444445,115479289.0,0,7,2024
2024-07-30,0.0,0.0,1288207.5772,76279.49545,1852.96768,2906.31939,167132.46934,199494.804186,7643.15725,15263.611699,48920.624560000004,126477.09558,320.51786621527776,115777360.0,1,7,2024
2024-07-31,2058.799997,0.0,1310702.60293,83645.92856,1491.16518,0.0,194678.97652999999,206471.793425,7789.49061,16184.385691,55858.15193,89329.61512,240.7143898263889,115527974.0,2,7,2024
2024-08-01,3960.500007,0.0,1333704.8428,71118.42338,1907.07283,0.0,221736.05862,198717.617589,7832.8204000000005,14579.024885,54101.37938,83450.33194,134.82004020833332,65152817.0,3,8,2024
2024-08-02,3672.900003,0.0,1336928.85133,77534.82611,1748.7643500000001,0.0,189959.47606,204953.283076,6756.88034,12907.326993,53489.324349999995,76506.57268,211.52625506944446,64480939.0,4,8,2024
2024-08-03,1724.0999999999997,0.0,1331282.02785,52559.77289,1149.80692,0.0,133655.1787,198311.17404,7674.00761,12162.021843,52912.6118,93975.08392,136.00326652777778,60512291.0,5,8,2024
2024-08-04,3718.400001,0.0,1368756.89708,69524.53364,1301.35969,950.9947,113491.64843,173437.740891,6421.72278,11803.821219,50817.574459999996,94752.88874,163.1593478125,60019264.0,6,8,2024
2024-08-05,2505.600009,0.0,1500680.12228,97063.47547,149.77964,0.0,188960.60787,129426.424938,3168.2738,12165.801491,54521.02934,113311.92659,1039.6813475347224,66093993.0,0,8,2024
2024-08-06,844.099998,0.0,1407773.57948,76651.22266,2133.7870199999998,0.0,132997.92864,113210.944801,1442.25966,14141.307921,42225.56465,68329.50806,148.21099930555556,65498472.0,1,8,2024
2024-08-07,3557.7,0.0,1396872.85848,50596.06298,1465.89674,0.0,133114.65755,140941.817385,5585.3568,15642.624341,55599.12937,58038.98939,130.6937614236111,65118277.0,2,8,2024
2024-08-08,2802.1,0.0,1345232.86616,45530.02572,1757.80909,0.0,124490.11714,189777.97845,6855.9384,14357.844636,49490.57718,147290.87786,117.18693,64985405.0,3,8,2024
2024-08-09,3643.1,0.0,1399207.94093,58898.81488,1705.8461399999999,0.0,123079.56092,184620.609943,6758.09782,13257.540719,51905.09944,149130.43338,138.4491625347222,64129864.0,4,8,2024
2024-08-10,1068.2,0.0,1307897.99067,48157.930889999996,1831.9172,0.0,118854.1789,146334.560708,5830.28428,15334.695222,43757.63704,144011.34328,109.61542024305555,59520658.0,5,8,2024
2024-08-11,255.2,0.0,1324242.57668,36181.42362,1800.71059,0.0,129402.12861,109591.393637,6355.34747,16803.712338,46402.731999999996,103970.90912,118.22240777777778,60431593.0,6,8,2024
2024-08-12,2815.5,0.0,1355414.59191,54519.73283,1736.11121,1220.00886,172708.05247999998,62208.614791,2188.43612,15770.355883,49389.3019,103301.35737,164.53791697916668,67826980.0,0,8,2024
2024-08-13,2147.8,0.0,1403161.96739,35414.87376,1725.5952,0.0,196015.23045,87698.379799,970.82238,15860.569957,41104.55214,140694.92324,143.69301184027776,67401430.0,1,8,2024
2024-08-14,2895.6,0.0,1393298.40836,60953.59321,1938.48434,0.0,175786.10984,142547.441305,2838.99917,15398.29011,51608.36692,77453.8646,136.66260725694443,64789851.0,2,8,2024
2024-08-15,3916.7999999999997,0.0,1321541.37799,62680.31513,1964.05681,0.0,180401.60686,197910.158141,5572.18771,15349.098469,52746.76435,23549.88691,106.1237671875,63800362.0,3,8,2024
2024-08-16,3916.7999999999997,0.0,1316919.71879,59153.7678,1763.2756,0.0,173039.94925,195380.246129,6017.93451,15518.718557,48679.04941,19382.88814,115.46046559027779,62632503.0,4,8,2024
2024-08-17,544.0,0.0,1221738.6216,18633.38488,1436.31612,0.0,129791.46287,148783.13823,8477.13546,14742.09483,49887.75942,86004.15395,58.988941493055556,57214543.0,5,8,2024
2024-08-18,0.0,0.0,1214512.50679,36523.8919,1711.07401,0.0,146045.4608,142342.505004,8532.74407,15935.708461,57139.10675,90672.58341,84.76771770833334,56227505.0,6,8,2024
2024-08-19,2042.4,0.0,1245530.17756,52188.60513,1565.88222,1175.97472,155262.12184,224343.534518,8668.38078,16104.23065,52693.41186,97906.79796,82.76236649305555,62207218.0,0,8,2024
2024-08-20,3269.9,0.0,1254744.66795,32911.22223,1616.5438,0.0,125324.89686,223766.18203,7861.58108,16051.721531,44941.07696,149858.01739,74.41035305555556,63844728.0,1,8,2024
2024-08-21,3427.4,0.0,1197643.5972,34365.273890000004,1568.1814,0.0,102280.67448,209651.413659,7819.72087,15977.332606,46836.62182,116701.33895,66.8466275,62189109.0,2,8,2024
2024-08-22,3335.900001,0.0,1317449.38026,40686.72312,1693.1306700000002,0.0,104601.73115,204510.006711,7248.5697,15476.430774,50391.65429,108293.16517,67.22312784722222,61417995.0,3,8,2024
2024-08-23,3262.4,0.0,1298283.80254,29592.70676,2017.17922,233.23603,88900.64492,247074.435062,8043.4052599999995,16111.761056,52344.54433,79932.67615,63.3735159375,61726951.0,4,8,2024
2024-08-24,2747.8,0.0,1225995.84583,26139.4726,1480.24373,0.0,24174.91399,157772.15150900002,7895.63239,16778.649793,45254.78446,107969.36822,36.38528628472222,56914538.0,5,8,2024
2024-08-25,741.3,0.0,1265488.83691,5308.57518,1800.46507,0.0,18071.2778,180838.685545,7342.56933,16186.289415,50378.51182,96074.35061000001,49.088971631944446,56675528.0,6,8,2024
2024-08-26,3683.1,0.0,1267671.24967,13724.44677,1620.0404800000001,0.0,93896.51217,218985.735749,6881.77726,13974.721414,45003.78448,80210.16557,48.55511371527778,62434356.0,0,8,2024
2024-08-27,3448.8,2858.600297,1306533.45493,14091.06153,2308.3917,0.0,39271.65562,207243.128187,6663.0841900000005,13296.215994,45533.88936,63370.0968,82.14812368055556,62446992.0,1,8,2024
2024-08-28,3893.399999,2769.893277,1260179.87602,3799.94459,1748.7320200000001,0.0,66254.31142,167485.767603,8062.16081,12258.523138,41288.18688,99920.78384,40.10050854166666,62815531.0,2,8,2024
2024-08-29,3803.800001,1014.282258,1327064.82359,13566.935239999999,1836.57243,0.0,54260.34946,217886.1377,6898.47418,16033.846766999999,49995.61682,53147.3791,83.09069493055556,62377821.0,3,8,2024
2024-08-30,3926.100002,2851.024291,1303930.41927,6721.448649999999,981.8308599999999,0.0,53452.97484,206766.896378,8317.36641,16430.002354,54924.00411,56701.94201,48.09390802083333,61721817.0,4,8,2024
2024-08-31,483.3,2840.617277,1302960.88461,10908.78055,977.1446400000001,0.0,64668.60824,131332.389809,8635.92651,16368.914892,63152.229139999996,74715.80285000001,33.76810940972222,60004100.0,5,8,2024
2024-09-01,0.0,2853.7382860000002,1304932.30917,9787.55449,799.03345,0.0,71318.51097,129246.419212,8123.30514,15546.683592,55097.421949999996,90584.83108,35.399625729166665,58899398.0,6,9,2024
2024-09-02,0.0,2764.255299,1252320.63951,16910.59994,807.2071000000001,0.0,83154.58295,179385.66509,8459.41468,12945.498733,56556.4417,113970.53968,24.331478923611115,63284904.0,0,9,2024
2024-09-03,3542.9,2843.849302,1218782.6904,20655.11071,1350.54616,0.0,93584.90176,126648.028901,9317.98906,9581.587441,48649.50927,155619.34301,25.679870138888887,58822643.0,1,9,2024
2024-09-04,4108.8,2868.938296,1259469.59061,5625.9541500000005,1462.39085,0.0,102965.96188999999,150340.932802,9070.63218,11324.81593,46983.261790000004,167251.03537,28.308089201388885,61077504.0,2,9,2024
2024-09-05,4020.6999960000003,1687.36824,1228965.0953,3155.4269,1653.3090599999998,0.0,81116.94497,174177.90353399998,8181.5799799999995,14411.882167,47667.48159,137985.61056,33.065745451388885,59764842.0,3,9,2024
2024-09-06,3981.9,0.0,1221168.2529,310.3488,837.65663,0.0,77720.20445,192433.608058,9071.12968,13179.931031,43965.786720000004,129363.92068,31.186907395833334,58711752.0,4,9,2024
2024-09-07,3829.799993,1305.355171,1221389.45413,310.3488,1486.59224,791.0060900000001,76962.63997,164652.412538,8639.03551,11373.378537,48683.11415,79308.41683,33.08953697916667,54954531.0,5,9,2024
2024-09-08,4102.800008,2849.331284,1235115.07099,5425.83252,1640.5477700000001,0.0,70799.05858,153781.506606,8498.90503,9529.36884,43609.07177,57075.76044,90.34835059027778,54902642.0,6,9,2024
2024-09-09,4602.899968,2843.120289,1269704.79146,12704.90654,1480.11894,0.0,74011.21575999999,236506.706348,7880.38111,10865.474602,43937.18935,67401.90064,57.99568447916667,60313970.0,0,9,2024
2024-09-10,3865.5,2846.255295,1317637.62444,18075.04467,1622.45523,0.0,74303.53216999999,243352.364566,7223.91707,13422.502392,42902.33189,96908.59178,72.26426520833333,61931893.0,1,9,2024
2024-09-11,4003.500001,2866.148285,1357296.15763,5252.1169,1674.6276500000001,0.0,75145.95071,202477.819016,5082.71629,12326.143733,39188.50433,135129.55115,54.599931076388884,62031076.0,2,9,2024
2024-09-12,3720.200001,2803.584291,1320041.11851,11487.99885,1605.4852899999998,0.0,94254.88228,152328.742858,3271.55465,13388.004077,43098.3568,110623.63185,49.01861315972223,61336659.0,3,9,2024
2024-09-13,3745.7,2845.546287,1223415.08341,8783.56994,1375.3604,117.32385,98319.56629999999,170244.884944,8033.89911,13551.222432,43791.20182,116405.13139,48.79786541666667,60182318.0,4,9,2024
2024-09-14,224.799999,2782.445283,1232213.67645,321.94944,2019.7888200000002,0.0,88132.47003,175030.450288,6394.04061,11535.881303,48101.011719999995,132283.40825,29.17538256944444,56500202.0,5,9,2024
2024-09-15,0.0,2875.913292,1270556.17933,12436.85909,1535.5737900000001,0.0,79824.12789999999,150737.903729,7774.85026,10574.381224,46050.22425,117139.06772,35.93009194444445,55111596.0,6,9,2024
2024-09-16,3427.2999800000002,2844.885295,1314708.31395,8235.75222,1354.71662,0.0,106857.48037,158597.455933,9176.15227,9410.58747,42479.04677,130147.7668,45.849462048611116,58129577.0,0,9,2024
2024-09-17,4660.199985,2173.128294,1304232.83889,8006.0831100000005,1579.54897,0.0,141241.43551,150957.709959,8980.3889,14349.420909,47075.74175,127839.07918,50.24060802083333,58226826.0,1,9,2024
2024-09-18,3551.900001,1076.11324,1274947.69705,6079.58129,1880.6275600000001,0.0,110287.769,138135.11169299998,8862.49685,14938.136877,48269.6593,97088.29589,38.6226184375,58026535.0,2,9,2024
2024-09-19,3972.1,2678.000289,1306473.79534,11198.01691,1441.35966,1666.9965100000002,86684.44379,121471.968179,5496.23776,14456.651276,41364.43935,73846.4936,42.71363965277778,58971394.0,3,9,2024
2024-09-20,3746.799999,2867.547278,1320320.28647,5824.28121,1436.44307,0.0,119119.77141,194163.377226,8645.38569,13659.439473,48420.40421,21325.6183,39.14116125,58448028.0,4,9,2024
2024-09-21,3344.1,2785.338282,1284770.63755,60.912000000000006,1333.13529,0.0,82457.27994000001,175972.067253,8569.79721,13232.545963,54806.35426,67007.70186,24.328390277777775,55304001.0,5,9,2024
2024-09-22,6.5,2872.780293,1296464.20622,4027.74806,1825.7552600000001,0.0,74964.49853,115545.849176,8580.71478,12687.396754,58554.67665,67764.91481,30.193071805555558,53885516.0,6,9,2024
2024-09-23,3801.300001,2863.279286,1318355.43824,14481.06321,1681.73098,0.0,107929.63312,216798.378153,8990.28829,8932.44417,57528.04931,63810.57208,56.76547284722222,58126848.0,0,9,2024
2024-09-24,3789.600001,2863.592303,1337427.29007,9978.85168,1707.93241,0.0,112988.01577,223735.52206,8581.67917,7332.8016290000005,58355.22675,110475.49068,64.54681746527778,58547427.0,1,9,2024
2024-09-25,3850.5,2701.532276,1289333.56983,4977.6436,1312.3487499999999,0.0,100216.68439000001,190420.759056,8961.49557,6667.127651,50281.3145,122581.27791,42.76301482638888,58650432.0,2,9,2024
2024-09-26,3745.000001,2861.816289,1401593.42403,39708.9252,1639.78172,0.0,148417.07389,171933.153547,3171.98219,6718.063696,36933.27725,77927.3167,93.47887722222221,61374750.0,3,9,2024
2024-09-27,3468.499994,2862.942292,1326970.58354,10863.11966,1841.40209,0.0,154631.86066,222374.23821399998,6444.92396,7396.476605,53831.24944,56211.43962,79.49214680555555,61768565.0,4,9,2024
2024-09-28,0.0,2871.271299,1218375.41323,118.91808,1645.72951,0.0,66080.49063,241388.390913,4579.76653,6907.566148,53336.62439,103583.81253,52.952891180555554,57897748.0,5,9,2024
2024-09-29,0.0,2857.539283,1176609.59066,16675.6566,1832.44329,0.0,84544.52914999999,240064.092777,8134.03224,8522.978486,54813.34438,45438.41414,109.12907697916667,55111586.0,6,9,2024
2024-09-30,2512.9,2853.091287,1230092.51352,19905.98399,1653.04193,0.0,97429.13968,250547.791586,6557.82806,9042.673492,51169.54932,65330.34123,70.40084381944445,60104562.0,0,9,2024
2024-10-01,4262.200047,2862.06328,1161010.29908,13066.39867,1511.72371,1102.0071400000002,89364.99409,244270.451402,8922.38531,12828.896451,57868.656820000004,108308.06151,70.9531801736111,59336540.0,1,10,2024
2024-10-02,4223.000005,2816.853306,1157455.74525,13105.15391,1851.78998,0.0,90801.74167,211547.04163,7636.54926,12324.043971,53929.83936,177266.9528,68.04017003472222,59690509.0,2,10,2024
2024-10-03,3932.999994,1669.404267,1124497.5984,9107.71832,776.60528,0.0,60606.830949999996,236405.905353,9186.17369,9735.906997,56871.91177,171654.45162,49.95377381944444,59172218.0,3,10,2024
2024-10-04,3851.5,2873.4373,1212152.78672,4691.44359,2145.03407,0.0,49960.40449,204149.103079,9430.97689,10806.68,57309.08433,104044.97942,43.06256052083333,56984175.0,4,10,2024
2024-10-05,3869.500001,2850.099291,1157184.71237,4661.95569,1316.1746699999999,0.0,44513.51377,149819.303142,8509.25908,6916.692005999999,57659.42183,102770.1207,32.83775506944445,55339675.0,5,10,2024
2024-10-06,3901.600035,2874.083292,1108060.87963,13944.18067,1645.10226,0.0,81580.8836,117403.072848,8166.21395,8544.500008,51909.131850000005,61676.3285,59.87093586805555,57352998.0,6,10,2024
2024-10-07,4008.0000170000003,2868.793319,1168433.8257,14738.6622,1935.5364,0.0,89737.49703,184805.99349,8639.79839,7813.000011,54727.69186,56129.50437,87.94826930555554,58963654.0,0,10,2024
2024-10-08,3839.5,2820.665297,1269179.74726,17465.97395,2005.1364,1602.9827599999999,110998.2619,243404.900253,6387.96944,6062.699984,47171.54703,78049.09813,117.05504850694444,64378293.0,1,10,2024
2024-10-09,1917.5,2857.290288,1284562.8481,17755.8096,732.98592,0.0,118825.77449,221067.59011,6164.24567,6839.566989,51383.49935,128231.0549,108.97687711805555,63427827.0,2,10,2024
2024-10-10,4121.000007,2865.681293,1253352.22277,16190.39464,2323.8937300000002,0.0,108211.14519,240560.141329,8627.10462,9727.773011,51136.58183,104921.67674,87.8631992013889,61750483.0,3,10,2024
2024-10-11,3938.499995,1829.022214,1225008.12909,11953.65456,1433.10337,0.0,88335.87132,189884.037841,7461.705459999999,11257.379061,62870.38908,99435.98733,100.83604197916667,59163206.0,4,10,2024
2024-10-12,1760.299998,2400.175246,1193465.24927,16305.70958,1218.77576,0.0,69801.30587,148167.746287,8631.7271,12074.03004,57689.57683,89469.82169,65.2139798263889,55145026.0,5,10,2024
2024-10-13,0.0,2867.060275,1207139.53141,5230.846399999999,1457.04658,0.0,61215.05668,189963.211813,7713.109530000001,13055.952013,50824.33687,160109.1079,36.22240222222222,55837982.0,6,10,2024
2024-10-14,0.0,2870.8062959999997,1307077.06227,21312.5131,2009.71052,0.0,83009.30394,136885.922911,5022.76976,13351.08201,53507.29935,121565.79441,82.92050590277778,60216800.0,0,10,2024
2024-10-15,0.0,2766.543297,1310303.13597,16241.063769999999,1902.15006,0.0,87570.19814,181941.03957999998,8035.43848,12122.636994,52934.30433,100803.20279,72.18569177083333,60183048.0,1,10,2024
2024-10-16,2886.4,2850.124285,1283193.04732,8983.68484,2207.6618200000003,0.0,78321.98835,212825.400838,5907.17436,12117.347017,52580.84938,151725.49584,36.34754538194445,61242217.0,2,10,2024
2024-10-17,3063.400001,2630.181291,1276716.16533,13229.44079,2763.67863,0.0,85517.10839000001,173224.14943,9091.63459,12844.743031,59898.19679,108449.71612,48.73297184027778,60801912.0,3,10,2024
2024-10-18,4286.800017,422.572157,1278189.66092,9034.13265,2605.66825,0.0,85577.63325,203266.617313,6058.33048,13580.388991,55194.05922,125043.18269,51.24856725694445,61956218.0,4,10,2024
2024-10-19,3390.000007,1429.654173,1226974.01351,5012.22508,3073.99987,0.0,98325.63984,209795.084574,8464.125250000001,12810.45399,53125.86433,128364.56475,48.95000572916667,61491705.0,5,10,2024
2024-10-20,4130.500017,2655.244303,1180816.90351,37.70496,2744.1929,0.0,74368.35024,272993.797698,8912.5584,12075.713002,52579.12691,81355.89621,39.880052604166664,57281822.0,6,10,2024
2024-10-21,4087.699998,2865.175291,1228148.3561,18895.98042,2939.79506,0.0,80637.88856,278899.294438,8020.73983,12253.242986,60641.84421,73490.56015,81.21714788194444,60609950.0,0,10,2024
2024-10-22,3731.6,2855.57429,1268864.47786,14385.66425,2605.37939,0.0,96837.85897999999,245579.795735,7990.19786,11694.316983,54207.02928,70077.26731,73.83557756944445,60594465.0,1,10,2024
2024-10-23,3858.7,2861.695295,1308335.1722600001,35866.24989,2966.48005,2107.00278,104999.22486999999,281268.979843,9498.16151,12271.999996999999,53042.57935,52015.24445,178.1450106944444,62266372.0,2,10,2024
2024-10-24,3865.4,2663.034262,1356544.3334599999,29854.27411,4027.82332,5961.78805,110264.08851,239816.035071,6921.70287,11194.734989,47848.39688,68447.52239,88.92135027777778,65536166.0,3,10,2024
2024-10-25,4019.4,2867.227306,1245457.73232,21997.44108,2261.20991,0.0,88493.31872,206551.300756,10206.7643,10824.087976,54077.859339999995,89880.41466000001,51.96044850694445,59877189.0,4,10,2024
2024-10-26,3867.7,2857.706294,1231700.50336,19280.66344,3120.22052,0.0,38997.50964,190810.406726,9493.25007,10213.803971000001,55446.31943,88887.32125,48.528813854166664,55925679.0,5,10,2024
2024-10-27,492.4,2850.613316,1222379.7423999999,19238.656750000002,2622.61821,1017.99398,45880.04393,163986.376876,6215.44037,10111.539018,49621.59682,161199.07453,56.08918333333333,56811019.0,6,10,2024
2024-10-28,3926.5,2543.692284,1414091.27567,30318.06421,3164.93853,0.0,90864.89463,170860.796271,3973.63667,9752.209976,53703.35441,71877.49655,97.4103978125,63750407.0,0,10,2024
2024-10-29,2816.2,2874.916307,1270587.36675,27596.56688,2118.06315,0.0,92974.1174,216824.386954,8671.64013,8645.65498,50933.08184,62798.03516,80.70588597222222,60342261.0,1,10,2024
2024-10-30,593.899994,1846.537233,1271531.55311,19550.44302,2282.15174,0.0,79411.76602,239961.381556,9052.49056,8873.179004,49885.61934,121836.58925,61.8001725,61038414.0,2,10,2024
2024-10-31,3881.7,1682.972274,1275442.87032,15208.36612,3931.49042,0.0,102681.54123,231865.229757,7841.5642,9426.002004,54681.92682,127414.76141,68.61280059027779,62513126.0,3,10,2024
2024-11-01,2106.2,2865.9303,1274053.26397,13205.42577,3240.65853,0.0,70961.77054,260001.21089000002,9510.11101,11297.728017,50560.15681,78661.79717,58.914270416666675,62769685.0,4,11,2024
2024-11-02,4119.30001,2828.292283,1127497.91132,4134.80157,3850.9028800000006,0.0,67567.84565,216237.408922,7119.53838,11170.792993000001,53823.90175,151077.09426,42.305345208333335,58945436.0,5,11,2024
2024-11-03,184.999998,2879.5303049999998,1162643.36863,8115.36187,4320.314069999999,0.0,88840.00190999999,183369.228123,7146.22545,11831.563987,44709.61675,143602.39052000002,35.21900541666667,58728024.0,6,11,2024
2024-11-04,45.8,2806.641305,1249749.08095,34943.97333,3498.05503,2906.3676400000004,127288.30451,274397.085113,9148.96768,12448.766011,50763.23164,108123.22109,78.72466677083334,66509429.0,0,11,2024
2024-11-05,3971.999992,2820.492281,1272056.9083,24824.1847,4573.81128,0.0,116214.45251,297679.638525,8385.69806,13888.671959,49432.76177,129526.02793,79.92786447916667,67186194.0,1,11,2024
2024-11-06,3783.299999,2670.871279,1286796.1618000001,35691.25524,4647.91595,10550.5195,134645.14129,292197.135776,9020.34384,13711.049019,44183.68947,105535.58934,108.49500003472222,67183894.0,2,11,2024
2024-11-07,3845.6,2847.032294,1399466.39886,63890.60278,5036.39635,13281.852030000002,156190.6177,261100.46411,1218.44082,14643.667957,47729.974220000004,82219.97546,1597.5290017708332,69785003.0,3,11,2024
2024-11-08,3837.5,2851.733294,1462401.83575,45885.21998,5235.410669999999,10435.25783,171458.44524,212345.047484,3672.1016799999998,14288.364777,50825.041750000004,42364.86835,238.9296672222222,73073304.0,4,11,2024
2024-11-09,3616.0000019999998,2831.228278,1279850.3601,24851.43628,5340.12206,0.0,112005.34835,285372.56325,7942.31153,12805.131986,48973.65931,117805.42056,96.6564271875,66197085.0,5,11,2024
2024-11-10,3842.5,2865.403297,1277498.66945,22444.99362,4698.76881,0.0,81196.63105,287113.264282,5523.04956,12528.637013,39838.00196,116467.61288,98.81334586805555,64984600.0,6,11,2024
2024-11-11,3833.0,2756.020214,1381619.30449,49436.805309999996,3555.9483,8927.13572,143260.52583,246591.044844,6081.97802,12758.985981,49404.056730000004,111796.44086,239.47275347222225,69318625.0,0,11,2024
2024-11-12,4328.600007,2883.2,1455773.89803,45650.84872,3136.5358,2228.00312,184931.39247,180711.1867,3510.09872,14447.897984,47700.651959999996,73590.76279000001,250.87852569444445,69500462.0,1,11,2024
2024-11-13,3319.699992,2871.4,1404935.41358,51599.953610000004,3133.02604,0.0,170723.15153,213528.96169,6504.0607,13754.706019000001,43668.72935,76567.35253999999,126.57352677083333,69224495.0,2,11,2024
2024-11-14,1409.399997,2860.2,1324455.59561,42340.65709,3083.75569,0.0,148044.3388,262964.096342,7335.29938,12015.375055,48255.52423,64663.42873,117.20451159722222,68450473.0,3,11,2024
2024-11-15,4205.900009,2823.4,1269109.29972,34727.55521,3758.55417,0.0,126085.24687,239257.899293,6270.05286,12468.307997,52144.08926,126136.6843,139.12119284722223,66458092.0,4,11,2024
2024-11-16,0.0,2846.0,1129423.00587,12980.16187,5049.0107499999995,0.0,91326.02969,265818.223894,6437.45659,12225.043996,42549.97437,112794.70424,106.98694847222221,60797507.0,5,11,2024
2024-11-17,0.0,2814.7,1099448.10705,30083.92466,4655.18823,0.0,91298.21286,209080.825372,5766.81056,13299.181994,39284.61192,160496.59113000002,60.261197777777774,59084927.0,6,11,2024
2024-11-18,3057.999996,2838.5,1238382.10748,57956.3278,3551.8568,7685.03377,148255.70863,225841.344284,7276.43211,14156.995021,44502.9195,96749.29834,247.700945625,65796400.0,0,11,2024
2024-11-19,3733.400001,2107.5,1263573.43882,37534.44945,5613.79854,0.0,222580.62116,145399.323529,1685.62594,14544.974001,35266.78469,97838.12048,148.54541309027778,67360322.0,1,11,2024
2024-11-20,4677.900014,2877.8,1271512.91406,15261.26787,3883.3613,0.0,135850.9142,110366.956811,1979.67892,12812.928974,31319.857190000002,162803.86631,160.30407871527777,66719447.0,2,11,2024
2024-11-21,4511.399985,2124.3,1268373.61591,26002.88939,4317.48812,0.0,139606.4668,132423.139646,4618.41552,12637.867919,52795.23438,133331.53403,149.10430034722222,64590814.0,3,11,2024
2024-11-22,4442.800014,1346.8,1287482.13537,29330.26959,4639.28158,0.0,192914.76871,201929.363163,6076.14989,12255.905006,42845.88437,133840.9799,191.96934572916666,63078588.0,4,11,2024
2024-11-23,4207.9000049999995,58.4,1161446.40546,24087.51325,4900.078030000001,0.0,144757.68703,263747.498709,7679.9313,10485.19298,43670.5343,137426.96406,72.14597510416665,56309289.0,5,11,2024
2024-11-24,4554.300011,0.0,1157608.84112,25372.60049,4796.16698,0.0,127036.46133,246707.665703,8089.11888,9051.699987,30317.52201,136088.5102,76.14919718750001,55983167.0,6,11,2024
2024-11-25,5157.099994,1251.6,1200528.78129,41346.72506,4480.52126,4736.90653,155502.1424,300342.804123,8069.56961,9986.334017,39774.52445,126597.35975,118.34438913194442,60724459.0,0,11,2024
2024-11-26,4803.599985,2856.2,1315634.10125,33455.24801,7528.4087899999995,7832.26424,183487.21898,308971.035679,8875.79527,11267.897002,30836.514730000003,131247.39803,117.32075670138887,62931428.0,1,11,2024
2024-11-27,4419.300001,2831.6,1457586.5238,44006.88645,9928.51346,12193.205689999999,180490.67859,208251.274051,3107.3343999999997,11453.380002,29691.96465,101325.22769,122.70809701208513,67813223.0,2,11,2024
2024-11-28,4076.599988,2804.0,1558323.60579,42190.938429999995,6075.5276,8823.28739,237176.73367000002,263478.64203,7229.20968,9032.699990000001,34475.83469,75406.82146,137.71313406250002,70709321.0,3,11,2024
2024-11-29,2818.200003,2680.7,1519266.12297,35807.73358,7577.41737,0.0,213059.03894,206102.89077,6086.25155,11126.130012,31572.25982,85989.73196,146.7362469097222,70183557.0,4,11,2024
2024-11-30,1157.899996,2868.9,1587245.95423,12721.265440000001,11184.922489999999,0.0,168977.92179,118786.696314,1881.05055,13480.266994000001,34864.07715,56747.51557,158.31814118055556,67356897.0,5,11,2024
2024-12-01,3803.500004,2845.7,1474274.43002,8539.98746,9325.70896,0.0,110026.1062,237438.720358,7423.1373699999995,14932.410004,44840.06677,35922.579020000005,125.85711708333334,67067973.0,6,12,2024
2024-12-02,4317.800016,2856.0,1459135.8137100001,46336.360440000004,8147.7636999999995,7718.65977,183384.6099,280558.675953,7840.6138599999995,14304.690936,42350.912000000004,60240.31015,575.1429922916666,72181969.0,0,12,2024
2024-12-03,4431.7,2873.6,1518568.48379,53980.5084,8413.81897,2751.21229,213868.22711,166801.297483,5175.47518,13135.181999,45406.89186,63681.4132,161.83954395833334,72830933.0,1,12,2024
2024-12-04,3733.499982,2858.1,1516306.05578,21541.16005,6653.94261,2114.98815,189124.44127,203311.150997,6678.23081,14864.760981,31207.97724,68521.7758,134.61188666666666,74389431.0,2,12,2024
2024-12-05,2827.6,1969.1,1547905.8613,34435.67923,9749.24007,0.0,196258.70532,181059.043611,4496.29424,10668.203999,38917.08707,108155.83278,140.57663715277778,73049826.0,3,12,2024
2024-12-06,50.2,794.7,1487646.57122,31554.80025,8344.7553,2093.0006399999997,135814.75736,315906.619327,8580.07942,12997.287028,49980.26173,99422.8496,115.71036586805555,70617858.0,4,12,2024
2024-12-07,0.0,1542.9,1335367.1098500001,25220.03629,9848.44696,7184.12533,160189.50731000002,273956.083517,7021.22528,13046.271043,55379.79936,59349.485790000006,118.58255989583334,66767190.0,5,12,2024
2024-12-08,1091.800009,1346.3,1332552.5287600001,44043.55595,7457.43298,13822.87415,158850.46951,304375.91272900003,8026.42327,13621.909031000001,55246.66904,58764.57933,196.03371420138888,71229515.0,6,12,2024
2024-12-09,4020.89999,2495.0,1475227.08234,42758.32363,10202.59226,13701.18165,229059.30557,271606.586672,6611.74113,12846.05304,42193.2845,67227.50101,176.49158413194445,77584378.0,0,12,2024
2024-12-10,3759.2000000000003,1727.4,1489744.39392,55578.43569,6258.00664,7307.5957499999995,251108.64917,171061.967219,2543.35259,13581.827949,34604.09717,35227.42271,148.79098541666667,76925710.0,1,12,2024
2024-12-11,3697.099993,1607.2,1333850.94314,20286.2583,7231.27774,8528.10972,179153.63222,188317.623811,5684.36038,13464.316010999999,49061.789319999996,45490.72969,145.88769861111112,75435352.0,2,12,2024
2024-12-12,1643.699985,979.6,1303749.31349,59107.626529999994,8329.80583,17873.903159999998,188903.67109,238921.05740700001,8725.068000000001,13264.345949,48545.89424,67385.08879,271.1396867013889,72006118.0,3,12,2024
2024-12-13,4666.400006,850.0,1340720.43597,69183.65039,7351.3234999999995,20495.04349,213836.32805,265262.132372,8200.84505,14635.185011,52981.94415,86020.60603,196.32902795138887,72304979.0,4,12,2024
2024-12-14,4099.900003,0.0,1365479.66311,40833.41778,7668.48704,0.0,189147.59039,282978.189297,7546.78046,15767.684986,50378.41439,67594.40147,174.26801305555554,70866150.0,5,12,2024
2024-12-15,4152.3,0.0,1304592.76208,23685.50614,8299.89314,2880.02385,134876.38664,283628.408462,6929.97618,13859.493038,56020.45431,81817.46477,150.3893454513889,69797498.0,6,12,2024
2024-12-16,4186.899984,0.0,1384763.57135,52849.16058,8783.67732,13867.20362,174244.85016,218213.191774,5104.58949,13387.251992,44468.74709,132987.5491,171.20896194444444,73706021.0,0,12,2024
2024-12-17,4036.799997,0.0,1437370.9091100001,67570.00504,9154.79298,25653.37498,235458.91277,187886.29722500002,4729.46095,12901.695001,49162.48449,90097.95111000001,179.28838545138888,75705198.0,1,12,2024
2024-12-18,4081.899999,0.0,1443844.90046,44013.3156,10015.865020000001,0.0,223131.70207,159975.118239,6555.96803,12102.017967,31530.60977,56386.68443,189.74254788194443,75286990.0,2,12,2024
2024-12-19,2631.700009,0.0,1262228.63713,58.00896,7048.26276,0.0,109217.92362,194144.663781,8210.38915,13083.140989,44896.97452,105003.20952,74.48735791666667,66737159.0,3,12,2024
2024-12-20,0.0,0.0,1260043.29094,58.00896,6696.06407,0.0,131652.89707,218026.614825,8526.42429,13420.950959,62553.52411,77053.62353,92.63443704861112,64030361.0,4,12,2024
2024-12-21,839.1,0.0,1233575.14915,5835.73138,9022.18498,0.0,118745.84617,241289.940408,7721.02188,13517.894985,65792.50903,54544.34194,87.45814065972222,62366490.0,5,12,2024
2024-12-22,3465.900001,0.0,1254681.88383,8613.67507,8822.21234,0.0,101683.07716,251902.871741,8085.92802,15166.082038,57671.24932,57030.66047,67.21312222222222,63287743.0,6,12,2024
2024-12-23,4048.600007,0.0,1298843.80746,13867.11097,8618.25622,0.0,128157.47493,246650.486785,8757.49448,14272.842073,60489.504120000005,61505.98292,67.80452815972222,71002186.0,0,12,2024
2024-12-24,4092.799981,0.0,1342934.4501,43.50528,7955.7193,0.0,86639.67991,277353.61877,9428.26593,13980.279005,64489.05911,73621.45789,34.63844291666667,65605999.0,1,12,2024
2024-12-25,1254.900001,0.0,1294144.25692,43.50528,7010.46216,0.0,54176.30422,198537.378459,8875.37722,15094.400904,64863.044180000004,96161.67549,30.599323055555555,56043182.0,2,12,2024
2024-12-26,0.0,0.0,1285901.32722,43.50528,6643.75691,0.0,59897.03146,219160.984575,8850.81368,14204.727993,61320.03417,101868.03365,27.597122291666665,58180172.0,3,12,2024
2024-12-27,1308.599999,0.0,1365005.82519,7718.846320000001,8691.565489999999,0.0,106270.70290999999,250078.820149,8702.69731,13777.32403,58224.98921,85714.32387000001,49.93562753472222,65669489.0,4,12,2024
2024-12-28,4116.399984,0.0,1421581.85593,20766.24693,8223.89139,0.0,113434.15101999999,236354.863453,7693.64305,14134.877948,59023.076720000005,35921.72648,68.32821791666667,73604886.0,5,12,2024
2024-12-29,4038.100017,0.0,1422846.17313,5415.16569,5887.778499999999,0.0,110527.28,242358.000046,8061.87471,12701.551997,59689.44668,51134.07099,42.76476607638889,73327273.0,6,12,2024
2024-12-30,4547.100021,0.0,1479513.4509100001,58.00896,6682.86862,0.0,124194.7203,207360.21926399998,4180.79915,13182.236973000001,48623.01935,71966.49506,80.09670909722223,71893970.0,0,12,2024
2024-12-31,2739.599999,0.0,1470507.10482,58.00896,7832.22306,0.0,76888.95621,294014.527787,7684.54192,13327.053995,58869.26929,54638.22027,72.2853246875,69190193.0,1,12,2024
